channel_name,channel_id,category,is_private,is_archived,member_count,has_messages,days_since_last_message,last_message_date,created_date,days_old,pinned_count,warned_at,archive_scheduled_for,saved_by_reaction,warning_status,reactions_found,topic,purpose
announcements,C04QVKV08,active,False,False,81011,True,2,2025-11-15T18:00:04.331809,2015-05-12T17:15:18,3842,0,,,False,,,MacAdmins.org admins will post announcements about this Slack team in this channel.,MacAdmins.org admins will post announcements about this Slack team in this channel.
jamfnation,C04QVP86E,active,False,False,20793,True,0,2025-11-18T16:22:30.934149,2015-05-12T17:21:40,3842,0,,,False,,,Current version: Jamf Pro 11.22.1 <https://community.jamf.com/release-announcements-177/jamf-pro-11-22-1-now-available-56829> | Release Notes: <https://learn.jamf.com/en-US/bundle/jamf-pro-release-notes-11.22.1/page/New_Features_and_Enhancements.html>,"General discussion for Jamf products, with a focus on Jamf Pro. Browse the channel viewer for other <#C0CHFSAB1|>- related channels. :jamf:"
munki,C04QVPFGU,active,False,False,5239,True,3,2025-11-14T21:25:34.647649,2015-05-12T17:22:01,3842,0,,,False,,,New to Munki? Read this first <https://github.com/munki/munki/wiki/FAQ> then this: <https://github.com/munki/munki/wiki/Troubleshooting>. Searching the wiki? <https://github.com/munki/munki/wiki#searching-the-wiki>,All things munki
puppies,C04RJV6Q7,active,False,False,63,True,32,2025-10-16T19:02:46.548259,2015-05-12T18:54:18,3842,0,,,False,,,For pictures of dogs. Because dogs.,
lanrev,C050QSWUE,active,False,False,184,True,10,2025-11-07T21:15:26.036669,2015-05-23T20:44:36,3831,0,,,False,,,Get help with LANrev from Ivanti <https://forums.ivanti.com/s/article/LANrev-Downloads> | Current version 7.4.5 | EOL 9/30/19,Get help with LANrev from HEAT Software
cascadia,C0533K6HC,active,False,False,499,True,0,2025-11-17T22:37:40.923029,2015-05-29T03:03:43,3826,0,,,False,,,"Rain &amp; coffee &amp; salmon &amp; weed &amp; Macs and sometimes Canada! Sponsored by The Big Dark.
Zoom Happy Hour, Thursdays, 4 PM until the gods know when
<https://zoom.us/j/99224623705?pwd=SFNWR0U2Q3k4L0h5Tnp4L1dZcVNVQT09>","For Cascadian MacAdmins. This can include WA, OR, ID, BC, maaaaybe far North CA and heck we'll even let you AK folks in"
filewave,C053TS2M7,active,False,False,618,True,7,2025-11-11T15:21:28.458869,2015-05-29T07:33:52,3826,0,,,False,,,"Discuss all things FileWave.  Share development ideas, and see what the FileWave community is up to.  Latest version: 16.2.2","Discuss all things FileWave.  Share development ideas, and see what the FileWave community is up to.  Latest version:  16.2.2"
workspaceone,C053TS6JT,active,False,False,2760,True,0,2025-11-18T15:31:57.659299,2015-05-29T07:34:08,3826,0,,,False,,,"Community knowledge sharing and product feedback!  <https://community.omnissa.com> | Samples:  <https://github.com/euc-oss/euc-samples> | New support portal: <https://customerconnect.omnissa.com/dashboard>
 | TechZone: <https://techzone.omnissa.com>","Community knowledge sharing and product feedback!   If it’s a production outage, please contact Support and/or your TAM!"
blog-feed,C055M2KJ0,active,False,False,1383,True,0,2025-11-18T14:55:42.694299,2015-06-03T19:27:36,3820,0,,,False,,,Use `/feed &lt;link&gt;` to add a blog to this channel. Join <#C4ENKD38A|> to discuss a post.,This channel is intended to act as an RSS feed for Mac Admin blogs.
critters,C055NRWBX,active,False,False,175,True,0,2025-11-18T10:30:30.415429,2015-06-02T19:06:22,3821,0,,,False,,,http://explore.org/live-cams/player/kitten-rescue-cam,KITTENS!!!
deals,C055R0NHB,active,False,False,224,True,11,2025-11-07T14:39:43.553949,2015-06-02T21:18:39,3821,0,,,False,,,Find a good deal? Let's hear about it!,"If you find a good deal that other Mac Admins should know about, post it here!"
esxi,C055RSC70,active,False,False,524,True,210,2025-04-21T19:23:27.551929,2015-06-04T00:42:40,3820,0,2025-11-18T11:00:55.465311,2025-12-18T11:00:55.465311,False,warned,,"VMware ESXi is an enterprise-class hypervisor developed by VMware for deploying and serving virtual computers.  This channel is for discussing server builds, vm’s and troubleshooting. Great starting point: <https://www.virtuallyghetto.com/apple>",
london,C0560V3BQ,active,False,False,950,True,0,2025-11-18T15:02:41.457289,2015-06-04T13:57:18,3820,0,,,False,,,:gb: ,Home of the London Apple Admins community - all are welcome! You should read this ... <https://soundmacguy.wordpress.com/2018/06/29/good-moaning-london/>  <https://www.londonappleadmins.org.uk>
autopkg,C056155B4,active,False,False,5149,True,0,2025-11-18T14:21:52.935239,2015-06-04T14:09:35,3820,0,,,False,,,AutoPkg/AutoPkgr discussion/support. • Trust warnings: <https://tinyurl.com/trust-tldr> • AutoPkgr issues:  <https://tinyurl.com/AutoPkgr-ts> • Recipe search: <https://autopkgweb.com>,AutoPkg/AutoPkgr discussion/support. • Trust warnings: <https://tinyurl.com/trust-tldr> • AutoPkgr issues:  <https://tinyurl.com/AutoPkgr-ts> • Recipe search: <https://autopkgweb.com>
dc,C05630P3P,active,False,False,241,True,4,2025-11-14T14:25:36.538979,2015-06-03T13:41:35,3821,0,,,False,,,,"Next Meetup: Wednesday Sept 4th, 2024, 5pm Eastern!"
sports,C0568DQQM,active,False,False,75,True,1,2025-11-16T19:34:04.878659,2015-06-03T19:03:55,3820,0,,,False,,,General Sportsball chat,Friendly banter about sports things.
gaming,C056AMTNB,active,False,False,567,True,0,2025-11-18T14:56:33.197859,2015-06-03T21:19:51,3820,0,,,False,,,New sub channel <#C881JT3V2|>,GPU Chat
anzmac,C056D28L1,active,False,False,1068,True,0,2025-11-18T06:25:17.856309,2015-06-03T23:52:37,3820,0,,,False,,,"Happy Hour Thursday 5pm AEST :point_right: <https://jamf.it/anzmac>
It’s Australian and NZ for Fruit, except on Fridays when it’s mainly puns (and pet photos)","Happy Hour Thursday 5pm AEDST :point_right: <http://link.smithjw.me/happyhour> (passcode is anzmac)
It’s Australian and NZ for Fruit, except on Fridays when it’s mainly puns (and pet photos)"
deploystudio,C056NV03Z,active,False,False,1058,True,13,2025-11-05T12:05:56.834829,2015-06-04T14:09:12,3820,0,,,False,,,"DeployStudio 1.7.8 - supports 10.7 through 10.13.3 (capturing APFS volumes is not supported)

v1.7.11 (beta) (64-bit only &amp; Si)

When in doubt, create a new NBI from newest OS version.

Related Projects:
<https://github.com/MagerValp/AutoDSNBI>",DeployStudio discussion and support
python,C056UTQ3M,active,False,False,2415,True,2,2025-11-15T21:38:07.213819,2015-06-04T20:00:54,3819,0,,,False,,,"Python 2 was removed from macOS with the release of macOS 12.3. Act then (and now, I guess).",Learning python or want to? This is the place!
wwdc,C0603USTF,active,False,False,977,True,0,2025-11-18T11:04:54.328439,2015-06-05T01:27:09,3819,0,2025-11-18T11:04:54.404833,2025-12-18T11:04:54.404833,False,warned,,"WorldWide Developers Conference (WWDC25) June 9-13
<https://developer.apple.com/wwdc25/>",
watchmanmonitoring,C0608CXEC,active,False,False,517,True,0,2025-11-17T19:08:36.171049,2015-06-05T04:43:46,3819,0,,,False,,,Visit <https://support.watchmanmonitoring.com> for resolution to specific problems or questions.,<https://support.watchmanmonitoring.com>
windows,C060CA8NS,active,False,False,2149,True,1,2025-11-17T10:45:25.299469,2015-06-05T08:08:51,3819,0,,,False,,,"Windows Admins: <https://discord.com/invite/winadmins>.  Windows 10 EOL: October 14, 2025. ","For discussion of Windows administration, deployment, support and management."
macadminsfr,C060F15FT,active,False,False,477,True,0,2025-11-18T14:54:42.775079,2015-06-05T10:02:45,3819,0,,,False,,,Bienvenue aux francophones :flag-be: :flag-ca: :flag-ch: :flag-fr: -- invitez vos copains sur <http://MacAdmins.org> !,For french-speaking MacAdmins !
switzerland,C060F1MRC,active,False,False,185,True,2,2025-11-16T10:43:19.344359,2015-06-05T10:02:22,3819,0,,,False,,,":flag-ch: Switzerland-based MacAdmins – next meeting TBD.

Any language welcome, but Swiss German will incur the wrath of <@U06CV49AB>.","For MacAdmins in Switzerland ! 

Please find all meetup dates for 2018 on our calendar: <https://www.calendartree.com/_LEY5/-macsysadmin-bier-2018>"
music,C060JBUQZ,active,False,False,194,True,1,2025-11-17T10:40:48.046799,2015-06-05T12:16:58,3819,0,,,False,,,,To share music you are listening to to get you through the day.
beer-n-libations,C060MP509,active,False,False,261,True,3,2025-11-15T01:08:06.879929,2015-06-05T14:25:08,3819,0,,,False,,,,"Discussion for all things beer. Breweries, favorite beers, recipes, etc."
msp-stack,C060NDL8N,active,False,False,858,True,3,2025-11-14T19:14:17.681239,2015-06-05T14:44:50,3819,0,,,False,,,"For discussion of Managed Service Provider apps, tools, techniques, and experiences.","Talk about the collection of apps or services that you're using to create a Managed Services offering. Could include telephony, helpdesk, documentation, scheduling, password management, billing, or accounting."
jobs-chat,C060PU4T1,active,False,False,4428,True,0,2025-11-17T23:03:39.472859,2015-06-05T15:31:57,3819,0,,,False,,,"Discuss <#C0HFC4VHD|> postings here, post openings or that you’re looking for work (with your online resume/linkedin) over there,

Come talk about career issues as well, :thread: as much as possible plz",Talk jobs and jobs advice. Post job openings in <#C0HFC4VHD|>
filevault,C060SPREF,active,False,False,3949,True,7,2025-11-11T06:22:43.700919,2015-06-05T16:54:54,3818,0,,,False,,,"FileVault full-disk encryption uses XTS-AES-128 encryption with a 256-bit key to help prevent unauthorized access to the information on your startup disk. FileVault 1 10.3 Oct 24, 2003 - FileVault 2 10.7 July 20, 2011 - SecureToken 10.13 Sep 25, 2017",Resources and solutions for deploying and managing FileVault.
meetups,C0612FHMX,active,False,False,462,True,0,2025-11-18T13:18:19.839229,2015-06-05T21:55:27,3818,0,,,False,,,Submit your meetup to the <http://MacAdmins.org|MacAdmins.org> Podcast via pull request: <https://github.com/tbridge/macadminscomcal/>,Keep up to date with Mac Admin Meetups. See also  http://www.macmeetups.com/
apple-gsx,C0619DK0X,active,False,False,1009,True,4,2025-11-14T16:01:30.837679,2015-06-06T02:56:16,3818,0,,,False,,,"""Specializing in artisanal, bespoke IT support for the discerning user."" <@U06RKF2CS>",This channel is for Apple Care GSX website discussion and Apple hardware troubleshooting.
macos,C0619KJQY,active,False,False,13951,True,0,2025-11-18T09:43:05.669199,2015-06-06T03:02:07,3818,0,,,False,,,"Latest macOS versions are found in the <#C076ZSMDDLP|>, <#CH8LPK7KP|>, <#C03K5RQ6H7S|>, and <#CK38R7KPS|> channels. Interested in beta releases? See <#C9C47G4LU|>",General discussion about macOS.
sal,C061B9XGS,active,False,False,336,True,7,2025-11-11T16:20:45.185349,2015-06-06T05:24:47,3818,0,,,False,,,"<https://github.com/salopensource/sal> Scripts Stable: 4.9.0, Server: 4.4.1 <https://github.com/salopensource/sal/pkgs/container/sal>","All Sal, all the time. https://github.com/salopensource/sal"
philly,C061J8BMJ,active,False,False,293,True,0,2025-11-18T13:25:04.607449,2015-06-06T17:01:56,3817,0,,,False,,,November meetup: <https://www.eventbrite.com/e/november-2025-meetup-tickets-1964564228492?aff=ebdsoporgprofile>,"For Philly and Delaware Valley admins. <http://phillymacadmins.com>

Mastodon: <https://mastodon.social/@phillymacadmins>"
macsysadminconf,C061LT1MY,active,False,False,982,True,1,2025-11-17T12:17:36.674179,2015-06-06T20:04:53,3817,0,,,False,,,"Talk about the MacSysAdmin Conference: September 30 - October 3, 2025 - <https://www.macsysadmin.se>
<https://www.youtube.com/@MacSysAdminConference>","The conference may be a single week each year, but the discussions can continue here year-round!"
texas,C06231UUE,active,False,False,176,True,188,2025-05-14T15:40:07.498359,2015-06-07T21:50:54,3816,0,2025-11-18T11:04:23.356663,2025-12-18T11:04:23.356663,False,warned,,"Texas Apple Admins Network | Virtual Meetup, March 30 @ noon: <https://houstonappleadmins.org/Mar2021-TexasAppleAdminsVirtual/>",Texas-based macadmin/appleadmin/iOSadmin/etc. folks
macwomen,C063D6PT5,active,False,False,192,True,20,2025-10-29T14:34:13.796679,2015-06-08T20:54:17,3815,0,,,False,,,"we've created a new room with a little more privacy. Ping <@U056TRFC7>,   <@U04U0P99Q>, <@U055KT2ML>, or <@U1LVD6605> and we'll get you in right away.",For anyone who identifies as female and works with macs
adobe,C0653D6F9,active,False,False,4384,True,0,2025-11-17T22:05:17.730579,2015-06-09T22:08:13,3814,0,,,False,,,Please send constructive feedback to <mailto:saumehta@adobe.com|saumehta@adobe.com>.,Need help installing Adobe products?   Yes you do!  Stop in for advice or lend a hand with your expertise!
networknerdery,C0658BP5K,active,False,False,1782,True,3,2025-11-14T19:36:18.079359,2015-06-10T00:14:44,3814,0,,,False,,,https://reddit.com/r/cableporn,For MacAdmins who are also Network Admins
germany,C065RKW4E,active,False,False,342,True,27,2025-10-22T14:13:22.302119,2015-06-10T10:51:59,3814,0,,,False,,,,for Mac Admins in Germany
docker,C066B1JAX,active,False,False,1000,True,38,2025-10-10T20:32:35.964119,2015-06-10T17:54:11,3813,0,,,False,,,Great collection of all Docker resources: https://github.com/veggiemonk/awesome-docker,"All Docker, all the time."
psumac,C066MCBT2,active,False,False,1452,True,26,2025-10-23T14:51:17.304029,2015-06-10T21:11:03,3813,0,,,False,,,"Save the Date! July 7-10 2026
:gforms: <https://bit.ly/psumac-2025-feedback|2025 Conference Feedback>
:gdocs: <https://bit.ly/psumac2025notes|2025 Notes Folder>
:yt: <https://youtube.com/psumacconf|YouTube Channel>","The MacAdmins Conference at PSU
:psumac: <https://macadmins.psu.edu|macadmins.psu.edu>
:yt: <https://youtube.com/psumacconf|YouTube Channel>
:sched: <https://psumac2025.sched.com|2025 Schedule>
:gdocs: <https://bit.ly/psumac2025notes|2025 Notes>
"
munkireport,C066NK3K5,active,False,False,1391,True,3,2025-11-14T23:47:41.285709,2015-06-10T21:33:34,3813,0,,,False,,,Latest release v5.8.0: <https://github.com/munkireport/munkireport-php/releases/tag/v5.8.0> :bee:,All things munkireport
canada,C067959CK,active,False,False,345,True,2,2025-11-15T19:57:00.278499,2015-06-11T09:04:57,3813,0,,,False,,,:poutine::salute_canada:,All the Canadians!
ruby,C067VRKMY,active,False,False,171,True,17,2025-10-31T18:58:39.550289,2015-06-11T17:13:51,3812,0,,,False,,,The un-snake,Rubyists and those who want to learn Ruby
macbrained,C0681SFGD,active,False,False,246,True,25,2025-10-24T11:15:03.173189,2015-06-11T19:01:29,3812,0,,,False,,,Macbrained General Chat,Macbrained General Announcements and Chat
swift,C0688BNEM,active,False,False,812,True,3,2025-11-14T18:52:34.613899,2015-06-11T21:07:37,3812,0,,,False,,,Swift 5.9 Released -&gt; <https://www.swift.org/blog/swift-5.9-released/> ; <https://www.swift.org/getting-started/> ; <https://www.swift.org/packages/#package-ecosystem>,
printers-n-cups,C069L8WFR,active,False,False,1896,True,0,2025-11-17T17:24:19.687969,2015-06-12T18:49:55,3811,0,,,False,,,"Abandon all hope, ye who enter here.
If looking for support, let us know your print vendor, print server and protocol (smb/lpd/ipp)",because printers are PITAs
great-lakes,C069MPWG7,active,False,False,297,True,36,2025-10-13T15:37:01.374539,2015-06-12T19:19:18,3811,0,,,False,,,<#C09EDC6P9DL|> was just created for all MacAdmins located in Chicago and the surrounding suburbs.,"For Chicago, the Great Lakes region, those familiar with the two seasons of the year (winter and construction), and anyone who knows what the ""lake effect"" is."
macadminsnyc,C06AQ8SQ1,active,False,False,313,True,25,2025-10-24T13:47:13.220419,2015-06-14T13:48:11,3810,0,,,False,,,Hello New Yorkers! Meetup Channel is #macadminmonthly,
open-directory,C06BMLPS7,active,False,False,279,True,242,2025-03-21T03:20:18.004149,2015-06-15T14:43:47,3809,0,2025-11-18T11:03:00.509237,2025-12-18T11:03:00.509237,False,warned,,,troubleshooting Open Directory
ansible,C06G3E39P,active,False,False,734,True,97,2025-08-12T18:12:22.764249,2015-06-18T04:49:54,3806,0,2025-11-18T10:59:44.890851,2025-12-18T10:59:44.890851,False,warned,,http://www.ansible.com,
ios,C06G45B7U,active,False,False,3660,True,0,2025-11-17T17:46:42.755799,2015-06-18T05:20:42,3806,0,,,False,,,"Latest iOS 26.0.1 (23A355) | 18.7.1 (22H31) | 17.7.10 (21H450) | 16.7.12 (?) | 15.8.4 (19H390) | 12.5.7 (16H81)<https://support.apple.com/121161>, <https://support.apple.com/HT213781>,
<https://support.apple.com/kb/HT213407>,...","All things iOS; tips, tricks, tools and insights re the deployment,  integration, and management of iDevices."
macdevopsyvr,C06JB18TZ,active,False,False,566,True,11,2025-11-06T17:10:46.238649,2015-06-19T16:03:51,3805,0,,,False,,,MacDevOpsYVR 2025 | June 11-13 | <http://MDOYVR.com|MDOYVR.com>,MacDevOpsYVR is the annual conference for Mac Admins interested in integrating DevOps into their IT practice. Learn more at <http://MDOYVR.com|MDOYVR.com>
xsan,C06JWSJ6P,active,False,False,264,True,33,2025-10-16T09:23:40.092209,2015-06-19T23:16:03,3804,0,,,False,,,,Discussion of Xsan and related storage technology.
ask-about-this-slack,C06PS0JKA,active,False,False,74869,True,0,2025-11-18T11:10:02.512539,2015-06-24T18:48:33,3799,0,,,False,,,This channel is only for asking for help with how to use this Slack Workspace or for getting help from the Admin Team. See the Code of Conduct at: <https://www.macadmins.org/code-of-conduct>,Got questions for the Slack admin team? Ask them here. Code of Conduct is here: https://github.com/macadminsdotorg/codeofconduct
apple-retail-aa,C06Q8MQN8,active,False,False,508,True,14,2025-11-04T14:21:56.216999,2015-06-25T00:53:18,3799,0,,,False,,,Channel for Apple Retail Alumni,for former apple retail employees
sf-bayarea,C06RA6891,active,False,False,641,True,0,2025-11-17T22:31:55.707449,2015-06-25T17:51:48,3798,0,,,False,,,,For folks that love or hate the Sous Vide
too-many-channels,C06RSTT6E,active,False,False,76,True,152,2025-06-18T19:03:43.022599,2015-06-25T23:29:03,3798,0,2025-11-18T11:04:26.917365,2025-12-18T11:04:26.917365,False,warned,,,Use this channel to complain about how many channels there are.
apple-rumors,C06S30QBC,active,False,False,1103,True,0,2025-11-18T15:37:40.375119,2015-06-26T05:44:12,3798,0,,,False,,,,
puppet,C073PSK34,active,False,False,490,True,88,2025-08-21T19:12:17.722319,2015-07-01T23:57:32,3792,0,,,False,,,,All things Puppet
uk,C074MABUY,active,False,False,273,True,4,2025-11-13T19:29:33.001799,2015-07-02T16:08:14,3792,0,,,False,,,,Channel for UK Apple Admins
wifi,C07D4MGCV,active,False,False,1934,True,7,2025-11-11T14:47:38.545969,2015-07-09T16:47:21,3784,0,,,False,,,"General wifi discussion, there’s also vendor channels like <#C0NHQPS07|>, <#C08F03QKY|>, <#C4Y8D4H6C|>, <#C0QPT3X1T|>, <#C0CTRA96G|> etc.",Dealing with Wi-Fi networking issues related to Macs and iOS devices
osquery,C07DGNRGS,active,False,False,969,True,61,2025-09-18T07:02:29.740449,2015-07-09T20:24:08,3784,0,,,False,,,Official osquery slack signup: <https://join.slack.com/t/osquery/shared_invite/zt-1wipcuc04-DBXmo51zYJKBu3_EP3xZPA>,
thenetherlands,C07DL6QCQ,active,False,False,388,True,0,2025-11-18T13:04:23.592939,2015-07-09T21:38:48,3784,0,,,False,,,Voor alle Nederlandstalige Apple-beheerders,Voor Nederlandse Apple Beheerders
austin,C07F1R56E,active,False,False,389,True,32,2025-10-17T16:01:11.910709,2015-07-10T19:40:55,3783,0,,,False,,,www.austinappleadmins.org | www.twitter.com/austinappleadmn | www.facebook.com/austinappleadmins | www.instagram.com/austinappleadmins | www.linkedin.com/groups/6974270,:tx: Where the loose collective of Austin based  Apple Admins discuss the finer points of keeping Mac Admins weird.
atlassian,C07HS6MMX,active,False,False,1342,True,1,2025-11-17T11:20:01.086839,2015-07-13T19:12:13,3780,0,,,False,,,Atlassian help and assistance from community members and experts,"For the admins and users of Atlassian’s products to collaborate. Join in if you use JIRA, Stash, Confluence and/or HipChat!"
backup,C07KZHQRE,active,False,False,1089,True,35,2025-10-13T21:23:28.923399,2015-07-15T00:22:05,3779,0,,,False,,,,"Discussion of backup solutions, technologies, experiences."
crypt,C07LPS75M,active,False,False,345,True,5,2025-11-12T18:50:53.837549,2015-07-15T12:53:47,3779,0,,,False,,,<https://github.com/grahamgilbert/crypt>,
golang,C07ME1284,active,False,False,262,True,119,2025-07-21T20:23:10.008439,2015-07-15T19:43:33,3778,0,2025-11-18T11:01:14.740999,2025-12-18T11:01:14.740999,False,warned,,,go macadmins
bash,C07MGJ2SD,active,False,False,5100,True,6,2025-11-12T10:59:46.341919,2015-07-15T20:23:58,3778,0,,,False,,,https://developer.apple.com/library/content/documentation/OpenSource/Conceptual/ShellScripting/,For those who still hold strong to the bash way of living
twincities_macadmins,C07MX1G65,active,False,False,270,True,0,2025-11-18T15:52:39.177439,2015-07-16T01:29:11,3778,0,,,False,,,"Minnesota, St. Paul, Minneapolis <https://www.mspmacadmins.org/> Twitter: @mspmacadmns",Welcome Minneapolis/St. Paul area Mac Admins!!
profiles,C07QEM8HG,active,False,False,1818,True,13,2025-11-04T18:28:09.529169,2015-07-17T14:51:04,3777,0,,,False,,,<https://developer.apple.com/business/documentation/Configuration-Profile-Reference.pdf> | <https://mosen.github.io/profiledocs/> | <https://github.com/clburlison/profiles>,"Discussions about creating, using, and troubleshooting management profiles"
aticketjustcamein,C07R9AM0T,active,False,False,1234,True,0,2025-11-17T22:22:09.915839,2015-07-18T00:07:22,3776,0,,,False,,,Group therapy,Share terrible (or delightful) tickets from customers
microsoft-office,C07UZ1X7B,active,False,False,8999,True,1,2025-11-17T15:32:04.756869,2015-07-21T16:24:07,3773,0,,,False,,,The maintainer of <https://macadmins.software> is on sick leave. <https://mofa.cocolabs.dev> is a new clone | Versioning Info: <https://wp.me/p45ACH-J6> | Office Prefs: <https://goo.gl/UC04oZ> | see Pins for more...,<http://macadmins.software> for the latest PKGs | Versioning Info: <https://wp.me/p45ACH-J6> | Office Prefs: <https://goo.gl/UC04oZ> | <https://clburlison.com/demystify-office2016> <http://www.office4mac.com|www.office4mac.com>
hawaii,C07VA05CN,active,False,False,41,True,118,2025-07-22T16:37:04.323849,2015-07-21T19:19:43,3772,0,2025-11-18T11:01:19.695886,2025-12-18T11:01:19.695886,False,warned,,,"People who love Hawaii or live in it, or both."
rochester,C07VC656J,active,False,False,75,True,12,2025-11-06T13:36:46.881079,2015-07-21T19:55:34,3772,0,,,False,,,~Winter~ ~Spring~ Summer is ~coming~ here.,"Organizing MacAdmin folk in Rochester, NY."
finland,C080VBSLR,active,False,False,200,True,0,2025-11-18T13:20:07.138689,2015-07-22T10:37:03,3772,0,,,False,,,http://macadmin.fi/,A room for Finnish MacAdmins.
applescript,C081MFY3A,active,False,False,1835,True,62,2025-09-16T21:41:46.898299,2015-07-22T19:27:11,3771,0,,,False,,,<https://developer.apple.com/library/archive/documentation/AppleScript/Conceptual/AppleScriptLangGuide/introduction/ASLR_intro.html>,When macosxautomation.com doesn’t give you the answer right away.
leadership,C082AHD1U,active,False,False,498,True,17,2025-10-31T21:27:28.393929,2015-07-23T04:16:26,3771,0,,,False,,,"Leaders and managers, both present and aspiring ",Ask an anonymous question; <https://slack.com/shortcuts/Ft07P7PV8XB3/26bde68325c4cf4b3459ebe094b56484>
monitoring,C083A691C,active,False,False,216,True,174,2025-05-27T23:25:52.417329,2015-07-23T17:51:45,3770,0,2025-11-18T11:02:38.212608,2025-12-18T11:02:38.212608,False,warned,,"monitoring, reporting, alerting. Dashboards!",
security,C083RF51D,active,False,False,11800,True,0,2025-11-18T12:27:48.783679,2015-07-23T22:14:30,3770,0,,,False,,,Discussion of macOS security related issues,"This channel is for you who want to know, share and learn more about current and future security issues in Mac OS X - and what to do about it."
bigfix,C0850FTMF,active,False,False,165,True,26,2025-10-22T16:58:04.844429,2015-07-24T18:09:03,3769,0,,,False,,,For discussions about BigFix:  <http://forum.bigfix.com>,"Channel for discussion of BigFix management solution: <https://forum.bigfix.com/>

BigFix Slack: <https://join.slack.com/t/bigfix/shared_invite/enQtNzAyMDYxMzgwNDM5LWE0NDE4OTY0ZWIyNmVkYWY3M2E4OWEzNDMxMWY3MWU5NWY1Mzc1YmIwMGFjNzNmYjdlOTM0MTQwNzU4NTRhYjM>"
mdm,C088LP8Q2,active,False,False,7084,True,7,2025-11-10T18:22:29.873109,2015-07-28T10:21:49,3766,0,,,False,,,"MDM Visit <#C0214NELAE7|>, <#C04QVP86E|>, <#CG56F2SVD|>, <#C19RTE0L9|>, <#C1YV1CJSJ|>, <#C023Z6A2DL0|>, <#C4HJ6U742|>, <#C053TS6JT|>, <#C6HSS17U2|> for specific questions.",Discuss MDM implementation in your organization. For MDM development join us in <#C5238RU9X|>!
lab-environments,C088VQJ49,active,False,False,798,True,0,2025-11-17T21:29:15.905909,2015-07-28T14:20:50,3766,0,,,False,,,,"discuss issues related to labs of Macs. issues such as, software deployment, licensing, home folders, dual-boot, etc."
ubuntu,C08AFC526,active,False,False,215,True,47,2025-10-02T09:47:00.675339,2015-07-29T11:50:14,3765,0,,,False,,,,Discuss your Ubuntu boxes!
linux,C08CD8M34,active,False,False,906,True,19,2025-10-29T19:23:45.576249,2015-07-30T14:25:18,3764,0,,,False,,,,for topics related to managing linux servers/desktops
virtualization,C08DZ2LHF,active,False,False,1297,True,2,2025-11-16T00:11:19.879929,2015-07-31T12:07:49,3763,0,,,False,,,ADE &amp; Deployment testing with virtual machines now officially blocked.,This is for general conversation about virtualization of any OS using any virtualization solutions.
meraki,C08F03QKY,active,False,False,1717,True,4,2025-11-14T14:01:38.126949,2015-08-01T00:57:49,3762,0,,,False,,,"I, for one, welcome our cloud overlords. Systems Manager in <#CJW55DY2F|>",Any topics on Meraki deployments for Apple devices.
chef,C08JGRWLD,active,False,False,506,True,57,2025-09-21T21:14:54.858109,2015-08-04T15:35:19,3759,0,,,False,,,"Cookbooks: <https://github.com/facebook/IT-CPE/tree/master/itchef>, <https://github.com/pinterest/it-cpe-cookbooks/>, <https://github.com/uber/cpe-chef-cookbooks/>, <https://github.com/facebook/chef-cookbooks>, <https://github.com/Gusto/it-cpe-opensource>",Managing Macs with Chef
autodesk,C08MY7GVC,active,False,False,299,True,49,2025-09-30T15:35:08.181249,2015-08-06T14:45:39,3757,0,,,False,,,,A place to share solutions and vent frustrations regarding Autodesk software and installers
google-workspace,C08PZM3EX,active,False,False,6784,True,0,2025-11-18T15:26:34.196089,2015-08-07T17:59:09,3755,0,,,False,,,Connect with others at Google Cloud Community <https://www.googlecloudcommunity.com>,For those macadmins who deal with google apps (and related products)
dep,C08V5GWUC,active,False,False,3576,True,108,2025-08-01T22:19:19.774069,2015-08-12T03:14:52,3751,0,2025-11-18T11:00:41.431295,2025-12-18T11:00:41.431295,False,warned,,<https://github.com/micromdm/micromdm/wiki/Troubleshooting-MDM#dep--mdm-testing--troubleshooting>,Is DEP down? Maybe. <https://github.com/micromdm/micromdm/wiki/Troubleshooting>
education,C092M7V7F,active,False,False,2262,True,0,2025-11-18T15:39:12.835599,2015-08-13T18:31:03,3749,0,,,False,,,<@U0JBY1NJY>: “Smart Notebook is a hell of a drug.”,A chance for K-12 and Higher Ed folks to discuss our sometimes unique problems.
git,C092VCVV4,active,False,False,482,True,31,2025-10-18T14:56:27.776839,2015-08-13T20:53:06,3749,0,,,False,,,,For those who love or want to learn more about git - bring your git questions and discussion here
hardware,C09FJKM3L,active,False,False,1880,True,2,2025-11-16T12:44:41.022639,2015-08-23T03:43:28,3740,0,,,False,,,You may also be interested in <#C1PEM3JU9|> and <#C0B7UVAKB|>,"all things iFixit, ACMT, take apart, trending hardware issues.  Some  hardware hacking including A7, A8, secure enclave, SoC, reverse engineering, stolen keys, and responsible disclosure.  #escherspentalobe"
symantec,C09MMQVH6,active,False,False,345,True,4,2025-11-13T19:10:41.664589,2015-08-27T00:01:57,3736,0,,,False,,,"Latest SEP Build: 14.3.5055.3000 (14.3 RU3)
<https://knowledge.broadcom.com/external/article/154575#SEP>",
mactech,C09S45Q4F,active,False,False,215,True,90,2025-08-19T18:06:11.172539,2015-08-30T03:52:46,3733,0,,,False,,,"<https://conference.mactech.com> | MacTech Conference 2019 will be Oct. 16-18 in Los Angeles, with pre-conference workshops and certifications available on Oct. 15.","The who, the what, the about of MacTech Pro and Mactech Conference events. - Discounted registration link:  http://pro.mactech.com/Dallas?rid=MacAdmins or http://conference.mactech.com/about?rid=MacAdmins"
comp_sys_mac_vintage,C09SBD9N0,active,False,False,232,True,0,2025-11-17T20:58:56.186599,2015-08-30T15:39:32,3733,0,,,False,,,"let's flex your average vintage mac, for software see <#CD68YJ3J8> and <#C0JRHECK1>",Brains' Bluesky Feed
zoom,C09UB2Y93,active,False,False,2705,True,3,2025-11-15T03:15:17.134809,2015-08-31T23:41:01,3731,0,,,False,,,Zoom Questions and Troubleshooting | <https://support.zoom.us/hc/en-us/sections/200305483-Admin-Management> | Follow <#C0116QRP75M|> for the Zoom/2020-002 Security Update issues,For all your Zoom and Zoom Room Q&amp;A
forsale,C0A0DGVTL,active,False,False,779,True,1,2025-11-17T14:21:29.602479,2015-09-01T18:43:42,3730,0,,,False,,,"Please keep discussions to :thread: or DMs. Use the :sold: emoji when an item is SOLD. WTB (want to buy) and FS (for sale) tags help. We are worldwide, please include currency and location (and if willing to ship).",
jnuc,C0A204C15,active,False,False,2947,True,7,2025-11-11T14:14:33.164389,2015-09-02T15:28:25,3730,0,,,False,,,"Jamf Nation User Conference (In-Person) - Denver - October 7-9, 2025
<https://www.jamf.com/events/jamf-nation-user-conference/2025/>",The (unofficial) online gathering place for attendees of the annual Jamf Nation User Conference.
pdx,C0A4K4Z55,active,False,False,312,True,0,2025-11-17T19:56:43.210639,2015-09-03T19:48:33,3728,0,,,False,,,"Next PDX MacAdmin Meet-Up: Thursday, November 20th @ 4:30 PM(ish) Location:: Beaverton - Steeplejack Pizza &amp; Beer {<https://maps.app.goo.gl/7aCYkjygmGbW6NqK6>} Sponsored by Fleet","Portland, OR area folks"
wordpress,C0A9HDA8P,active,False,False,105,True,15,2025-11-02T21:48:28.676869,2015-09-08T04:54:44,3724,0,,,False,,,,"Ever had weird php compatibility, dependency, permission, or caching issue? - No? - Then you must not use wordpress."
maas360,C0A9P1WBB,active,False,False,102,True,5,2025-11-12T19:38:05.088659,2015-09-08T08:21:19,3724,0,,,False,,,"International Business Machines, Mobility as a Service, three hundred &amp; sixty, with Watson",
fixyourservicedesk,C0AAB7XM4,active,False,False,699,True,14,2025-11-03T20:07:27.218789,2015-09-08T16:02:09,3724,0,,,False,,,"Dream small, and it’s easy to be successful!",Does your team laugh at SLAs? Hate your service desk software? Get help here.
apple-live,C0AAH8BLH,active,False,False,2308,True,5,2025-11-12T17:41:15.240369,2015-09-08T17:22:06,3723,0,,,False,,,<https://www.apple.com/apple-events/> — :dolphin: assumed when leaving,A channel for serious discussion and shitposting during Apple Live Events.
norway,C0ACJSE2Y,active,False,False,104,True,342,2024-12-11T07:47:12.591129,2015-09-09T17:20:10,3722,0,2025-11-18T11:02:51.387168,2025-12-18T11:02:51.387168,False,warned,,,For discussion amongst Norwegian MacAdmins
activedirectory,C0AEV1BLP,active,False,False,5321,True,11,2025-11-07T04:32:43.005629,2015-09-10T17:57:27,3721,0,,,False,,,Microsoft patched AD. The bindpocalypse has been postponed indefinitely. See also <#C03PDM79GKG|>,cause you’re gonna have to deal with it one day...
sweden,C0B0JJETH,active,False,False,297,True,0,2025-11-18T13:17:27.914109,2015-09-20T00:58:43,3712,0,,,False,,,,snacka tech med kollegor
audiovisual,C0B7UVAKB,active,False,False,1110,True,4,2025-11-14T00:35:53.735729,2015-09-24T03:50:21,3708,0,,,False,,,"Video conferencing, event livestreaming, conference room hardware, dashboard displays, and everything in between",
acn,C0B8X1Q4Q,active,False,False,1133,True,0,2025-11-18T14:16:04.686849,2015-09-24T17:38:14,3707,0,,,False,,,Chat about membership in the Apple Consultants Network | Please follow Apple NDA guidelines at all times | <https://consultants.apple.com>,"A channel for members of the Apple Consultant Network to connect with each other and share tips, tricks, and best practices.

Please follow Apple NDA guidelines at all times."
chrome,C0B9HEEGP,active,False,False,3614,True,0,2025-11-18T13:25:07.166559,2015-09-24T22:43:49,3707,0,,,False,,,"<chrome://chrome-urls/>    more URLs on hover :wink:
<https://chromeenterprise.google/policies>
<https://chromeenterprise.google/browser/download/>
<https://chrometracker.jaylee.us/>
<https://chromedevice.com/updates/browsers>","Discussion re Chrome OS, Chrome browser,  Chromebooks, Chromebox, and all things shiny…."
apple-remote-desktop,C0BKLSYSF,active,False,False,2517,True,5,2025-11-12T18:45:08.751249,2015-10-01T01:03:59,3701,0,,,False,,,Current release:  3.10 Build 1D25a | Fix ARD 3.9 keychain issues; reboot or - sudo /System/Library/CoreServices/RemoteManagement/ARDAgent.app/Contents/Resources/kickstart -restart -agent,"questions suggestions, how-to’s and chat about Apple’s often neglected and very powerful admin tool."
recovering-musicians,C0BN3FATY,active,False,False,71,True,64,2025-09-14T21:19:32.954889,2015-10-02T02:58:16,3700,0,,,False,,,"A place for former (and current) musicians, music teachers, music researchers, music degree holders, etc.","A place for former (and current) musicians, music teachers, music researchers, music degree holders, etc."
zentral,C0BNC1SLC,active,False,False,339,True,7,2025-11-11T14:10:16.737579,2015-10-02T08:48:45,3700,0,,,False,,,"Code: <https://github.com/zentralopensource/zentral>
Info: <https://www.zentral.com>
Latest conferences:
- MacSysAdmin 2024: <https://youtu.be/LT-dvGFy0HM>
- PSU MacAdmins 2024: <https://youtu.be/vIYTQVS54dk>
- MDOYVR 2024: <https://youtu.be/xl-wNIHOzCk>","Zentral provides a unified solution for endpoint monitoring &amp; inventory. The core functions are Santa binary control, Munki manifest orchestration, Qsquery fleet management, and MDM."
kerio,C0BUNPDPS,active,False,False,117,True,16,2025-11-02T14:48:09.949109,2015-10-06T14:20:36,3696,0,,,False,,,"Latest: Kerio Control 9.5.0p2, Kerio Connect 10.0.8","For discussion of Kerio Connect, Control, Operator and SamePage! Join us!"
endpoint_security,C0C4X3G3W,active,False,False,3465,True,17,2025-10-31T17:31:27.670039,2015-10-08T22:20:05,3693,0,,,False,,,"Endpoint security; host intrusion prevention, firewall, VPN policies, anti-malware, anti-virus.","Endpoint security. Anti-malware, anti-virus, host intrusion prevention, firewall, VPN policies."
configurator-2,C0CC592SU,active,False,False,1244,True,0,2025-11-17T20:21:56.828409,2015-10-13T16:42:10,3688,0,,,False,,,http://help.apple.com/configurator/mac/,For discussion of Apple Configurator 2.
jamf-now,C0CEAPCTC,active,False,False,1003,True,32,2025-10-16T23:31:56.719969,2015-10-14T14:42:48,3688,0,,,False,,,<http://www.jamfnow.com|www.jamfnow.com>,To discuss the Jamf Now MDM
dallas,C0CEZV38F,active,False,False,159,True,27,2025-10-21T17:28:24.034749,2015-10-14T20:07:20,3687,0,,,False,,,,
sandiegoarea,C0CGMHN4F,active,False,False,160,True,5,2025-11-13T04:05:35.427759,2015-10-15T14:51:29,3687,0,,,False,,,"San Diego MacAdmin November Meetup
Details coming soon! We’re currently planning to hold the meetup on Tuesday, November 18, 2025.",
coffee,C0CKDGD7B,active,False,False,141,True,0,2025-11-18T11:55:26.565889,2015-10-16T16:57:04,3685,0,2025-11-18T11:00:29.324493,2025-12-18T11:00:29.324493,False,warned,,,coffee coffee coffee
extremenetworks,C0CTRA96G,active,False,False,228,True,277,2025-02-14T13:34:14.804329,2015-10-21T16:39:31,3680,0,2025-11-18T11:00:57.815379,2025-12-18T11:00:57.815379,False,warned,,Formerly #aerohive :bee:,
sso,C0D12ENSX,active,False,False,1088,True,11,2025-11-06T20:08:49.985039,2015-10-22T18:47:37,3679,0,,,False,,,"All things SAML, OAuth &amp; Single Sign On/ Single Log Out","All things SAML, oAuth &amp; Single Sign In/ Single Sign Out"
reverse,C0D2CH5V4,active,False,False,127,True,45,2025-10-03T18:57:05.005869,2015-10-23T08:49:31,3679,0,,,False,,,,Talk about reverse engineering on OS X
slackatwork,C0D322PRP,active,False,False,2173,True,0,2025-11-18T03:03:35.081769,2015-10-23T15:04:13,3679,0,,,False,,,Use Slack at your company? slackatwork.com (not official affiliates),Talk with other admins who use Slack at their company.
munkiadmin,C0D7FU2Q1,active,False,False,1166,True,10,2025-11-07T17:35:21.823479,2015-10-26T18:21:57,3675,0,,,False,,,"Discussion about MunkiAdmin, a GUI app for managing your Munki repo. See <#C04QVPFGU|> for general Munki discussion.

Latest release: <https://github.com/hjuutilainen/munkiadmin/releases>",MunkiAdmin - OS X app for managing Munki repositories
smartcard,C0D98JYPQ,active,False,False,541,True,20,2025-10-29T13:21:43.926819,2015-10-27T14:50:20,3675,0,,,False,,,Smart people talking about cards,Discuss all things SmartCard and Apple related
code42,C0DM3GKT7,active,False,False,650,True,22,2025-10-27T15:24:55.621019,2015-11-02T19:20:09,3668,0,,,False,,,"For the backup product, join <#C03RZ4YFFSB|>
:point_right: Join the Code42 Community: <http://success.code42.com|success.code42.com>
:rotating_light: Code42 Status: <https://status.code42.com>",CrashPlan Pro admin channel
kerberos-sso-extension,C0DPCU820,active,False,False,2030,True,4,2025-11-14T16:05:38.470259,2015-11-03T18:46:52,3667,0,,,False,,,Documentation: <https://support.apple.com/guide/deployment/kerberos-sso-extension-depe6a1cda64/>,Discussion around Apple's Kerberos SSO Extension (the artist formerly known as Enterprise Connect)
salt,C0DV5CAA2,active,False,False,192,True,48,2025-10-01T15:51:56.438939,2015-11-05T22:11:59,3665,0,,,False,,,"also <#C0619KJQY|> on salts discord.
<https://discord.com/channels/1200072194781368340/1208165337191678032>

Working Group Zoom
<https://broadcom.zoom.us/j/94914386651?pwd=5whbYv32pxgxiBg7cQdzYKGOY5S4Gt.1>",Configuration management with SaltStack. Current Version was 2016.3.3 when Mosen wrote this message
non-profits,C0E17P79C,active,False,False,37,True,146,2025-06-24T18:31:34.594339,2015-11-06T15:18:50,3665,0,2025-11-18T11:02:50.539596,2025-12-18T11:02:50.539596,False,warned,,Work for a Nonprofit? Hope this can be a place for all things mac in the nonprofit world,Macs in the Non-Profit Realm
santa,C0E1VRBGW,active,False,False,1024,True,0,2025-11-17T21:47:13.399459,2015-11-06T19:45:35,3664,0,,,False,,,<https://github.com/northpolesec/santa> <https://northpole.dev/>,Discussion around the open source Santa binary allowlisting project.
cmdctrlpwr,C0E7SLP42,active,False,False,319,True,0,2025-11-18T12:45:00.711909,2015-11-10T15:27:18,3661,0,,,False,,,You can support the show on Patreon <https://www.patreon.com/cmdctrlpwr>,"Discuss this awesome Apple consulting podcast!
<http://commandcontrolpower.com/> and you can support the show on Patreon <https://www.patreon.com/cmdctrlpwr>"
politics-private,C0E89LPJ5,active,True,False,398,True,0,2025-11-18T16:27:52.218929,2015-11-10T18:48:28,3660,0,,,False,,,"If Putin launches a nuke ill upload a video of me eating my underwear on here. The ocean drugs is very close to nonexistent right now. It's just a fact.

<https://macadmins.slack.com/archives/C0E89LPJ5/p1647537958235209>","Polite discussion of politics. If you are unable to discuss them politely, please do not enter."
food,C0EBR3FED,active,False,False,117,True,2,2025-11-16T04:57:19.035699,2015-11-12T03:42:55,3659,0,,,False,,,Soup Crew,"For food lovers to discuss their favorite foods, cooking methods and any topic related to food"
macaduk,C0EE348SD,active,False,False,599,True,0,2025-11-18T15:46:32.356099,2015-11-13T00:59:05,3658,0,,,False,,,Place to talk all things <http://MacAD.UK|MacAD.UK>,This is the place to be to discuss and participate in Mac Admin &amp; Developer Conference UK (http://www.macad.uk).
packaging,C0EGLTFR7,active,False,False,1414,True,4,2025-11-13T16:50:59.509959,2015-11-14T03:06:57,3657,0,,,False,,,"Discussion of Mac packaging issues, including peer support for tools that aid with pkg file creation.",Real time discussions of Packaging issues. Email installer-dev@lists.apple.com for more
forsale-uk,C0EK2R9LN,active,False,False,106,True,99,2025-08-11T13:15:56.646529,2015-11-16T12:45:37,3655,0,2025-11-18T11:01:03.566014,2025-12-18T11:01:03.566014,False,warned,,,a place to list any hardware for sale in the UK
jamf-api,C0EP2SNJX,active,False,False,3773,True,4,2025-11-14T02:01:05.450629,2015-11-17T23:03:32,3653,0,,,False,,,#APIs for Jamf Products - <https://developer.jamf.com/>,"Using the Jamf Pro REST APIs through Ruby, Python, Swift, and Bash!"
macadmin,C0EQ81YNM,active,False,False,2295,True,4,2025-11-13T17:57:45.148529,2015-11-18T11:57:37,3653,0,,,False,,,,
munkiwebadmin,C0EU63PT8,active,False,False,255,True,165,2025-06-06T16:23:28.431109,2015-11-19T20:49:42,3651,0,2025-11-18T11:02:43.862623,2025-12-18T11:02:43.862623,False,warned,,<https://github.com/munki/mwa2>,Channel for MunkiWebAdmin and associated forks
bostonmacadmins,C0EUQCDDH,active,False,False,444,True,5,2025-11-12T20:46:04.373839,2015-11-20T02:15:19,3651,0,,,False,,,French Toast Alert level : 3 Slices / Elevated,
apple-tv,C0F0TE4S0,active,False,False,1336,True,1,2025-11-17T14:40:40.197039,2015-11-20T18:30:18,3650,0,,,False,,,"Latest tvOS 18.6 (22M84) | 17.6.1 | 16.6 (20M73) | 8.4.7 (12H1006) | iOS 7.1.2 (11D258)
<https://support.apple.com/en-us/106336>
<https://support.apple.com/en-us/122719>",Discuss and share use &amp; configurations of Apple TVs in enterprise environments
dns,C0F2E4KEZ,active,False,False,248,True,233,2025-03-30T15:54:36.981209,2015-11-21T23:31:46,3649,0,2025-11-18T11:00:44.543237,2025-12-18T11:00:44.543237,False,warned,,<https://i.imgur.com/eAwdKEC.png>,
assettracking,C0F7RQU14,active,False,False,971,True,109,2025-07-31T23:46:53.026809,2015-11-24T21:06:02,3646,0,2025-11-18T10:59:55.289402,2025-12-18T10:59:55.289402,False,warned,,,Discuss how to better manage your physical assets.
homeautomation,C0FACUH42,active,False,False,456,True,0,2025-11-17T20:35:55.979779,2015-11-25T21:26:45,3645,0,,,False,,,What are you up to around the house or office automating your life.,"Discuss Home Kit technology, the good, the bad and the Ugly!  Share your experiences and neat things your working on."
kerberos,C0FRJ777B,active,False,False,365,True,49,2025-09-29T21:10:46.722899,2015-12-03T17:07:33,3637,0,,,False,,,,Kerberos related troubleshooting and issues related to kerberos authentication with products such as VMware Identity Manager
n-able,C0FSF4SLU,active,False,False,233,True,175,2025-05-27T13:52:53.692749,2015-12-04T00:26:44,3637,0,2025-11-18T11:02:45.579062,2025-12-18T11:02:45.579062,False,warned,,"N-able (RMM, N-central, Backup, Take Control, EDR) and formerly Mac-MSP Gruntwork UNOFFICIAL community. Always direct support cases to <tel:1-855-679-0817|1-855-679-0817> or  <https://success.n-able.com>","A place to discuss SolarWinds MSP's Mac offerings - including Remote Monitoring &amp; Management which now imcludes Mac-MSP's Gruntwork - tips, tricks and techniques."
filemaker,C0G2NBH1U,active,False,False,410,True,4,2025-11-13T23:02:58.980359,2015-12-07T14:06:27,3634,0,,,False,,,:dogcow:,Get help with supporting FileMaker Server or FileMaker Development
android,C0GE6FGCW,active,False,False,435,True,12,2025-11-05T16:53:24.544969,2015-12-11T16:46:33,3629,0,,,False,,,r00ty d00ty d00t,"oh yaknow, the ""other"" phone OS."
edu_ios,C0GMN1LQH,active,False,False,849,True,6,2025-11-12T15:13:49.203439,2015-12-15T16:46:07,3625,0,,,False,,,Caching servers ready!,"A channel dedicated towards ipads in a K-12 environment using MDM solutions such as Casper. Good place to bring up noticed problems, seek modeling towards deployments, and discuss general advice."
arizona,C0GP18ZST,active,False,False,73,True,31,2025-10-18T00:30:27.870549,2015-12-16T03:27:11,3625,0,,,False,,,We Live in an Oven. Its Great.,Arizona folk
box,C0GQBJP3R,active,False,False,327,True,3,2025-11-14T17:05:22.742139,2015-12-16T16:25:17,3625,0,,,False,,,<https://status.box.com/>,Box Helper apps for Mac (Box Sync + Box Edit)
starwars,C0H2SR5C2,active,False,False,77,True,6,2025-11-11T21:36:15.325019,2015-12-20T18:53:51,3620,0,,,False,,,Star Wars. ABSOLUTELY NO SPOILERS.,Star Wars Nerdery. ABSOLUTELY NO SPOILERS
letsencrypt,C0H70QS81,active,False,False,102,True,357,2024-11-26T02:45:51.647399,2015-12-22T19:41:46,3618,0,2025-11-18T11:02:04.853735,2025-12-18T11:02:04.853735,False,warned,,Discussion related to letsencrypt.org free SSL certs.,LetEncrypt.org has entered Public Beta for free web certs.  Time to start testing
starwars_spoilers,C0H8YEWT1,active,False,False,36,True,174,2025-05-27T21:04:28.554339,2015-12-23T18:45:13,3617,0,2025-11-18T11:04:06.360382,2025-12-18T11:04:06.360382,False,warned,,,"For people who've seen all the movies. There will be spoilers, so leave if you don't want that."
jobs-board,C0HFC4VHD,active,False,False,8716,True,0,2025-11-18T16:17:06.740589,2015-12-29T18:20:17,3611,0,,,False,,,"Post jobs (w/ pay, location [incl. remote/telecommute], relo assistance, etc.) or LinkedIn profiles if available for hire. Please keep questions or other chatter in threads :speech_balloon:  or in <#C060PU4T1|>. :thank_you:","Post job openings here! Postings and LinkedIn profiles only, conversation belongs in #…"
ohio,C0HJLF2D6,active,False,False,122,True,0,2025-11-18T16:27:38.741319,2016-01-02T03:12:19,3608,0,,,False,,,,The official unofficial Ohio Apple Admin Group channel.
outset,C0HLW2QAH,active,False,False,898,True,12,2025-11-06T15:36:48.154709,2016-01-04T18:39:50,3605,0,,,False,,,"Latest release 4.2.0.21973 - <https://github.com/macadmins/outset/releases>
Wiki - <https://github.com/macadmins/outset/wiki>",Make fun of chilcote's python skills and discuss the outset toolset
macadminmonthly,C0HRPV545,active,False,False,571,True,342,2024-12-10T22:41:06.245359,2016-01-06T17:41:27,3603,0,2025-11-18T11:02:13.830529,2025-12-18T11:02:13.830529,False,warned,,"December ’24: , join in: <https://meet.google.com/rss-whzo-qeo>","Channel for the MacAdminMonthly meet-up. We meet in NYC, but stream the meeting so anyone can join. This channel will serve as comms prior to, and then during the meeting. For more information, see http://www.macadminmonthly.org"
automator,C0J14LK9Q,active,False,False,339,True,111,2025-07-30T12:56:02.774319,2016-01-08T13:18:01,3602,0,2025-11-18T10:59:57.361627,2025-12-18T10:59:57.361627,False,warned,,,Discussions around Automator.
mac_dmv,C0J6G0GKW,active,False,False,256,True,19,2025-10-30T14:43:22.816369,2016-01-11T19:19:15,3598,0,,,False,,,,"Next Meetup: Wednesday Sept 4th, 2024, 5pm Eastern! | Mac Admins from the DC, Maryland, and Virginia area"
kcmacadmins,C0JC0JLDP,active,False,False,80,True,20,2025-10-29T15:49:09.397279,2016-01-13T16:39:35,3596,0,,,False,,,,Mac Administrators in the Kansas City metro area.
rumpus,C0JFC3TD0,active,False,False,25,True,242,2025-03-21T15:05:15.924179,2016-01-14T18:23:07,3595,0,2025-11-18T11:03:41.492613,2025-12-18T11:03:41.492613,False,warned,,,Rumpus FTP and WebDAV server
certification-talk,C0JJEEF44,active,False,False,1147,True,2,2025-11-16T13:32:11.424609,2016-01-15T20:09:32,3594,0,,,False,,,Career certification not authentication certificates,Discussion of professional certifications.
otaku,C0JLAASPR,active,False,False,12,True,0,2025-11-18T11:25:08.263449,2016-01-17T03:16:31,3593,0,2025-11-18T11:03:04.484899,2025-12-18T11:03:04.484899,False,warned,,"Manga, anime, as long as it's JPN-related",For discussing japanese culture/media. Feel free to not focus on tech stuff
addigy,C0JP3M6MB,active,False,False,2473,True,0,2025-11-18T15:19:29.584009,2016-01-18T18:32:25,3591,0,,,False,,,Contact <mailto:support@addigy.com|support@addigy.com> for official support!,"Community support for Addigy RMM.

Official Links:
System status - <https://status.addigy.com/>
Knowledgebase - <https://support.addigy.com/>
Tech Support - <mailto:support@addigy.com|support@addigy.com>"
powerpc,C0JRHECK1,active,False,False,20,True,0,2025-11-18T11:25:09.074429,2016-01-19T15:36:34,3591,0,,,False,,,Active discussions are in <#C09SBD9N0|> now.,For the first six OS X major versions that ran on PowerPC. Hopefully it’s only for fun at this point!
fitness,C0JTA2XRT,active,False,False,76,True,4,2025-11-13T17:53:12.103869,2016-01-20T05:33:14,3590,0,,,False,,,,"I’ve tried and hated most sports, but let’s discuss what works for you……."
service-now,C0JV7A6MR,active,False,False,315,True,12,2025-11-05T17:07:43.765729,2016-01-20T19:10:39,3589,0,,,False,,,at-mention <@U0F9UJ9E3> with any ServiceNow questions!,"Discuss ServiceNow integration, issues, etc.

For more help, check out the ServiceNow devs Slack
<http://invite.sndevs.com/>"
zendesk,C0K0FGLF8,active,False,False,367,True,12,2025-11-05T21:09:34.908879,2016-01-20T22:32:58,3589,0,,,False,,,:zendesk:,
font,C0K2AKRFH,active,False,False,165,True,48,2025-10-01T00:12:23.258239,2016-01-21T15:23:51,3589,0,,,False,,,,A place to discuss fonts and font management systems.
trendmicro,C0K2P76UA,active,False,False,145,True,197,2025-05-05T12:49:26.828139,2016-01-21T17:19:34,3588,0,2025-11-18T11:04:29.082846,2025-12-18T11:04:29.082846,False,warned,,,Let’s talk TrendMicro Security for Mac (yeah it sucks…)
motorbikes,C0KJFDW82,active,False,False,37,True,42,2025-10-06T21:21:15.115809,2016-01-27T22:35:27,3582,0,,,False,,,\m/,
vpp,C0KJZ9T70,active,False,False,931,True,27,2025-10-21T17:38:01.819289,2016-01-28T02:55:12,3582,0,,,False,,,,"If we got a DEP channel, we might as well as a VPP channel too, I guess."
vancouver,C0KMH1SH5,active,False,False,134,True,14,2025-11-03T18:25:29.005309,2016-01-28T21:00:09,3581,0,,,False,,,,
voip,C0KMRCJQZ,active,False,False,198,True,22,2025-10-27T13:47:54.442749,2016-01-28T22:35:22,3581,0,,,False,,,everyone hates mitel,
finalcutpro,C0KPLMX9U,active,False,False,147,True,55,2025-09-23T19:13:12.368019,2016-01-29T14:40:32,3581,0,,,False,,,,Chat about Apple's pro app
email,C0KQJM8RJ,active,False,False,287,True,22,2025-10-27T14:51:39.371609,2016-01-29T21:12:52,3580,0,,,False,,,,"All the different solutions out there for email, beit Google Apps, Hosted Exchange, roll your OS X Mail Server, etc."
splunk,C0L0VR4HY,active,False,False,500,True,4,2025-11-14T15:51:27.004129,2016-02-01T21:18:47,3577,0,,,False,,,,"Lets talk Splunk and Macs,  Share logs worth Splunking, dashboards, queries, ect."
digitalguardian,C0L77R59T,active,False,False,76,True,2,2025-11-16T00:13:27.545879,2016-02-03T19:34:27,3575,0,,,False,,,,Let’s talk DigitalGuardian (aka Verdasys)...
microsoft-outlook,C0LAD22PL,active,False,False,2761,True,0,2025-11-18T09:18:31.646439,2016-02-04T19:31:41,3574,0,,,False,,,All things Outlook for Mac,This channel is for sharing tips and tricks on supporting Outlook for Mac.
okta,C0LFP9CP6,active,False,False,5189,True,0,2025-11-18T15:01:05.241009,2016-02-07T04:17:22,3572,0,,,False,,,Check pinned items! Release notes: <https://help.okta.com/en/prod/Content/Topics/ReleaseNotes/okta-relnotes.htm>,Okta and other ID/Auth providers
storage,C0LFXU57T,active,False,False,223,True,58,2025-09-21T04:13:44.689919,2016-02-07T07:22:24,3572,0,,,False,,,,
acesconf,C0LKUJFK6,active,False,False,44,True,35,2025-10-14T01:20:25.916419,2016-02-09T01:16:25,3570,0,,,False,,,"ACES 2026 - May 12-13 in Minneapolis, MN. Tix on sale now: <http://acesconf.com|acesconf.com>",
italia,C0LL664G7,active,False,False,39,True,47,2025-10-01T21:37:35.870799,2016-02-09T02:57:47,3570,0,,,False,,,Per gli amministratori di sistema italiani,Per gli amministratori di sistema italiani
sophos,C0LPM4UL9,active,False,False,914,True,20,2025-10-29T16:05:14.507849,2016-02-10T03:54:33,3569,0,,,False,,,"Sophos Endpoint
Release Notes: <https://docs.sophos.com/releasenotes/index.html>

macOS Endpoint EAP: <https://community.sophos.com/intercept-x-endpoint/macos-endpoint-eap/>",
archicad,C0MTQSUB0,active,False,False,85,True,19,2025-10-29T16:36:53.132669,2016-02-18T09:20:04,3561,0,,,False,,,,Managing an ArchiCAD installation with Macs? We're here for you!
south_florida,C0N98AC8K,active,False,False,110,True,0,2025-11-18T13:33:11.061439,2016-02-20T06:15:53,3559,0,,,False,,,,
ubiquiti,C0NHQPS07,active,False,False,1452,True,0,2025-11-17T16:41:17.144039,2016-02-23T01:33:07,3556,0,,,False,,,Everything :ubnt: Dedicated Discord server at https://discord.gg/4eugGBz,"Users and admins of Ubiquiti UniFi and EdgeOS, and other UBNT hardware."
d3,C0NMSED1T,active,False,False,53,True,40,2025-10-08T19:03:33.949589,2016-02-23T20:09:00,3555,0,,,False,,,d3 - Patch Mgmt automation for Jamf Pro -  has been rewritten and renamed Xolo.  Please join the <#C09HN0LTDNY|> channel for discussion and questions,Discussion of Pixar's open-source package/patch management system for Casper.
nc-macadmins,C0P35JYG4,active,False,False,108,True,11,2025-11-07T14:24:46.953959,2016-02-25T18:54:47,3553,0,,,False,,,,Channel for Mac admins in the North Carolina area.
crossfit,C0PH6LAJZ,active,False,False,18,True,0,2025-11-18T11:25:19.213599,2016-02-29T18:39:23,3549,0,2025-11-18T11:00:35.664927,2025-12-18T11:00:35.664927,False,warned,,of course there’s a #crossfit channel!,"Chat about Crossfit, totally not anything to do with mac admining, but a great way to blow off steam."
cisco,C0QPT3X1T,active,False,False,1058,True,6,2025-11-12T10:42:51.511049,2016-03-07T06:28:14,3543,0,,,False,,,,
amsterdam,C0RFE38R3,active,False,False,219,True,26,2025-10-23T12:16:41.919849,2016-03-09T10:37:46,3541,0,,,False,,,,Amsterdam and area mac admin space. just because we can
testanything,C0RK473KR,active,False,False,19,True,0,2025-11-18T11:25:20.288879,2016-03-09T17:50:40,3540,0,2025-11-18T11:04:20.424436,2025-12-18T11:04:20.424436,False,warned,,,
synology,C0S64SCR1,active,False,False,899,True,1,2025-11-17T14:21:58.744299,2016-03-11T17:25:43,3538,0,,,False,,,,Synology Server and DSM software
raspberrypi,C0STREQAU,active,False,False,245,True,284,2025-02-07T00:41:01.417859,2016-03-15T18:13:20,3534,0,2025-11-18T11:03:31.407167,2025-12-18T11:03:31.407167,False,warned,,,This is a space to talk about the Awesome! little computer known as the Raspberry Pi and how you integrate it into your Mac systems and infrastructure.
macadmpodcast,C0XUV4ER5,active,False,False,950,True,6,2025-11-11T22:34:15.310149,2016-04-05T01:24:01,3514,0,,,False,,,<http://podcast.macadmins.org> | Twitter @MacAdmPodcast | Subscribe and listen to us on iTunes + Stitcher! | Community Events Calendar :github:: <https://github.com/MacAdminsPodcast/comcal/>,
podcasts,C0Y5UQJH1,active,False,False,115,True,10,2025-11-07T19:06:40.432559,2016-04-05T20:33:02,3513,0,,,False,,,,What gets you through your daily commute?
atl,C0Y74RXB7,active,False,False,331,True,0,2025-11-18T15:33:42.842349,2016-04-05T20:13:39,3513,0,,,False,,,Next meetup :sparkles: Dec 9th - Social at HOBNOB <https://www.eventbrite.com/e/social-time-at-hobnob-tickets-1828875127739>,"Apple Admins working in and around the Atlanta metro area :atl-peach:

Looking for our latest meetup? We meet monthly, every third Thursday. You can register for those events on our Meetup: <https://www.meetup.com/Atlanta-Apple-Admins>"
1password,C0Z5F0G91,active,False,False,4054,True,0,2025-11-18T16:16:10.212189,2016-04-08T18:56:32,3510,0,,,False,,,<mailto:businesssupport@1password.com|businesssupport@1password.com>,Discuss using 1Password For Teams
kaseya,C10273Y57,active,False,False,111,True,195,2025-05-07T15:47:02.832289,2016-04-12T17:37:55,3506,0,2025-11-18T11:01:56.091572,2025-12-18T11:01:56.091572,False,warned,,"Easily in the top 25 of enterprise Mac management solutions.

Release notes: <https://helpdesk.kaseya.com/hc/en-gb/sections/360001193517-Release-Notes>","I can't be the only person using this, right?"
homebrew,C10EVE8TS,active,False,False,1018,True,1,2025-11-17T16:04:38.639559,2016-04-13T21:43:33,3505,0,,,False,,,The Missing Package Manager for macOS (or Linux) - brew.sh,
centralnj,C11GD6S72,active,False,False,30,True,54,2025-09-24T20:30:36.112419,2016-04-18T14:22:21,3501,0,,,False,,,,Channel for Central Jersey and surrounding area’s Mac admins.
jamftraining,C11UM49MG,active,False,False,1944,True,4,2025-11-14T16:08:44.262539,2016-04-19T16:50:50,3499,0,,,False,,,Chat about JAMF courses! <http://docs.jamf.com/education-services/resources>,To aid and to prepare for taking the Jamf certification classes.
boot-camp,C12UH2XC7,active,False,False,240,True,52,2025-09-26T23:15:12.014909,2016-04-22T14:23:32,3497,0,,,False,,,,"Tips, Tricks and known issues with Bootcamp"
zsh,C14Q06RJN,active,False,False,796,True,7,2025-11-10T17:12:24.987609,2016-04-29T04:11:07,3490,0,,,False,,,<http://zsh.sourceforge.net/Doc/Release/zsh_toc.html>  <https://sunlightmedia.org/bash-vs-zsh/> | <http://zshwiki.org/home/>,
dock-management,C17NRH534,active,False,False,1293,True,11,2025-11-07T10:59:55.594499,2016-05-10T19:59:48,3478,0,,,False,,,"Discussion on managing (or mangling) Dock items, including dockutil (<https://github.com/kcrawford/dockutil>) and docklib (<https://github.com/homebysix/docklib>)",Discussions about using https://github.com/kcrawford/dockutil
kace,C183UAFLM,active,False,False,94,True,54,2025-09-24T20:32:37.530779,2016-05-11T19:36:14,3477,0,,,False,,,Consider joining the Unofficial KACE Community workspace: <https://join.slack.com/t/kacecommunity/shared_invite/enQtMzIyMTAwODAyNjQ3LWRjM2Q5NDU1Zjk2ZDE3NjQxYTFjODVjYWY5MzE3Y2YxZDBmY2YzNTk0NDk3NTZmZGE1MDllYjUzMTJlOGRiYTE>,"Is anyone here using KACE (Kbox, k1000, k2000) to manage their systems?"
agencylife,C187569PX,active,False,False,276,True,83,2025-08-26T20:20:27.751879,2016-05-12T02:40:14,3477,0,,,False,,,Life working with and supporting content creators and advertising/PR agencies,Suits v Creatives. A chance to discuss our sometimes unique IT problems in agencies.
gam,C18SZ6S07,active,False,False,1430,True,0,2025-11-17T19:34:44.008539,2016-05-14T00:18:53,3475,0,,,False,,,"Advanced Google Apps Manager: <https://github.com/taers232c/GAMADV-XTD3>
Based on: <https://github.com/jay0lee/GAM>",google apps manager
general,C19MR7EM9,active,False,False,79029,True,0,2025-11-18T16:18:44.619369,2016-05-18T06:08:05,3471,0,,,False,,,<https://www.macadmins.org/code-of-conduct/>,"General discussion, and a place to ask directions to the nearest Slack channel(s) to explore a given topic."
micromdm,C19RTE0L9,active,False,False,1826,True,0,2025-11-17T22:31:34.560059,2016-05-18T13:10:03,3471,0,,,False,,,<https://micromdm.io> Latest: <https://github.com/micromdm/micromdm/releases/latest> <https://developer.apple.com/enterprise/documentation/MDM-Protocol-Reference.pdf> Need an orchestrator for MicroMDM? <https://github.com/mdmdirector/mdmdirector> ,Help and discussion for https://micromdm.io
profilemanager,C1D2RET0S,active,False,False,488,True,264,2025-02-27T13:34:40.331319,2016-05-31T18:57:50,3457,0,2025-11-18T11:03:17.109715,2025-12-18T11:03:17.109715,False,warned,,,
onelogin,C1D4GPP0U,active,False,False,307,True,62,2025-09-16T17:48:19.908109,2016-05-31T23:57:23,3457,0,,,False,,,<https://www.onelogin.com/status>,victories and woes of onelogin
jira,C1D4NHKDM,active,False,False,757,True,0,2025-11-17T22:52:16.464779,2016-05-31T23:32:55,3457,0,,,False,,,,
archiware,C1DG9S8A1,active,False,False,113,True,0,2025-11-18T16:09:43.615339,2016-06-02T06:48:49,3456,0,,,False,,,,"Discuss Archiware P5 sync, backup, archive, backup2go"
commandment,C1DQA16BC,active,False,False,85,True,149,2025-06-22T05:12:11.989429,2016-06-02T22:45:27,3455,0,2025-11-18T11:00:31.170160,2025-12-18T11:00:31.170160,False,warned,,GitHub: <https://github.com/cmdmnt/commandment> | Documentation: <https://cmdmnt.github.io/commandment/>,"discussion, development, and support for commandment open source MDM <https://github.com/cmdmnt/commandment>"
denvermacadmins,C1E46PL02,active,False,False,191,True,19,2025-10-30T16:03:31.062679,2016-06-03T22:47:53,3454,0,,,False,,,,Denver Mac Admins
dropbox,C1EPV2QMR,active,False,False,411,True,26,2025-10-23T13:34:43.590259,2016-06-07T17:11:33,3450,0,,,False,,,,Discuss Dropbox for Business and other Dropbox products.
devops,C1FE0A147,active,False,False,681,True,5,2025-11-13T15:32:33.889359,2016-06-09T13:49:56,3449,0,,,False,,,devops is the topic...we talk about dev and ops things,...a birds eye view on infrastructure and practices. How do all the pieces fit together?
highereducation,C1FQPT1RB,active,False,False,264,True,12,2025-11-06T11:43:34.653659,2016-06-10T13:59:32,3448,0,,,False,,,,For those of us in Higher Education
eastmidlands,C1G0W8JCV,active,False,False,90,True,20,2025-10-29T14:13:02.937789,2016-06-11T00:20:21,3447,0,,,False,,,"A channel for administrators of Apple kit in the East Midlands region, UK (but all welcome).

Email: <mailto:emappleadmins@icloud.com|emappleadmins@icloud.com>
Website: <https://tinyurl.com/emappleadmins>",Home of the East Midlands Apple Admins group (UK) http://eastmidsappleadmins.org.uk - all welcome!
macdeploy,C1GCQ43K7,active,False,False,328,True,0,2025-11-18T16:15:27.355719,2016-06-13T16:19:20,3445,0,,,False,,,Next meetup in Calgary: WWDC Mac Meetup. November 21st at 1 pm,MacDeployment meetups and biennial conference in Calgary plus any Alberta Mac Admin talk.
apfs,C1GEM1CRH,active,False,False,606,True,313,2025-01-09T16:13:31.479829,2016-06-13T21:07:37,3444,0,2025-11-18T10:59:47.983874,2025-12-18T10:59:47.983874,False,warned,,,
lgbtq,C1H681GKZ,active,False,False,300,True,0,2025-11-18T16:04:15.921819,2016-06-15T16:26:12,3443,0,,,False,,,":progress-pride-heart:  LGBTQ+ Chat - Generally, a social space for LGBTQ+ folks - filled with baked goods, and assorted wildlife;  Glitter has been banned under the ""This Poop is worse than herpes act of 2025"", decreed by Lemur",Discuss/Vent the challenges of being a lesbian/gay/bisexual/transgender/queer/straight ally professional. Provide insights on how you can help make your workplace be more inclusive and how you hold safe space as an ally.
jumpcloud,C1H80DYRY,active,False,False,1595,True,3,2025-11-15T15:47:00.621779,2016-06-15T18:27:36,3442,0,,,False,,,Official JumpCloud Slack Workspace: <https://jumpcloudlounge.slack.com/>,
microsoft-onedrive,C1HNS6CTB,active,False,False,2381,True,4,2025-11-13T17:57:32.215119,2016-06-17T00:57:22,3441,0,,,False,,,"All things OneDrive! Latest installer: <https://go.microsoft.com/fwlink/?linkid=823060>
Mac Deploy -&gt; <https://www.aka.ms/OneDriveMacDeployment>
OneDrive team members: <@U074LNH6WDV> <@U016TS7BVJB> <@UPDDNSGFJ> <@U199EJJ4X>",Discuss things related to the OneDrive sync client for Mac OS
microsoft-office-365,C1HURKELQ,active,False,False,4287,True,0,2025-11-17T18:49:14.472169,2016-06-17T17:01:22,3440,0,,,False,,,"Chat about Microsoft 365/Office 365, <#C07UZ1X7B|> for Mac Office apps | follow @MSFT365Status for status tweets | <https://www.microsoft.com/en-us/microsoft-365/blog/>","Discussing setting up, rolling out, troubleshooting and enhancing Office 365 "
groundcontrol,C1JEN38KZ,active,False,False,53,True,56,2025-09-23T04:13:06.850639,2016-06-20T15:25:09,3438,0,,,False,,,,Discussion around Ground Control - https://www.groundctl.com
japanmac,C1LDG3D35,active,False,False,103,True,49,2025-09-30T13:59:27.740509,2016-06-27T07:41:31,3431,0,,,False,,,,Japanese Apple Community
psu-culinary-festival,C1MFNLFEC,active,False,False,159,True,24,2025-10-24T16:41:33.505069,2016-06-29T20:50:30,3428,0,,,False,,,"this event is not sponsored by, or in coordination with, PSU, the conference, the PennStater or this Slack instance. %noarchive",Planning for the Culinary Experience previously known as the “Beer-Swap.” Disclaimer: Not actually affiliated with PSU or The Penn Stater. %noarchive
poker,C1MH7UVPD,active,False,False,14,True,0,2025-11-18T11:25:37.233819,2016-06-30T03:35:41,3428,0,2025-11-18T11:03:15.302286,2025-12-18T11:03:15.302286,False,warned,,,
autotask,C1N105W5N,active,False,False,81,True,90,2025-08-20T16:00:42.486369,2016-07-01T05:10:06,3427,0,,,False,,,"Discussion about using Autotask, with a side focus on the Watchman Monitoring Integration until that’s released.",Discuss the upcoming Watchman Monitoring/Autotask integration
xworld,C1PCU1TSP,active,False,False,130,True,71,2025-09-08T08:12:21.715489,2016-07-07T00:58:38,3421,0,,,False,,,"X World: September 2-3 2025, <https://auc.edu.au/xworld/about/> –  /dev/world: September 4-5 2025, <https://auc.edu.au/devworld/about/>","The AUC X World channel. Annual conference in Sydney, Australia"
docks-and-hubs,C1PEM3JU9,active,False,False,1327,True,21,2025-10-27T19:50:35.051709,2016-07-07T01:03:13,3421,0,,,False,,,Dock List <https://docs.google.com/spreadsheets/d/1jAYm3ePGdP052JSfIxWTOWpIl9P3bnssm8kImdK3rqE/edit#gid=0>,"Find out more information about docking your Macbook, Air, Pro, Pro with Retina"
pokemongo,C1PF823SR,active,False,False,113,True,30,2025-10-19T01:19:20.333219,2016-07-07T03:45:04,3421,0,,,False,,,"Friend Codes - <https://docs.google.com/spreadsheets/d/1ubLVVH9fRHK5YIF2F-nWUkViXFH6yU9RZqobH7iXYts/edit?usp=sharing>
Instinct: Nice folks, or Nice Folks?","Friend Codes - <https://docs.google.com/spreadsheets/d/1ubLVVH9fRHK5YIF2F-nWUkViXFH6yU9RZqobH7iXYts/edit?usp=sharing>
Instinct: Nice folks, or Nice Folks?"
franken-macadmins,C1PTCHNEN,active,False,False,86,True,11,2025-11-07T08:52:54.443839,2016-07-08T06:15:10,3420,0,,,False,,,"Next Meetup (usually on the 4th Thursday of the Month): Thursday, November 27th - Location: TBA","Discussion about the regular MacAdmin meetup in Franconia (the northern part of Bavaria, Germany). Languages are English/German/Franconian."
hardware-troubleshoot,C1Q8RD9V1,active,False,False,668,True,8,2025-11-09T23:48:58.218039,2016-07-10T05:15:26,3418,0,,,False,,,Ask here for troubleshooting Mac hardware. Check here for current Apple extended service programs: <https://support.apple.com/service-programs>,"When Mac hardware doesn't ""just work"", ask here for help. ACMT camps here."
hamburg,C1QSG4Y5R,active,False,False,70,True,39,2025-10-10T09:41:35.327199,2016-07-12T13:23:14,3416,0,,,False,,,,Hamburger MacAdmins
aws,C1T94SQKB,active,False,False,1155,True,5,2025-11-12T20:17:46.830019,2016-07-20T00:07:03,3408,0,,,False,,,,All things Amazon
pf_firewall,C1W6ZT1UY,active,False,False,178,True,173,2025-05-29T15:05:58.887379,2016-07-28T22:15:34,3399,0,2025-11-18T11:03:13.038849,2025-12-18T11:03:13.038849,False,warned,,,Packet Filter is OpenBSD's system for filtering TCP/IP traffic and doing Network Address Translation.
healthcare,C1Y0W9UE5,active,False,False,180,True,12,2025-11-05T19:00:58.465299,2016-08-03T21:34:23,3393,0,,,False,,,,"Resources, Security, Solutions, and general discussion around Apple technologies in healthcare"
nomad,C1Y2Y14QG,active,False,False,4009,True,19,2025-10-30T06:20:11.855749,2016-08-04T02:49:06,3393,0,,,False,,,"January 2, 2024: NoMAD has been **archived** by Jamf.  The Github repository is now in read-only mode.  No new issues, no bug fixes.","NoMAD is an *archived* tool for synchronizing local Mac login passwords with Active Directory, in lieu of an actual AD bind. 

NoMAD 2.0: <https://github.com/jamf/NoMAD-2>

Help: <https://jamf.github.io/NoMAD/help>"
mosyle,C1YV1CJSJ,active,False,False,3938,True,0,2025-11-18T14:20:27.478659,2016-08-07T03:48:22,3390,0,,,False,,,Mosyle MDM  <https://mosyle.com/>,
provideo,C20MAK763,active,False,False,230,True,5,2025-11-12T18:59:40.495439,2016-08-12T01:00:14,3385,0,,,False,,,Post Varsectomy still doing post,"Avid, Resolve, FinalCut, etc"
mcafee,C21A8TU2Y,active,False,False,372,True,49,2025-09-30T15:41:08.971479,2016-08-15T06:15:21,3382,0,,,False,,,"Team ID - GT8P3H7SPW
Version info: <https://macadmins.cloud>
ENS Jamf EA: <https://github.com/tziegmann/mcafee-jamf-extension-attributes>
SEXT/FILTER/PPPC Details - <https://macadmins.cloud/2021/02/19/configuration-profiles/>","Discuss McAfee products. For product enhancements, please visit <https://community.mcafee.com/t5/Business-Ideas/idb-p/business-ideas>"
montreal,C2390D4LW,active,False,False,154,True,6,2025-11-11T22:48:37.867469,2016-08-20T13:22:09,3377,0,,,False,,,:montreal:  Welcome- Bienvenue. :montreal-expos:,Macadmins in the greater Montreal area
microsoft,C23BGLKST,active,False,False,641,True,1,2025-11-17T09:57:23.188839,2016-08-21T04:29:10,3376,0,,,False,,,,
twocanoes-winclone,C24F3FR19,active,False,False,189,True,70,2025-09-08T16:53:00.287459,2016-08-24T16:39:09,3372,0,,,False,,,https://twocanoes.zendesk.com/hc/en-us/categories/200158478-Winclone,All things Winclone http://twocanoes.com/winclone
welcome_aboard,C255ND56X,active,False,False,16,True,0,2025-11-18T11:25:46.147879,2016-08-26T07:03:19,3371,0,,,False,,,,A place to introduce yourself.
losangeles,C25KWBCBB,active,False,False,417,True,1,2025-11-17T13:22:01.540769,2016-08-27T17:54:04,3369,0,,,False,,,"Your friendly Los Angeles Apple hangout.
Next meetup 1/27 @ 5PM
<https://community.jamf.com/t5/los-angeles-mac-admins/los-angeles-mac-admins-happy-new-year-meetup-january-2022/ec-p/255108#M4>",For peeps in and around Los Angeles
security-alerts,C27T1MF9C,active,False,False,1652,True,2,2025-11-15T17:53:37.234609,2016-09-02T21:58:48,3363,0,,,False,,,NO CHAT. Post announcements of security events.  Authoritative links preferred,"NO CHATTING in channel.  Only post announcements for system, application, software, service, etc. hacks, exploits, compromises, etc.  Authoritative links with explanations &amp; fixes preferred. Check history for duplicates"
microsoft-autoupdate,C29PWTQFM,active,False,False,1987,True,5,2025-11-13T15:23:20.119989,2016-09-09T04:17:50,3357,0,,,False,,,<https://github.com/cocopuff2u/MOFA> | <https://learn.microsoft.com/en-us/officeupdates/release-history-microsoft-autoupdate> | Office Prefs: <https://goo.gl/UC04oZ>,Discussion about Microsoft AutoUpdate
jamfhelper,C2A0G6YQH,active,False,False,735,True,342,2024-12-10T21:08:15.897119,2016-09-09T14:13:32,3357,0,2025-11-18T11:01:47.657880,2025-12-18T11:01:47.657880,False,warned,,,"This channel is for discussions around the JamfHelper tool provided with Jamf Pro, used to issue notification windows on endpoints.  For general Jamf discussions, please use <#C04QVP86E|>"
webhelpdesk,C2AG86AB1,active,False,False,74,True,4,2025-11-13T22:31:56.649819,2016-09-12T04:47:50,3354,0,2025-11-18T11:04:46.658668,2025-12-18T11:04:46.658668,False,warned,,,"to discuss one of the first/best on-premesis ticket systems, with features for MacAdmins"
diversity-inclusion-and-belonging,C2M7VHEKD,active,False,False,243,True,165,2025-06-06T14:06:16.868159,2016-10-10T07:10:25,3326,0,2025-11-18T11:00:43.695394,2025-12-18T11:00:43.695394,False,warned,,,Discussion and idea sharing for building a more diverse community and bringing more voices to the table.
profilecreator,C2N7MED7G,active,False,False,1970,True,13,2025-11-05T02:56:26.389469,2016-10-12T05:37:22,3324,0,,,False,,,Latest version: 0.3.7 -<https://github.com/ProfileCreator/ProfileCreator>,"Discussion around the ProfileCreator macOS app and supported preferences by <@U0567QABP>
<https://github.com/ProfileCreator/ProfileCreator>"
vmware,C2NJDBV7X,active,False,False,1064,True,11,2025-11-06T19:32:55.041199,2016-10-12T20:42:48,3323,0,,,False,,,running macOS ARM VMs is unsupported by VMware Fusion - <https://knowledge.broadcom.com/external/article?legacyId=88697>,VMware Virtualisation
hockey,C2S5U5KH7,active,False,False,36,True,11,2025-11-07T12:49:05.547399,2016-10-20T20:59:57,3315,0,,,False,,,,Sports suck. Hockey is different.
toronto,C2T39UL5V,active,False,False,444,True,0,2025-11-18T14:06:29.733689,2016-10-23T20:53:43,3312,0,,,False,,,"Next Toronto MacAdmins Meetup:
Sometime in November?",Greater Toronto
high-ed-sweden,C2T93UJMD,active,False,False,93,True,7,2025-11-11T07:05:52.434799,2016-10-24T12:26:56,3312,0,,,False,,,,Higher Education Systems administrators in sweden
stock-market,C2U5J8MDX,active,False,False,32,True,249,2025-03-14T04:21:18.614189,2016-10-25T21:59:18,3310,0,2025-11-18T11:04:07.725918,2025-12-18T11:04:07.725918,False,warned,,Casual chat about stonks. NO INVESTMENT ADVICE PROVIDED OR IMPLIED.,
homekit,C2V4K056Z,active,False,False,221,True,5,2025-11-12T21:56:02.976929,2016-10-27T18:06:56,3308,0,,,False,,,,Discuss new home control technologies
books,C2ZC4UXEY,active,False,False,106,True,253,2025-03-09T17:01:20.399829,2016-11-07T16:16:19,3298,0,2025-11-18T11:00:10.910947,2025-12-18T11:00:10.910947,False,warned,,,"Share a great resource here! Please keep the suggestions to IT Mac and or sysadmin related topics, however productivity etc are also welcome. Self promotion for books on topic is encouraged!"
gettingstarted,C3002SY58,active,False,False,70056,True,5,2025-11-13T09:21:47.695189,2016-11-08T19:07:05,3296,0,,,False,,,"This channel is a quieter side channel to <#C19MR7EM9|> to make it easier to discuss getting started questions. • Looking for a channel? Try Command-K, then type your topic.",This channel is a quieter side channel to <#C19MR7EM9|> to make it easier to discuss getting started questions.
microsoft-intune,C31HJUSRJ,active,False,False,5913,True,0,2025-11-18T15:29:33.714359,2016-11-11T15:32:24,3294,0,,,False,,,<https://learn.microsoft.com/en-us/mem/intune/fundamentals/whats-new>,<https://docs.microsoft.com/en-us/intune/whats-new>
microsoft-skype,C36BQAXFF,active,False,False,372,True,196,2025-05-05T20:29:13.329049,2016-11-23T13:50:13,3282,0,2025-11-18T11:02:32.965225,2025-12-18T11:02:32.965225,False,warned,,Skype for Business questions &amp; feedback - please read pinned items,All things Skype for Business
duo,C38J38CUU,active,False,False,398,True,19,2025-10-29T19:39:48.126229,2016-11-29T22:51:04,3275,0,,,False,,,,"All things Duo (…it’s “Duo”, not “DUO”)"
egnyte,C3966DZDH,active,False,False,120,True,140,2025-07-01T15:42:18.302099,2016-12-01T10:37:14,3274,0,2025-11-18T11:00:48.973455,2025-12-18T11:00:48.973455,False,warned,,,
newyork,C3APLCT1R,active,False,False,494,True,4,2025-11-13T19:38:40.106619,2016-12-05T19:40:59,3269,0,,,False,,,,Channel for NY/NYC based admins
poland,C3DRHFUHL,active,False,False,51,True,105,2025-08-05T16:23:33.579219,2016-12-10T12:40:07,3265,0,2025-11-18T11:03:15.755125,2025-12-18T11:03:15.755125,False,warned,,,Channel for folks from Poland
keyboards,C3EL91VAP,active,False,False,136,True,40,2025-10-08T17:12:17.903109,2016-12-14T15:38:18,3261,0,,,False,,,,Everything keyboards...
websense-forcepoint,C3ER6QB6Y,active,False,False,137,True,47,2025-10-01T18:36:25.689259,2016-12-14T16:15:46,3261,0,,,False,,,,For discussing the pains of managing WebSense/ForcePoint on Mac
macbrained_sf,C3F5QALER,active,False,False,109,True,18,2025-10-30T17:58:55.575769,2016-12-15T06:14:33,3260,0,,,False,,,For the stream from Macbrained SF last night please visit https://www.facebook.com/macbrained.org/,Macbrained SF Chapter
macbrained_sfsb,C3FP0H9GE,active,False,False,52,True,18,2025-10-30T18:15:19.247759,2016-12-15T06:14:04,3260,0,,,False,,,,Macbrained SF South Bay Chapter
itglue,C3GJC4VDW,active,False,False,132,True,25,2025-10-23T19:59:24.149149,2016-12-20T22:52:19,3254,0,,,False,,,,
carbonblack,C3NGV2GTH,active,False,False,581,True,50,2025-09-29T12:04:45.285539,2017-01-05T18:51:05,3238,0,,,False,,,"Discuss Carbon Black Products including:
Carbon Black Response (6.2.6.90912)
Carbon Black PSC (Defense, ThreatHunter, LiveOps, ThreatSight)
Carbon Black Protection formerly Bit9 (8.0.0)
Official KB: <https://community.carbonblack.com/docs/DOC-7991>",Discuss CarbonBlack related topics (used to be Bit9 and CB)
jamjar,C3P30M36F,active,False,False,262,True,69,2025-09-10T01:26:23.876789,2017-01-09T19:07:30,3234,0,,,False,,,<https://github.com/dataJAR/jamJAR/wiki>,Jamf And Munki = jamJAR. <https://www.youtube.com/watch?v=SiDWCqwUSIM&amp;feature=youtu.be>
cylance,C3T5JHYRE,active,False,False,161,True,311,2025-01-10T18:39:17.345439,2017-01-19T19:01:12,3224,0,2025-11-18T11:00:37.390925,2025-12-18T11:00:37.390925,False,warned,,,
parallels,C3W29FN6R,active,False,False,601,True,6,2025-11-12T14:13:10.140629,2017-01-24T21:56:47,3219,0,,,False,,,,
protips,C3X97H78A,active,False,False,645,True,0,2025-11-18T16:13:34.254369,2017-01-27T08:58:12,3217,0,,,False,,,Collects all messages tagged with :protip: using the Slack Reacji Channeler,
msp-ops,C3XB02LMP,active,False,False,405,True,25,2025-10-23T21:30:07.991189,2017-01-30T00:52:20,3214,0,,,False,,,Discuss the operations and performance of an MSP or ITaaS-related business. Not a discussion of tools. Go to #msp-stack for that discussion.,"To discuss Managed Service Provider/IT-as-a-Service financials, operations and procedures"
memphis,C3ZEWRKL5,active,False,False,30,True,0,2025-11-18T02:16:30.684529,2017-02-01T13:11:16,3212,0,,,False,,,,"A micro group of MacAdmins in the Memphis, TN area for communicating about local events and Mac related news."
keychains,C41J6RPHP,active,False,False,273,True,261,2025-03-01T16:55:13.520249,2017-02-07T20:16:35,3205,0,2025-11-18T11:01:57.390058,2025-12-18T11:01:57.390058,False,warned,,,
tattchat,C41LPJJVD,active,False,False,7,True,0,2025-11-18T11:26:03.761649,2017-02-04T06:49:30,3209,0,,,False,,,✒️💧,Chat about ones you've got/want/about to get 😎
yubico,C45CEMDGC,active,False,False,316,True,33,2025-10-15T21:01:54.141619,2017-02-14T16:40:29,3198,0,,,False,,,,All thing Yubi
elastic-stack,C48D48TU5,active,False,False,146,True,215,2025-04-17T13:21:54.841559,2017-02-21T15:37:47,3192,0,2025-11-18T11:00:49.808931,2025-12-18T11:00:49.808931,False,warned,,,"Discuss the Elastic stack: Elasticsearch, Kibana, and Logstash"
ci,C496BENN8,active,False,False,159,True,152,2025-06-18T22:24:03.134679,2017-02-22T21:30:43,3190,0,2025-11-18T11:00:24.878928,2025-12-18T11:00:24.878928,False,warned,,,talk about using jenkins for CI in macOS related development/automation
malwarebytes,C4C0YD4RE,active,False,False,477,True,19,2025-10-30T15:32:17.277539,2017-03-02T14:39:59,3183,0,,,False,,,,Discussion of ThreatDown Malwarebytes security products on Mac
xcode,C4DFV5ZAL,active,False,False,511,True,11,2025-11-07T12:35:59.957089,2017-03-06T15:40:12,3179,0,,,False,,,"Latest Xcode 15.1 (15C65)
<https://apps.apple.com/us/app/xcode/id497799835?mt=12>",XCode related discussion &amp; items
2factorauth,C4DL74010,active,False,False,1335,True,127,2025-07-14T11:29:27.487989,2017-03-04T04:21:14,3181,0,2025-11-18T10:59:33.912374,2025-12-18T10:59:33.912374,False,warned,,"LastPass, LastPass Enterprise, Yubikey, SAASPASS, <http://Duo.com|Duo.com>, Authy, FIDO U2F, OTP - Talk","LastPass, LastPass Enterprise, Yubikey, SAASPASS, <http://Duo.com|Duo.com>, Authy, FIDO U2F, OTP - Talk"
blog-chat,C4ENKD38A,active,False,False,285,True,11,2025-11-07T14:04:31.411209,2017-03-07T12:57:22,3178,0,,,False,,,#blog-chat : #blog-feed :: #jobs-chat : #jobs-board :cop:,discussing stuff from #blog-feed or krypted or the internet at large
israel,C4FGREPPG,active,False,False,88,True,10,2025-11-08T09:55:13.992139,2017-03-07T16:26:06,3178,0,,,False,,,Join the Mac admins andl IT managers and leader linkedin community here:  <https://www.linkedin.com/groups/8723214/>,"A friendly place to find all the MacAdmins and Mac enthusiast from Israel
ניתן לכתוב גם בעברית, להתייעץ, ולדון בכל מה שקשור לנושאי הסלאק האחרים, עם טיפה תבלון ישראלי. 
יש להישמע לחוקי הסלאק הכללי, שהם בעיקר להיות נחמדים ולא מסחריים, גם אם אתם משוחדים"
smb_samba,C4FK24JTV,active,False,False,352,True,25,2025-10-24T13:25:55.252019,2017-03-08T22:24:53,3176,0,,,False,,,,Discussing the reimplementation of SMB
ringcentral-voip,C4GTBS5PH,active,False,False,87,True,364,2024-11-19T08:19:09.958879,2017-03-09T19:45:32,3175,0,2025-11-18T11:03:38.263495,2025-12-18T11:03:38.263495,False,warned,,"Ring Central, 8x8, Nextiva, Vonage, ShoreTel, Twilio, FreePBX, Polycom, Avaya etc talk","Ring Central, 8x8, Nextiva, Vonage, ShoreTel, Twilio, FreePBX, Polycom, Avaya etc talk"
simplemdm,C4HJ6U742,active,False,False,1945,True,4,2025-11-14T15:19:21.400989,2017-03-13T17:12:16,3171,0,,,False,,,":simplemdm: <https://simplemdm.com> Suggestions/Feature Requests: <https://suggestions.simplemdm.com/>
Official SimpleMDM Support: <https://simplemdm.pdq.com/hc/en-us/requests/new> or <mailto:support@simplemdm.com|support@simplemdm.com>",I for one welcome our harse overlords
enterprise,C4JMAAFQR,active,False,False,143,True,258,2025-03-05T06:40:07.140339,2017-03-16T15:22:16,3169,0,2025-11-18T11:00:53.234722,2025-12-18T11:00:53.234722,False,warned,,,
carchat,C4T3L2YTB,active,False,False,234,True,0,2025-11-18T15:08:21.511709,2017-04-03T19:42:42,3150,0,,,False,,,"“You’re now 100k in debt for a meme, and you feel nothing.”","IT folks love cars, whether they be performance, electric, or just transportation. Let's talk about them here..."
ruckus,C4Y8D4H6C,active,False,False,91,True,123,2025-07-17T19:34:27.467549,2017-04-13T17:46:11,3140,0,2025-11-18T11:03:41.054705,2025-12-18T11:03:41.054705,False,warned,,,discuss Ruckus and MacOS
mdmdev,C5238RU9X,active,False,False,1030,True,5,2025-11-13T07:13:08.484699,2017-04-21T15:27:16,3133,0,,,False,,,MDM docs: <https://developer.apple.com/documentation/devicemanagement> (previous PDF docs: <https://developer.apple.com/business/documentation/MDM-Protocol-Reference.pdf>),"Discuss MDM, DEP, VPP, etc. low-level protocol spec and implementation."
depnotify,C523HLQ83,active,False,False,3229,True,47,2025-10-01T20:34:40.019299,2017-04-20T18:39:44,3133,0,,,False,,,<https://github.com/jamf/DEPNotify>,Discussion about the open source tool DEPNotify
houston,C526WK94J,active,False,False,92,True,0,2025-11-17T23:06:14.860299,2017-04-20T19:41:18,3133,0,,,False,,,"<https://houstonappleadmins.org> | Meetup Nov. 12, 5:30pm","The place for Houston, Texas area MacAdmins here in Slack."
apu,C537ZGLJK,active,False,False,201,True,23,2025-10-26T14:43:41.935119,2017-04-21T04:49:27,3133,0,,,False,,,:apu: Apple Provisioning Utility – Current version: 2.1.5 – More info here: <https://macadmins.slack.com/files/U0Q96U5UY/F02DXEL15PD/aps_mobile_device_automation_data_sheet_fy20_v1.1.pdf>,Discussion of Apple's Provisioning Utility
installapplications,C54N3AT2B,active,False,False,512,True,34,2025-10-14T19:08:05.456649,2017-04-25T02:57:50,3129,0,,,False,,,"Current version: <https://github.com/macadmins/installapplications/releases/tag/2.0.3>

<https://github.com/erikng/installapplicationsdemo>

Wiki available - please contribute if you can

InstallApplications-swiftly is not supported by @erik at this time",Discussion of the tool InstallApplications
backblaze,C567H9VH8,active,False,False,492,True,5,2025-11-12T20:28:30.649289,2017-04-28T18:19:45,3125,0,,,False,,,,Discussion on how to use Backblaze for online backup and cloud storage.
firefox,C5ACP4TUZ,active,False,False,637,True,4,2025-11-13T21:35:10.410949,2017-05-09T19:33:29,3114,0,,,False,,,<https://www.mozilla.org/en-US/firefox/enterprise/> | <https://www.mozilla.org/en-US/firefox/organizations/> | <https://github.com/mozilla/policy-templates>,
teamviewer,C5AL9TLUC,active,False,False,571,True,3,2025-11-14T18:06:46.809929,2017-05-09T08:13:26,3115,0,,,False,,,Status: <https://status.teamviewer.com>,Status: <https://status.teamviewer.com>
postman,C5BM29KJQ,active,False,False,150,True,31,2025-10-17T22:38:44.011909,2017-05-10T20:00:47,3113,0,,,False,,,,"A powerful GUI platform to make your API development faster &amp; easier, from building API requests through testing, documentation and sharing. https://www.getpostman.com"
void,C5EMULB7S,active,False,False,59,True,12,2025-11-06T11:47:43.950579,2017-05-19T00:49:21,3105,0,,,False,,,,Vent into the void
uofu-macadmins,C5EQ0A8S1,active,False,False,52,True,32,2025-10-16T17:25:09.633119,2017-05-17T17:25:08,3106,0,,,False,,,,"Notifications, questions, feedback about University of Utah MacAdmin Meetings"
morbo,C5FL9EZAB,active,False,False,20,True,0,2025-11-18T11:26:15.087469,2017-05-17T22:25:02,3106,0,2025-11-18T11:02:38.676217,2025-12-18T11:02:38.676217,False,warned,,,All hail Morbo
classroom,C5FMPHTED,active,False,False,258,True,47,2025-10-02T01:11:30.323789,2017-05-22T13:02:48,3102,0,,,False,,,,Discussing Apple's Classroom app for iOS.
jamfcloud,C5JHTRP42,active,False,False,2735,True,0,2025-11-18T16:18:35.510009,2017-05-26T15:46:00,3098,0,,,False,,,Mainly for jamfcloud status and availability. For Jamf Pro questions/chat please head to <#C04QVP86E|> and <http://community.jamf.com|community.jamf.com>.,Mainly for jamfcloud status and availability. For Jamf Pro assistance please see <#C04QVP86E|>.
rust,C5LSNE2KS,active,False,False,39,True,4,2025-11-13T23:13:11.527139,2017-06-02T01:42:16,3091,0,,,False,,,":crab: Rust is a programming language that runs blazingly fast, prevents segfaults, and guarantees thread safety. <https://www.rust-lang.org/en-US/> %noarchive",The rust programming language
wacom,C5M93HYCA,active,False,False,178,True,56,2025-09-22T21:02:29.135789,2017-06-01T17:34:11,3091,0,,,False,,,"Wacom - Correct pronunciation is ""Wa"" (和) Japanese, ""Com"" short for Computer.   ",Wacom Issues on the Mac
sanantonio,C5R347F5M,active,False,False,39,True,0,2025-11-17T18:58:01.257359,2017-06-07T19:56:46,3085,0,,,False,,,<https://community.jamf.com/groups/san-antonio-mac-admins-205>,"Place for San Antonio, TX Mac Admins!!"
icloud,C5R9W4KU4,active,False,False,362,True,2,2025-11-15T19:37:54.030319,2017-06-09T11:11:09,3084,0,,,False,,,,ask all about icloud
paloalto,C5W0L8KUM,active,False,False,1318,True,4,2025-11-14T15:05:12.056499,2017-06-19T16:11:01,3074,0,,,False,,,"<https://pan-gp-client.s3.amazonaws.com/>
P <https://pan-gp-client.s3.amazonaws.com/6.1.4-720/GlobalProtect.pkg>
P <https://pan-gp-client.s3.amazonaws.com/6.2.8-223/GlobalProtect.pkg>
<https://pan-gp-client.s3.amazonaws.com/6.3.3-650/GlobalProtect.pkg>","All things PAN on macOS/iOS: GlobalProtect, Cortex, Prisma + related backend configuration.

<https://www.paloaltonetworks.com/>"
catfacts,C5Y9C581K,active,False,False,36,True,312,2025-01-09T23:31:41.637879,2017-06-22T21:07:59,3070,0,2025-11-18T11:00:19.682850,2025-12-18T11:00:19.682850,False,warned,,,u
psumac-208,C61QEJM5F,active,False,False,250,True,121,2025-07-19T18:27:39.117579,2017-06-30T17:34:37,3062,0,2025-11-18T11:03:25.968870,2025-12-18T11:03:25.968870,False,warned,,"Save the Date! July 7-10 2026
:gforms: <https://bit.ly/psumac-2025-feedback|2025 Conference Feedback>
:gdocs: <https://bit.ly/psumac2025notes|2025 Notes Folder>
:yt: <https://youtube.com/psumacconf|YouTube Channel>","Discussion about sessions in 208 at the MacAdmins Conference at PSU
<#C066MCBT2|>
:sched: <https://psumac2025.sched.com|2025 Schedule>
:gdocs: <https://bit.ly/psumac2025notes|2025 Notes>
"
psumac-206,C62BCLZC2,active,False,False,224,True,121,2025-07-19T18:27:38.282199,2017-06-30T17:33:59,3062,0,2025-11-18T11:03:25.033434,2025-12-18T11:03:25.033434,False,warned,,"Save the Date! July 7-10 2026
:gforms: <https://bit.ly/psumac-2025-feedback|2025 Conference Feedback>
:gdocs: <https://bit.ly/psumac2025notes|2025 Notes Folder>
:yt: <https://youtube.com/psumacconf|YouTube Channel>","Discussion about sessions in 206 at the MacAdmins Conference at PSU
<#C066MCBT2|>
:sched: <https://psumac2025.sched.com|2025 Schedule>
:gdocs: <https://bit.ly/psumac2025notes|2025 Notes>
"
psumac-207,C62CUHCMA,active,False,False,249,True,121,2025-07-19T18:27:38.791719,2017-06-30T17:34:16,3062,0,2025-11-18T11:03:25.532445,2025-12-18T11:03:25.532445,False,warned,,"Save the Date! July 7-10 2026
:gforms: <https://bit.ly/psumac-2025-feedback|2025 Conference Feedback>
:gdocs: <https://bit.ly/psumac2025notes|2025 Notes Folder>
:yt: <https://youtube.com/psumacconf|YouTube Channel>","Discussion about sessions in 207 at the MacAdmins Conference at PSU
<#C066MCBT2|>
:sched: <https://psumac2025.sched.com|2025 Schedule>
:gdocs: <https://bit.ly/psumac2025notes|2025 Notes>
"
papercut,C630YK2AF,active,False,False,801,True,0,2025-11-18T11:16:40.009369,2017-07-03T12:09:20,3060,0,,,False,,,,https://www.papercut.com/
psumac-deans-2,C635X2T46,active,False,False,282,True,82,2025-08-27T20:53:41.935279,2017-06-30T17:33:02,3062,0,,,False,,,"Save the Date! July 7-10 2026
:gforms: <https://bit.ly/psumac-2025-feedback|2025 Conference Feedback>
:gdocs: <https://bit.ly/psumac2025notes|2025 Notes Folder>
:yt: <https://youtube.com/psumacconf|YouTube Channel>","Discussion about sessions in Deans Hall 2 at the MacAdmins Conference at PSU
<#C066MCBT2|>
:sched: <https://psumac2025.sched.com|2025 Schedule>
:gdocs: <https://bit.ly/psumac2025notes|2025 Notes>
"
psumac-deans-1,C636F3EDD,active,False,False,291,True,121,2025-07-19T18:27:39.429429,2017-06-30T17:32:49,3062,0,2025-11-18T11:03:26.412709,2025-12-18T11:03:26.412709,False,warned,,"Save the Date! July 7-10 2026
:gforms: <https://bit.ly/psumac-2025-feedback|2025 Conference Feedback>
:gdocs: <https://bit.ly/psumac2025notes|2025 Notes Folder>
:yt: <https://youtube.com/psumacconf|YouTube Channel>","Discussion about sessions in Deans Hall 1 at the MacAdmins Conference at PSU
<#C066MCBT2|>
:sched: <https://psumac2025.sched.com|2025 Schedule>
:gdocs: <https://bit.ly/psumac2025notes|2025 Notes>
"
psumac-205,C636FMY87,active,False,False,166,True,121,2025-07-19T18:27:37.988249,2017-06-30T17:33:45,3062,0,2025-11-18T11:03:24.607686,2025-12-18T11:03:24.607686,False,warned,,"Save the Date! July 7-10 2026
:gforms: <https://bit.ly/psumac-2025-feedback|2025 Conference Feedback>
:gdocs: <https://bit.ly/psumac2025notes|2025 Notes Folder>
:yt: <https://youtube.com/psumacconf|YouTube Channel>","Discussion about sessions in 205 at the MacAdmins Conference at PSU
<#C066MCBT2|>
:sched: <https://psumac2025.sched.com|2025 Schedule>
:gdocs: <https://bit.ly/psumac2025notes|2025 Notes>
"
beer-swap-plannin,C67KDGETS,active,False,False,12,True,0,2025-11-18T11:26:21.216039,2017-07-13T12:21:41,3050,0,2025-11-18T11:00:04.166359,2025-12-18T11:00:04.166359,False,warned,,,
laps,C68F4NLFL,active,False,False,1699,True,5,2025-11-13T07:40:06.490809,2017-07-13T17:43:23,3049,0,,,False,,,Using Localized Administrator Password Solutions on macOS (LAPS),"All things to do with randomized local admin passwords for Mac:

Projects:
<https://github.com/joshua-d-miller/macOSLAPS>
<https://github.com/NU-ITS/LAPSforMac>
<https://github.com/lzuba/mlaps>
<https://github.com/PezzaD84/macLAPS>"
ivanti,C692ANW4D,active,False,False,225,True,76,2025-09-03T01:54:49.486799,2017-07-14T14:07:48,3049,0,,,False,,,,"A place for Mac Admins who use Ivanti (formerly LANDESK and HEAT) to ask questions, get advice or just generally blow off steam."
twocanoes-bootrunner,C699XFYPM,active,False,False,73,True,201,2025-04-30T21:04:16.632159,2017-07-16T00:53:06,3047,0,2025-11-18T11:04:30.873866,2025-12-18T11:04:30.873866,False,warned,,,
vectorworks,C6ABT55H9,active,False,False,93,True,11,2025-11-07T06:31:46.009799,2017-07-18T20:53:31,3044,0,,,False,,,Vectorworks Discussion | Latest Version 2026 SP 1 | 2025 SP 7,
chromebooks,C6B2ECRFD,active,False,False,479,True,12,2025-11-05T17:34:34.769349,2017-07-20T02:43:18,3043,0,,,False,,,,Enterprise Chromebook deployment
pittsburgh-admins,C6D7F9W3V,active,False,False,86,True,5,2025-11-12T23:01:07.555369,2017-07-25T13:45:41,3038,0,,,False,,,Pittsburgh-based Mac Admins :412:  - Welcome to Pennsylvania’s best city.,Pittsburgh based Mac admins %noarchive
musicsupport,C6G6GLHB7,active,False,False,442,True,0,2025-11-18T01:27:20.872709,2017-07-31T19:11:32,3031,0,,,False,,,Syphon? | The next release of appleloops will be python3 only - requires 3.7.9 minimum.,Discussing the hardware and software used to integrate music education with macOS/iOS
manageengine,C6HSS17U2,active,False,False,260,True,0,2025-11-18T14:26:38.707249,2017-08-03T20:13:38,3028,0,,,False,,,ManageEngine EndPoint Central- The Unified Endpoint Management Software! and All things Manage Engine MDM,Discuss on EndpointCentral and MDM for Mac management .
webroot,C6J5LP02W,active,False,False,58,True,143,2025-06-27T21:04:58.572909,2017-08-04T11:03:18,3028,0,2025-11-18T11:04:48.006510,2025-12-18T11:04:48.006510,False,warned,,,
working-remote,C6MPFD3D2,active,False,False,419,True,126,2025-07-14T17:17:13.567699,2017-08-12T02:12:27,3020,0,2025-11-18T11:04:53.119935,2025-12-18T11:04:53.119935,False,warned,,,Discussion about doing remote work
315,C6Q2BMESX,active,False,False,58,True,6,2025-11-11T19:55:59.885659,2017-08-17T19:43:59,3014,0,,,False,,,,CNY macadmins group - covering Syracuse and the surounding areas
zapier,C6RLZE5A4,active,False,False,169,True,0,2025-11-18T16:09:36.491919,2017-08-23T03:51:45,3009,0,,,False,,,,To discuss/troubleshoot the awesome service that is Zapier
sydney-macadmins,C6RSV0PHA,active,False,False,194,True,4,2025-11-14T05:27:48.315329,2017-08-22T09:38:36,3010,0,,,False,,,All things Sydney Mac Admins,"To discuss Sydney Mac Admins things, information about meetups go to <https://sydneymacadmins.com>"
webex,C6S1100D6,active,False,False,244,True,12,2025-11-05T21:10:31.058079,2017-08-23T17:12:36,3008,0,,,False,,,,Discuss WebEx apps for macOS and iOS - including the Meeting Center Desktop App and Productivity Tools
saaspass,C6T6N8EP6,active,False,False,21,True,280,2025-02-10T18:47:06.097999,2017-08-24T14:02:54,3008,0,2025-11-18T11:03:43.241929,2025-12-18T11:03:43.241929,False,warned,,,Securing Macs with Multi-Factor Authentication / MFA
milwaukee,C6Y2KMNHF,active,False,False,40,True,14,2025-11-03T18:21:42.751079,2017-09-05T21:51:29,2995,0,,,False,,,,Local MacAdmin chat
microsoft-teams,C70CN1UUC,active,False,False,2742,True,1,2025-11-17T15:52:31.796949,2017-09-08T18:29:04,2992,0,,,False,,,Discussion related to Microsoft Teams | <https://docs.microsoft.com/en-us/microsoftteams/get-clients>,Discussion related to Microsoft Teams | <https://docs.microsoft.com/en-us/microsoftteams/get-clients>
citrix,C7B06CXB4,active,False,False,362,True,48,2025-09-30T19:38:02.196859,2017-09-29T15:29:31,2972,0,,,False,,,"Citrix Workspace for Mac - Version 24.11.10.22 (2411.10) / Beta - Version 25.03.0.61 (2503)

Links:
<https://www.citrix.com/downloads/workspace-app/mac/>
<https://docs.citrix.com/en-us/citrix-workspace-app-for-mac/whats-new.html>",Deployment and configuration of Citrix Workspace (the artist formerly known as Receiver).
daylite,C7BJX9MRV,active,False,False,29,True,378,2024-11-04T18:30:49.339469,2017-09-28T20:17:07,2972,0,2025-11-18T11:00:39.157211,2025-12-18T11:00:39.157211,False,warned,,,discussion of Marketcircle’s Daylite CRM Solution
startrek,C7KRXR87L,active,False,False,104,True,1,2025-11-17T03:05:09.912349,2017-10-18T00:33:33,2953,0,,,False,,,"Live long, and prosper. :spock-hand:",To boldy go…
munki-rebrand,C7SRMQYBF,active,False,False,175,True,39,2025-10-10T09:46:38.259309,2017-10-31T15:34:23,2940,0,,,False,,,Discussion of the tool to rebrand Munki's Managed Software Center: <https://github.com/TSPARR/munki-rebrand>,Discuss the tool to rebrand munki <https://github.com/ox-it/munki-rebrand>
snipe-it,C81NQH7HC,active,False,False,814,True,1,2025-11-17T10:52:31.164079,2017-11-15T17:20:44,2924,0,,,False,,,End users supporting other end users for Snipe-IT Open Source Asset Management - <https://snipeitapp.com/> <https://snipe-it.readme.io/> :snipeit: (And sometimes Snipe-IT staff is here too!),<https://snipeitapp.com/>
8021x,C826G2XCL,active,False,False,1900,True,4,2025-11-14T15:40:36.066359,2017-11-17T15:05:17,2923,0,,,False,,,,help troubleshoot and setup of 802.1x
proxmox,C84RR5SV7,active,False,False,85,True,105,2025-08-05T14:43:01.080399,2017-11-25T11:18:39,2915,0,2025-11-18T11:03:18.024279,2025-12-18T11:03:18.024279,False,warned,,<https://www.proxmox.com> - Proxmox Virtual Environment is a complete open-source platform for enterprise virtualization.,
iceland,C87GA4D7H,active,False,False,19,True,0,2025-11-18T11:26:34.719989,2017-11-28T13:20:21,2912,0,,,False,,,,Icelandic MacAdmins
freegames,C881JT3V2,active,False,False,164,True,4,2025-11-13T18:11:36.485709,2017-11-30T20:38:03,2909,0,,,False,,,A channel for free video games.,To provide channel members updates on free games.
nomad-login,C88MFDLV8,active,False,False,2211,True,42,2025-10-07T10:55:46.924789,2017-12-02T05:41:19,2908,0,,,False,,,"NoMAD Login AD <https://github.com/jamf/NoMADLogin-AD>
| Logs <https://github.com/jamf/NoMADLogin-AD/wiki/Debug-Logging> | Prefs <https://github.com/jamf/NoMADLogin-AD/wiki/preferences>",For NoMAD Login conversation.
psumac-mentors,C8C7ARL5C,active,False,False,122,True,125,2025-07-15T18:58:24.847199,2017-12-07T18:28:06,2902,0,2025-11-18T11:03:26.885602,2025-12-18T11:03:26.885602,False,warned,,Q: What’s the deadline?  A: Conference Sessions Proposals: April 14th,A place for perspective <#C066MCBT2|> speakers or new conference speakers to get help from veteran speakers
beyondcorp,C8CMK7JDP,active,False,False,263,True,20,2025-10-29T09:25:55.331069,2017-12-12T07:18:07,2898,0,,,False,,,<https://cloud.google.com/beyondcorp/>,Enterprise security with zero-trust networks
avgeeks-fr,C8E46PWG4,active,False,False,23,True,266,2025-02-25T04:54:24.278249,2017-12-13T14:37:22,2897,0,2025-11-18T10:59:59.083161,2025-12-18T10:59:59.083161,False,warned,,Ici on parle entre avgeeks en :flag-fr:,For Aviation Geeks
microsoft-windows-app,C8J5E5VPW,active,False,False,728,True,0,2025-11-18T15:15:36.565189,2017-12-21T17:44:21,2888,0,,,False,,,"Mac App Store - <https://itunes.apple.com/app/id1295203466>
Mac Microsoft CDN - <https://go.microsoft.com/fwlink/?linkid=868963>
Mac Beta - <https://aka.ms/rdmacbeta>
iOS/iPad - <https://itunes.apple.com/app/id715768417>","Discussion channel for Microsoft Windows App, formerly known as Microsoft Remote Desktop"
tabletop_games,C8R5PF6LX,active,False,False,97,True,6,2025-11-12T03:17:32.101379,2018-01-09T14:20:43,2870,0,,,False,,,Roll initiative,"Tabletop games: DnD, Pathfinder, WoD, board games, whatever!"
vpn,C8RR8HF6K,active,False,False,592,True,62,2025-09-17T15:07:41.234059,2018-01-10T14:45:57,2869,0,,,False,,,,"Discussion around vpn troubleshooting, setup and implementation"
crypto,C8T9P1FBJ,active,False,False,127,True,42,2025-10-06T20:31:18.941479,2018-01-17T03:23:10,2862,0,,,False,,,To the moon!,
apple-school-manager,C8V80C0MQ,active,False,False,1135,True,3,2025-11-14T19:32:14.935749,2018-01-18T23:56:58,2860,0,,,False,,,Talk about Apple School Manager. Info on latest updates: <https://support.apple.com/en-us/HT207191>,
python-beginners,C8ZDRDGN8,active,False,False,771,True,1,2025-11-17T13:17:48.371119,2018-01-26T20:20:18,2852,0,,,False,,,"How to get questions answered well and quickly:
- Include the high level goal(s) you are trying to accomplish.
- Please include detailed information about errors or exceptions.
- Avoid pasting large blobs of code. Use snippets.","Ask what you want about Python. Judgement free zone, and please leave the snark at the door."
eset,C94RFGVK3,active,False,False,213,True,68,2025-09-11T11:09:14.044949,2018-02-07T16:09:19,2841,0,,,False,,,,ESET Nod32 Antivirus and security products related channel
k4,C9C2C50N5,active,False,False,12,True,0,2025-11-18T11:26:41.064349,2018-02-21T17:08:53,2826,0,,,False,,,,Discussion of vjoon K4 publishing platform.
appleseed,C9C47G4LU,active,False,False,3565,True,19,2025-10-30T10:12:04.905629,2018-02-20T22:39:10,2827,0,,,False,,,"Public discussion of AppleSeed and related.  Please keep the Apple beta software discussion to the private AppleSeed channel.  If you are already in the AppleSeed program, see Pinned Items for private channel access.","Public discussion of AppleSeed and related.  Please keep the Apple beta software discussion to the private AppleSeed channel.  If you are already in the AppleSeed program, see Pinned Items for private channel access."
confluence,C9C4PR91Q,active,False,False,193,True,13,2025-11-05T14:23:58.176149,2018-02-20T22:31:20,2827,0,,,False,,,,
apple-business-manager,C9CGP6EPP,active,False,False,4962,True,0,2025-11-18T12:38:50.974229,2018-02-21T12:32:32,2827,0,,,False,,,Discussions about Apple Business Manager,"Discussions about Apple Business Manager.
Apple Business Manager User Guide - <https://support.apple.com/guide/apple-business-manager/welcome/web>"
日本語,C9CH5TC1L,active,False,False,55,True,12,2025-11-06T16:30:52.053099,2018-02-20T11:04:44,2828,0,,,False,,,,需要がなさそうだけど作った
thumbsdown,C9G2D6EKS,active,False,False,13,True,0,2025-11-18T16:30:38.349739,2018-03-01T04:58:11,2819,0,,,False,,,All messages with :-1: reactions will now be automatically posted to this channel. <@U0CCYTZ7S> set this up (and you can type `/reacji-channeler help` to learn more),
racoon,C9GNX07L2,active,False,False,10,True,0,2025-11-18T11:26:42.803309,2018-03-01T07:53:05,2819,0,2025-11-18T11:03:30.489775,2025-12-18T11:03:30.489775,False,warned,,News! All messages with :raccoon: reactions will now be automatically posted to this channel(and you can type `/reacji-channeler help` to learn more).,
google-apps-script,C9H76PLNN,active,False,False,409,True,26,2025-10-22T17:44:33.607289,2018-03-01T20:46:20,2818,0,,,False,,,,
the-more-you-know,C9J1YPYP8,active,False,False,25,True,11,2025-11-06T23:19:22.138939,2018-03-01T20:03:12,2818,0,,,False,,,News! All messages with the :themoreyouknow: reaction will now be automatically posted to this channel. <@U0CCYTZ7S> set this up (and you can type `/reacji-channeler help` to learn more).,
script,C9JJ8GLUT,active,False,False,239,True,304,2025-01-17T17:17:45.904829,2018-03-05T15:50:22,2815,0,2025-11-18T11:03:47.991612,2025-12-18T11:03:47.991612,False,warned,,,
bedroomchat,C9JKXA39C,active,False,False,20,True,214,2025-04-17T21:34:34.882789,2018-03-02T18:42:56,2817,0,2025-11-18T11:00:03.112390,2025-12-18T11:00:03.112390,False,warned,,welcome to where we talk about bedrooms,talk about ideal bedrooms
addigy-pub-software,C9K1QA26R,active,False,False,216,True,4,2025-11-14T15:23:28.782869,2018-03-05T21:07:50,2814,0,,,False,,,,A place for people who put stuff in the Addigy Public Software section to coordinate efforts.
slc,C9K2CRZFG,active,False,False,40,True,32,2025-10-16T17:25:21.490309,2018-03-04T06:03:41,2816,0,,,False,,,,Channel for the SLuT admins
chocolatey,C9LEZ89ST,active,False,False,201,True,288,2025-02-03T14:45:33.417949,2018-03-06T17:04:22,2813,0,2025-11-18T11:00:22.942792,2025-12-18T11:00:22.942792,False,warned,,windows for mac admins,
patchserver,C9RQZ7R7H,active,False,False,220,True,326,2024-12-26T21:41:54.394539,2018-03-15T20:46:56,2804,0,2025-11-18T11:03:09.385596,2025-12-18T11:03:09.385596,False,warned,,"Read the docs and view the code: <https://github.com/brysontyrrell/PatchServer>
Report problems and request features:
<https://github.com/brysontyrrell/PatchServer/issues>",Discuss the PatchServer for Jamf Pro project
seattle,C9YFYGKCM,active,False,False,58,True,91,2025-08-18T20:57:05.077389,2018-03-29T18:16:33,2790,0,,,False,,,A fallow city-specific channel. Recommend you join <#C0533K6HC|> for full eeffect.,Random chat for Seattle-based people.
title-editor-community,C9Z5YUN5N,active,False,False,488,True,68,2025-09-10T19:33:06.537019,2018-04-02T20:12:22,2786,0,,,False,,,"The channel formerly known as ""communitypatch"". Jamf Title Editor tips, tricks, and discussions.",CommunityPatch Discussion (In Beta)
bluesky,CA12AHZ3M,active,False,False,89,True,26,2025-10-22T19:55:29.155999,2018-04-04T16:50:49,2784,0,,,False,,,<https://github.com/BlueSkyTools/BlueSkyConnect>,A tool for making managed computers do an outbound SSH tunnel to a central server to all SSH and Apple Screen Sharing to go back in through those tunnels. Great for quick access remote support and a lot of capabilities once only found in ARD.
mac-administration,CA56KHUFQ,active,False,False,581,True,57,2025-09-22T03:04:45.579899,2018-04-10T16:45:35,2778,0,,,False,,,,
accessibility,CA8ER3AEA,active,False,False,58,True,14,2025-11-04T13:56:43.608769,2018-04-16T16:54:18,2772,0,,,False,,,,VoiceOver and all of the other various bits and pieces that make Apple devices more accessible to people with disabilities.
azure,CA97D1LC8,active,False,False,1265,True,0,2025-11-17T17:53:55.762979,2018-04-19T19:55:07,2769,0,,,False,,,You might also be interested in <#CSLNS5GEN|> and <#C03PDM79GKG|>,All things Azure
network-stack,CA9D4Q9KR,active,False,False,137,True,271,2025-02-19T17:26:23.048469,2018-04-17T18:12:46,2771,0,2025-11-18T11:02:48.188619,2025-12-18T11:02:48.188619,False,warned,,,"Talking about vendors that offer ""full stack"" networking products."
crowdstrike_falcon,CA9SU2FSS,active,False,False,4705,True,0,2025-11-18T16:07:48.570709,2018-04-18T15:47:24,2771,0,,,False,,,"A community for CrowdStrike customers to help each other with Falcon for Mac.

Community Guidance:
1) Please be nice, there is no SLA for support
2) Your OpSec is your responsibility
3) Keep support issues to DM

Search is your friend!","To discuss CrowdStrike Falcon deployment, features, and troubleshooting with other CrowdStrike customers that use macOS.

This is not an official Support channel.
For official CrowdStrike Support, go to <https://support.crowdstrike.com>"
virginia,CA9V67ZF0,active,False,False,42,True,25,2025-10-23T17:19:00.011359,2018-04-18T17:20:37,2770,0,,,False,,,,Channel for MacAdmins working or living in the Commonwealth of Virginia
freshdesk,CAAFP5C76,active,False,False,245,True,40,2025-10-09T15:35:56.260179,2018-04-21T00:03:21,2768,0,,,False,,,,"to talk with other users of freshdesk, freshservice, or any other freshwork apps"
yo_notifications,CACTDKH2T,active,False,False,76,True,190,2025-05-12T09:57:48.668579,2018-04-24T01:48:33,2765,0,2025-11-18T11:04:57.534487,2025-12-18T11:04:57.534487,False,warned,,<https://github.com/sheagcraig/yo/releases/tag/2.0.2>,Discuss Yo
apple-dev-rss,CADBAHTLN,active,False,False,846,True,0,2025-11-17T18:21:37.633569,2018-04-24T21:04:23,2764,0,,,False,,,Read-only channel <https://developer.apple.com/news/releases/rss/releases.rss>,
sarcprotips,CAHGFQBDL,active,False,False,30,True,5,2025-11-12T20:54:55.046459,2018-05-01T21:45:59,2757,0,,,False,,,,
automox,CAKEC4D7H,active,False,False,223,True,54,2025-09-24T22:00:39.615359,2018-05-04T14:06:40,2755,0,,,False,,,,"Configuration and troubleshooting of Automox for vulnerability scanning and remediation, and software distribution"
jamf-product-issues,CAL8UHH1N,active,False,False,3576,True,4,2025-11-14T16:28:26.718619,2018-05-09T16:41:35,2750,0,,,False,,,"Please post verified Jamf product issues only. Include the “PI” number and description. For discussion or verification of potential issues, visit <#C04QVP86E|>.","This channel is for sharing Jamf Product Issue numbers (e.g.: PI123456) and a brief description of the PI with the express purpose of facilitating their discovery via Slack search, and inviting discussion around the issue."
appdev,CAS5BPSHM,active,False,False,222,True,101,2025-08-08T19:00:01.990549,2018-05-16T20:57:45,2742,0,2025-11-18T10:59:48.380965,2025-12-18T10:59:48.380965,False,warned,,"Xcode, Swift, Objective-C, and more…",A friendly place to discuss app development for Apple platforms
dad-jokes,CASFFEUTG,active,False,False,196,True,4,2025-11-14T01:34:44.222189,2018-05-17T15:25:28,2742,0,,,False,,,,"Because they're hilarious, and why not?"
plex,CAVKME30U,active,False,False,154,True,52,2025-09-27T15:17:42.623389,2018-05-24T20:59:58,2734,0,,,False,,,"As is true with many tools we use daily, Plex can be used illegally, please remember to keep the topics here ethical, or you'll be asked to walk the plank!",let’s chat about Plex %noarchive
watchos,CAW32HDML,active,False,False,122,True,29,2025-10-20T15:59:56.571559,2018-05-23T23:27:08,2735,0,,,False,,,"current stable watch OS 11.6 (22U84) | watchOS 10.2 (21S364) | watchOS 9.6.3 (20U502) | watchOS 8.8.1 (19U512) | 7.6.2 (18U80)
<https://support.apple.com/en-us/121163>, <https://support.apple.com/HT213782>, <https://support.apple.com/HT213436>","All things WatchOS; tips, tricks, tools and insights re the deployment,  integration, and management of iDevices."
uex-tool-for-jamf,CAXU05LP6,active,False,False,174,True,363,2024-11-20T15:43:58.344539,2018-05-29T21:53:56,2729,0,2025-11-18T11:04:33.550237,2025-12-18T11:04:33.550237,False,warned,,UeX is still up with the latest version and wiki on: <https://bit.ly/2TkbH7L> (<https://bit.ly/2TkbH7L>) Wiki: <https://bit.ly/39jclaW> (<https://github.com/green-philodendron/Jamf-Interaction-Toolkit/wiki>),This is the general channel used for discussions on the jamf Interaction toolkit. (Github page is currently unavailable while the open source status is under review.)
qnap,CAY52CL67,active,False,False,117,True,155,2025-06-16T13:26:04.712789,2018-05-30T01:33:52,2729,0,2025-11-18T11:03:28.628218,2025-12-18T11:03:28.628218,False,warned,,,"QNAP NAS devices in Mac environment. Tips, use, help etc"
caching,CAY8ZPE05,active,False,False,464,True,1,2025-11-17T15:50:58.974419,2018-05-29T21:38:44,2729,0,,,False,,,,Let’s chat about changes to the caching service. <https://support.apple.com/guide/mac-help/content-caching-preferences-mchleaf1e61d/mac>
querycon,CAYEPK5RA,active,False,False,7,True,252,2025-03-10T20:32:58.264359,2018-05-30T16:54:55,2728,0,2025-11-18T11:03:29.579920,2025-12-18T11:03:29.579920,False,warned,,,
xserve,CAYUBHQCD,active,False,False,35,True,179,2025-05-22T22:01:00.571009,2018-05-30T19:04:12,2728,0,2025-11-18T11:04:56.261572,2025-12-18T11:04:56.261572,False,warned,,Discussion of keeping the Apple Xserve limping along.,Discussion of keeping the Apple Xserve limping along.
veterans,CB0017YVA,active,False,False,23,True,10,2025-11-08T05:07:10.449079,2018-06-01T17:52:43,2726,0,,,False,,,"Welcome, fellow veterans! Please introduce yourself with your branch and dates of service so we can figure out if anyone overlapped with you and was maybe in the same mud at the same time!",A place for military veterans (of any nation/branch) to network and share stories.
developer,CB1AHH771,active,False,False,261,True,5,2025-11-13T16:18:49.615549,2018-06-01T19:54:38,2726,0,,,False,,,,
detectx,CB2T0FVPA,active,False,False,95,True,61,2025-09-18T12:58:44.586819,2018-06-07T17:24:38,2720,0,,,False,,,Release Notes - <https://s3.amazonaws.com/sqwarq.com/AppCasts/dtxswift_release_notes.html>,<https://sqwarq.wordpress.com/detectx>
legal,CB45G8QJX,active,False,False,31,True,20,2025-10-28T21:06:05.659069,2018-06-08T15:59:27,2720,0,,,False,,,,All info relating to the legal profession
schoolwork,CBEHMQHJ9,active,False,False,61,True,35,2025-10-14T10:32:52.109839,2018-06-26T18:52:12,2701,0,,,False,,,,Discuss Apple Schoolwork app
gauthlib,CBH5KDFB2,active,False,False,15,True,0,2025-11-18T11:26:58.931949,2018-07-03T00:55:17,2695,0,2025-11-18T11:01:10.881329,2025-12-18T11:01:10.881329,False,warned,,<https://github.com/tinderitops/gauthlib> %noarchive,(Goth-Lib) - Python3 G Suite Function Library
smith_ai,CBJENCD3L,active,False,False,13,True,0,2025-11-18T11:26:59.297299,2018-07-03T20:44:56,2694,0,,,False,,,,"Help/discussion around using <http://Smith.ai|Smith.ai> virtual receptionists for phone &amp; web chat, and our Keypad cloud phone system"
pennpalz,CBMSC6UMS,active,False,False,14,True,252,2025-03-10T20:33:32.952589,2018-07-10T18:23:34,2687,0,2025-11-18T11:03:10.274574,2025-12-18T11:03:10.274574,False,warned,,,
psumac-105,CBNKV1NQ2,active,False,False,123,True,121,2025-07-19T18:27:36.422189,2018-07-11T13:56:02,2687,0,2025-11-18T11:03:21.998548,2025-12-18T11:03:21.998548,False,warned,,"Save the Date! July 7-10 2026
:gforms: <https://bit.ly/psumac-2025-feedback|2025 Conference Feedback>
:gdocs: <https://bit.ly/psumac2025notes|2025 Notes Folder>
:yt: <https://youtube.com/psumacconf|YouTube Channel>","Discussion about sessions in 105 at the MacAdmins Conference at PSU
<#C066MCBT2|>
:sched: <https://psumac2025.sched.com|2025 Schedule>
:gdocs: <https://bit.ly/psumac2025notes|2025 Notes>
"
powershell,CBPFUTKFG,active,False,False,550,True,6,2025-11-12T03:15:46.035639,2018-07-10T22:36:55,2687,0,,,False,,,Good resources to ask questions: <http://reddit.com/r/powershell|reddit.com/r/powershell> and <http://slack.poshcode.org|slack.poshcode.org>,PowerShell on Mac discussion...if anyone has tried it.
proxylife,CBUE03RU6,active,False,False,157,True,157,2025-06-13T17:18:08.812619,2018-07-19T02:30:35,2679,0,2025-11-18T11:03:18.921299,2025-12-18T11:03:18.921299,False,warned,,#sadproxylife,macOS/iOS behind a proxy
tidbitscontentnetwork,CBWRPM6TD,active,False,False,99,True,10,2025-11-07T22:29:28.201479,2018-07-25T20:04:52,2672,0,,,False,,,,"Support for those subscribing to and interested in the TidBITS Content Network, and discussion of article ideas."
pinball,CBY64GKP1,active,False,False,20,True,0,2025-11-18T11:27:02.202329,2018-07-26T01:00:37,2672,0,,,False,,,,"All things pinball! Ownership, arcade suggestions, high scores, general pin fandom."
parenting,CC0EK1MSB,active,False,False,64,True,0,2025-11-18T16:07:05.201559,2018-07-30T17:34:28,2667,0,,,False,,,Parenting the MacAdmins way,and Mommies too!
bbq,CC42C9JLU,active,False,False,97,True,8,2025-11-09T16:49:09.710219,2018-08-07T17:25:01,2659,0,,,False,,,,Discussion of Barbecue and Smoked Meats
tcc,CC84NA6KE,active,False,False,1227,True,13,2025-11-05T07:29:21.103969,2018-08-14T16:21:24,2653,0,,,False,,,"Check the pinned items for information.
<https://docs.google.com/spreadsheets/d/1sai3Q8qj9HdyDJfcSAchRELD0mOpik1NPYxr0F9AJRc/edit?usp=sharing>","Discuss the changes around the TCC database and any changes - Transparency, Consent and Control"
lastpass,CCEKV7JVD,active,False,False,275,True,54,2025-09-25T11:00:18.694079,2018-08-23T02:33:19,2644,0,,,False,,,,
fileserver,CCFEADL3U,active,False,False,120,True,90,2025-08-19T17:49:16.987809,2018-08-26T18:45:30,2640,0,,,False,,,,"Discuss how you are sharing files in your organization, issues, and challenges"
umad,CCHCR1AUA,active,False,False,225,True,182,2025-05-20T14:40:30.680719,2018-08-29T14:21:31,2638,0,2025-11-18T11:04:34.479274,2025-12-18T11:04:34.479274,False,warned,,<https://github.com/macadmins/umad>,
utah-jamf,CCJJDS7GS,active,False,False,110,True,32,2025-10-16T17:24:56.647309,2018-08-30T22:05:55,2636,0,,,False,,,,Utah Jamf Admins
oomnitza,CCQRSD7P1,active,False,False,146,True,242,2025-03-20T17:13:45.767409,2018-09-08T23:54:01,2627,0,2025-11-18T11:03:00.096343,2025-12-18T11:03:00.096343,False,warned,,<https://oomnitza.com>,"Discuss all things relating to Oomnitza, Oomnitza Connector, and associated integrations."
jenkins,CCS3XKLQN,active,False,False,69,True,68,2025-09-11T07:49:24.316819,2018-09-10T22:13:06,2625,0,,,False,,,,Everything Jenkins pertaining to MacOS administration and development
jnuc-hockeynight,CCU8N9L72,active,False,False,33,True,39,2025-10-10T04:57:11.509079,2018-09-17T14:55:53,2619,0,,,False,,,JNUC 2019 is Nov 12-14. The Wild host the Phoenix Coyotes on Thu. 11/14 at 8:00 PM CST,Thursday night hockey @ JNUC. Tickets can be purchased through MN Wild rep Jess Weinel. See pinned post or JNUC Mini Event page for details
plantsplantsplants,CCUV3LM7V,active,False,False,18,True,0,2025-11-18T11:27:05.620289,2018-09-17T16:19:50,2619,0,,,False,,,,"Celebrating plants in our offices, homes, generally occupied spaces. Also plant related tech or programs, and other related resources/support!"
jamf-connect,CCWGRUFKN,active,False,False,7083,True,0,2025-11-18T15:00:48.201439,2018-09-19T15:26:28,2617,0,,,False,,,"Current version: 2.45.1 Documentation: <https://docs.jamf.com/jamf-connect/>
NoMAD Pro, Login+Okta, and PKINIT
JAMF Nation:  <https://jamf.com/jamf-nation/tags/1582/jamf-connect>, :!: 2.27+ required for Sonoma; 2.38+ recommended for Sequoia :!:",
kolide,CD07P8VDF,active,False,False,551,True,0,2025-11-17T22:27:43.463289,2018-09-25T19:52:56,2610,0,,,False,,,<https://kolide.com/> - We recently announced our device trust integration w/ Okta! :partying_face: Read more about our plans at: <https://www.kolide.com/blog/kolide-announces-okta-device-trust-integration>,Discussion and support for Kolide <https://kolide.com>
jamf-enrollment-kickstart,CD0MPASBU,active,False,False,1048,True,182,2025-05-20T16:02:06.796309,2018-09-25T17:42:28,2610,0,2025-11-18T11:01:41.566301,2025-12-18T11:01:41.566301,False,warned,,Github: <https://github.com/Yohan460/JAMF-Enrollment-Kickstart>,Discussion of the JAMF Initial Configuration process: <https://github.com/Yohan460/JAMF-Enrollment-Kickstart>
axigen,CD22T1ZTN,active,False,False,5,True,0,2025-11-18T11:27:06.706389,2018-09-27T12:55:38,2609,0,2025-11-18T10:59:59.473181,2025-12-18T10:59:59.473181,False,warned,,,All about <http://Axigen.com|Axigen.com>
fcsm,CD3PC02BW,active,False,False,5,True,0,2025-11-18T11:27:07.125409,2018-09-30T06:35:06,2606,0,2025-11-18T11:00:59.502755,2025-12-18T11:00:59.502755,False,warned,,,fr-comp-sys-mac :fr:
eraseinstall,CD48Q2VRV,active,False,False,2075,True,0,2025-11-18T14:07:02.143169,2018-09-28T15:03:34,2608,0,,,False,,,Discussion/support of erase-install.sh | Release: 39.1 (macOS 11-26) | Legacy: 27.3 (macOS 10.13.4-10.15).,"<https://github.com/grahampugh/erase-install>


old
<https://bitbucket.org/prowarehouse-nl/erase-install>"
webobjects,CD4S9BYDQ,active,False,False,7,True,0,2025-11-18T11:27:07.939819,2018-10-01T20:58:20,2604,0,2025-11-18T11:04:47.575381,2025-12-18T11:04:47.575381,False,warned,,,
macos-classic,CD68YJ3J8,active,False,False,109,True,27,2025-10-21T21:26:39.132329,2018-10-03T17:17:00,2602,0,,,False,,,Run MacOS Classic on your modern Mac: <https://mendelson.org/macos9osx.html> | Active discussions are in <#C09SBD9N0|> %noarchive,"For Apple OSes with a single digit version, Classic is the OS that will not die."
macsysadmin,CD6C5RJHM,active,False,False,173,True,1,2025-11-17T14:10:13.249639,2018-10-02T13:07:20,2604,0,,,False,,,,
ibm_notes,CD8T992LX,active,False,False,13,True,252,2025-03-10T20:34:42.584889,2018-10-05T07:47:19,2601,0,2025-11-18T11:01:26.160732,2025-12-18T11:01:26.160732,False,warned,,,About IBMs Notes/Connections Software and all the things associated with deploying and supporting it…
testtest,CD9AGHCEL,active,False,False,4,True,252,2025-03-10T20:34:44.851129,2018-10-09T10:35:35,2597,0,2025-11-18T11:04:22.971225,2025-12-18T11:04:22.971225,False,warned,,,
shortcuts,CDBUH8XJ6,active,False,False,215,True,11,2025-11-06T23:46:05.036309,2018-10-11T11:19:13,2595,0,,,False,,,,For the discussion and sharing of Shortcuts!
sentinelone,CDF3LRERE,active,False,False,1338,True,0,2025-11-18T13:41:11.326179,2018-10-17T02:48:36,2589,0,,,False,,,Latest GA: 25.3.1.8253,Discuss SentinelOne autonomous endpoint protection
siliconvalley,CDFRD0YQG,active,False,False,11,True,174,2025-05-27T22:03:47.652459,2018-10-17T21:15:10,2588,0,2025-11-18T11:03:57.263201,2025-12-18T11:03:57.263201,False,warned,,,Local Silicon Valley Companies with a <#C19MR7EM9|> purpose
objectivebythesea,CDHPHKG57,active,False,False,139,True,266,2025-02-25T01:50:54.379239,2018-10-19T21:25:07,2586,0,2025-11-18T11:02:53.949239,2025-12-18T11:02:53.949239,False,warned,,<https://objectivebythesea.com/>,
whiskey,CDK1Y4U86,active,False,False,42,True,204,2025-04-28T16:10:54.341029,2018-10-19T02:48:50,2587,0,2025-11-18T11:04:49.842153,2025-12-18T11:04:49.842153,False,warned,,:whiskey: “I drink and I know things” - Tyrion Lannister,"“Happiness is having a rare steak, a bottle of whisky, and a dog to eat the rare steak.” - Johnny Carson %noarchive"
cloudberry,CDLKD0412,active,False,False,21,True,252,2025-03-10T20:35:03.339679,2018-10-23T22:38:14,2582,0,2025-11-18T11:00:27.111675,2025-12-18T11:00:27.111675,False,warned,,,Discussion of CloudBerry Backup solutions.
git2jss,CDLQMGB6E,active,False,False,145,True,222,2025-04-10T12:35:04.524269,2018-10-23T22:49:41,2582,0,2025-11-18T11:01:13.441908,2025-12-18T11:01:13.441908,False,warned,,JNUC video: <https://youtu.be/VHZaMKghOi0>    Jamf blog on the project: <https://www.jamf.com/blog/using-github-as-your-source-of-truth-for-scripts/>,Collab on git2jss  <https://github.com/BadStreff/git2jss> %noarchive
stlmacadmins,CDPASR3UN,active,False,False,44,True,111,2025-07-29T20:41:06.979719,2018-10-25T04:35:31,2581,0,2025-11-18T11:04:07.283124,2025-12-18T11:04:07.283124,False,warned,,Next meetup will be posted soon! Stay tuned. GO BLUES!  :ice_hockey_stick_and_puck::blue_heart::yellow_heart:,St. Louis Region Mac Admins Channel
mac-ibm-open-source,CDPCNNLU8,active,False,False,640,True,0,2025-11-17T21:35:15.007359,2018-10-28T14:01:42,2578,0,,,False,,,"<https://ibm.biz/mac-migration> 
<https://ibm.biz/notifier>
<https://ibm.biz/enrollment-helper>
<https://ibm.biz/enrollment-app>
<https://marketplace.jamf.com/details/mac-ibm-notifications>",This channel is focused on working with and adapting the Mac@IBM enrollment app and other related resources.
vermont,CDPJ389KP,active,False,False,16,True,0,2025-11-18T11:27:12.815449,2018-10-26T17:19:28,2579,0,,,False,,,,Mac Admins in and around the Green Mountain State!
wm-custom-plugin-dev,CDRLS68BU,active,False,False,20,True,0,2025-11-18T11:27:13.483299,2018-10-30T14:39:20,2576,0,2025-11-18T11:04:51.744210,2025-12-18T11:04:51.744210,False,warned,,,Discuss best tips and available custom plugins. See also our community forum.
safari,CDT7DN0TS,active,False,False,511,True,6,2025-11-12T16:23:10.164569,2018-11-01T20:40:02,2573,0,,,False,,,"latest macOS stable Safari:
18.5 - build 20621.2.5.11.8 (Sequoia)
18.5 - build 19621.2.5.18.1 (Sonoma)
18.5 - build 18621.2.5.18.1 (Ventura)

17.6 - build 17618.3.11.11.7 (Monterey)

16.6.1 - build 16615.3.12.12.5 (Big Sur)",chat's about <http://Safari.app|Safari.app> on macOS or iOS for that matter.
nudge,CDUU7DJQ2,active,False,False,4657,True,1,2025-11-17T10:43:57.984709,2018-11-02T22:38:52,2572,0,,,False,,,"Current version: v2.0.12.81807
Testers needed for: -
Most questions are answered in the wiki: <https://github.com/macadmins/nudge/wiki>

For Jamf issues, go to nudge-jamf",discussion of <https://github.com/macadmins/nudge>
dd-wrt,CDXS9B1CK,active,False,False,16,True,44,2025-10-05T00:54:25.701049,2018-11-07T16:01:39,2568,0,,,False,,,,
hk,CDY7ZKV4J,active,False,False,8,True,252,2025-03-10T20:35:28.696259,2018-11-07T20:40:54,2567,0,2025-11-18T11:01:24.934864,2025-12-18T11:01:24.934864,False,warned,,,
mac-mini,CE0T9E1R6,active,False,False,123,True,305,2025-01-16T23:07:20.377009,2018-11-12T17:39:04,2562,0,2025-11-18T11:02:12.394968,2025-12-18T11:02:12.394968,False,warned,,,For admins running services with Mac Minis
tenable,CE13E911U,active,False,False,277,True,11,2025-11-07T16:09:25.369789,2018-11-09T10:05:35,2566,0,,,False,,,,Channel about anything <http://tenable.io|tenable.io>
johnbwork,CE62255MF,active,False,False,6,True,0,2025-11-18T11:27:16.186439,2018-11-18T20:05:30,2556,0,2025-11-18T11:01:53.458835,2025-12-18T11:01:53.458835,False,warned,,,Work Listings
frameio,CE6LWESGM,active,False,False,9,True,0,2025-11-18T11:27:16.513549,2018-11-18T07:04:05,2557,0,,,False,,,,<http://Frame.io|Frame.io>
cycling-tech,CE7GWKXPF,active,False,False,67,True,1,2025-11-17T14:28:20.717479,2018-11-19T17:28:11,2555,0,,,False,,,N + 1,
terraform,CE9JJPD8T,active,False,False,432,True,30,2025-10-19T09:24:11.599279,2018-11-22T01:50:29,2553,0,,,False,,,,"Discussion of Terraform modules, etc., that are useful to CPE’s and system administrators."
office2019,CEDAHBCTS,active,False,False,115,True,221,2025-04-11T16:23:00.996079,2018-11-28T13:25:14,2547,0,2025-11-18T11:02:54.369642,2025-12-18T11:02:54.369642,False,warned,,,
phoenix-macadmins,CEEJ28S1Y,active,False,False,101,True,22,2025-10-27T15:23:47.253179,2018-11-28T21:34:03,2546,0,,,False,,,,Phoenix and Arizona Macadmins
bomgar,CEH9Y26D6,active,False,False,826,True,0,2025-11-18T16:17:44.953189,2018-12-03T16:36:43,2542,0,,,False,,,"Current Base / RS Version: 8.0.0 / 25.2.2
Release Notes - <https://docs.beyondtrust.com/rs/docs/rn-remote-support>
Feature Requests - <https://ideas.beyondtrust.com>
Apple Team ID - B65TM49E24 / com.bomgar.bomgar-scc","This channel is the home of BeyondTrust, but mainly for discussion around Jump and Remote Support (formerly known as Bomgar). For EPM, see <#CLLNQJZ9U|>"
microsoft-edge,CELPV7A4R,active,False,False,783,True,0,2025-11-18T00:01:48.150839,2018-12-06T17:34:25,2538,0,,,False,,,"Configure Microsoft Edge policy settings on macOS: <https://docs.microsoft.com/en-us/deployedge/configure-microsoft-edge-on-mac>
Edge for Enterprise - <https://aka.ms/EdgeEnterprise>","Discussion for Microsoft’s new Chromium-based Edge web browser (coming in the near future)
Policy Reference - <https://learn.microsoft.com/en-us/DeployEdge/microsoft-edge-policies>"
unraid,CERKUSC80,active,False,False,13,True,142,2025-06-28T23:13:38.746839,2018-12-12T20:00:32,2532,0,2025-11-18T11:04:35.339934,2025-12-18T11:04:35.339934,False,warned,,,chat about unraid generalities
sharepoint,CEU6WNF2N,active,False,False,178,True,12,2025-11-06T02:37:24.498519,2018-12-14T15:24:15,2531,0,,,False,,,,
aruba,CEUMPCJ23,active,False,False,212,True,31,2025-10-17T17:33:42.005019,2018-12-13T23:49:00,2531,0,,,False,,,,
loginlog,CEWEKFA6P,active,False,False,5,True,0,2025-11-18T11:27:20.355819,2018-12-18T09:26:20,2527,0,2025-11-18T11:02:07.956846,2025-12-18T11:02:07.956846,False,warned,,,
so_long_and_thanks,CEXQPCK1P,active,False,False,4,True,10,2025-11-07T19:21:23.378649,2018-12-19T23:16:18,2525,0,,,False,,,for all the fish!  :dolphin:,Track Doplhin emoji usage via reacj
freestuff,CEYFE3PG9,active,False,False,336,True,43,2025-10-06T14:01:52.238719,2018-12-20T16:58:52,2524,0,,,False,,,"post free items here, please include notes on local pickup and/or shipping.  Receiver of free items is responsible for shipping &amp; handling fees unless otherwise noted.",Post items here that you are trying to get rid of.  The cost must be free.  Location in post preferred for local pickup. Shipping &amp; Handling fees only.  No promotional giveaways or anything of the sort please. %noarchive
mist,CF0CFM5B7,active,False,False,646,True,0,2025-11-17T18:46:22.100329,2018-12-21T19:37:44,2523,0,,,False,,,Mist (GUI) v0.30 | mist-cli v2.2 | See bookmarks for links,"A place to discuss the utility known as Mist (macOS Installer Super Tool), a Mac utility that automatically downloads macOS Firmwares/Installers."
forensics,CF1UXQ3QD,active,False,False,162,True,11,2025-11-07T11:52:45.702319,2018-12-26T09:12:07,2519,0,,,False,,,,Digital Forensics for macOS
ringcentral,CF4FNC5R6,active,False,False,91,True,145,2025-06-25T19:19:41.904139,2019-01-02T21:36:49,2511,0,2025-11-18T11:03:37.783294,2025-12-18T11:03:37.783294,False,warned,,,
twocanoes-mds,CF6DX18KY,active,False,False,1721,True,10,2025-11-07T18:43:15.261439,2019-01-02T17:37:41,2511,0,,,False,,,,Discuss MDS (formally MacDeployStick).  File issues at <https://bitbucket.org/twocanoes/macdeploystick>
secret-squirrel-2,CF6FM38TF,active,False,False,7,True,0,2025-11-18T11:27:22.626709,2019-01-04T04:44:06,2510,0,2025-11-18T11:03:50.224222,2025-12-18T11:03:50.224222,False,warned,,,
slate,CFA65RV6W,active,False,False,6,True,252,2025-03-10T20:36:28.570729,2019-01-09T19:59:54,2504,0,2025-11-18T11:03:59.447912,2025-12-18T11:03:59.447912,False,warned,,Slate? More like IS LATE,"Users/Admins of Slate (on Mac, or other) for Admissions/Advancement/other. Discuss strategies/share tips/commiserate."
berlin_mac_admins,CFEUHA7D0,active,False,False,167,True,1,2025-11-17T08:37:10.624499,2019-01-16T10:58:43,2498,0,,,False,,,Nächstes Meetup: 26. November / November 26,"Building an Apple Mac Admin Community in Berlin and Brandenburg area, Germany."
r-macadmins-subreddit,CFGPJSEJY,active,False,False,10,True,174,2025-05-27T22:01:03.898179,2019-01-18T05:33:00,2496,0,2025-11-18T11:03:30.004857,2025-12-18T11:03:30.004857,False,warned,,,discussion and crowd sourcing volunteer moderators for a subreddit promoting the community
michigan,CFH2XBNP3,active,False,False,54,True,37,2025-10-11T18:57:05.703159,2019-01-18T20:35:33,2495,0,,,False,,,,
3d-printing,CFHUYJ0MS,active,False,False,491,True,0,2025-11-18T15:22:02.328779,2019-01-19T20:56:31,2494,0,,,False,,,,
ucs-univention,CFL7PNPGE,active,False,False,8,True,252,2025-03-10T20:36:40.193199,2019-01-21T11:58:52,2493,0,2025-11-18T11:04:33.066779,2025-12-18T11:04:33.066779,False,warned,,,
timemachine,CFMAZH2JJ,active,False,False,232,True,95,2025-08-14T18:23:06.111079,2019-01-22T15:39:06,2492,0,2025-11-18T11:04:24.720700,2025-12-18T11:04:24.720700,False,warned,,,All things Time Machine related :slightly_smiling_face:
anka,CFPHV4A5A,active,False,False,62,True,52,2025-09-27T00:26:56.777529,2019-01-25T23:33:29,2488,0,,,False,,,Check out our official Slack workspace for faster support: <https://slack.veertu.com/>,<https://veertu.com>
knowledge,CFR1NU2GZ,active,False,False,9,True,6,2025-11-12T15:22:04.812799,2019-01-29T03:52:54,2485,0,,,False,,,,
macadminsywg,CFUDP0QGZ,active,False,False,8,True,0,2025-11-18T11:27:25.328959,2019-01-31T22:25:20,2482,0,2025-11-18T11:02:15.607922,2025-12-18T11:02:15.607922,False,warned,,,"Mac Admins in the home of the Jets, the Forks, and Mitzi’s"
beekeepers,CFV60HY7M,active,False,False,15,True,0,2025-11-18T11:27:25.719709,2019-02-01T05:26:40,2482,0,2025-11-18T11:00:03.715578,2025-12-18T11:00:03.715578,False,warned,,,MacAdmins who also keep bees.
international-it,CFYGAN7MF,active,False,False,50,True,301,2025-01-20T17:13:28.706019,2019-02-05T22:56:15,2477,0,2025-11-18T11:01:32.556602,2025-12-18T11:01:32.556602,False,warned,,,Discussion channel about how to handle IT internationally (US based companies with people working abroad)
qubesos,CFZ6WMDJ7,active,False,False,9,True,252,2025-03-10T20:36:56.411839,2019-02-06T04:53:48,2477,0,2025-11-18T11:03:29.129904,2025-12-18T11:03:29.129904,False,warned,,Current stable 4.0.3,open chat about a reasonably secure operating system
testingtesting123,CG07ZJ44B,active,False,False,4,True,252,2025-03-10T20:36:58.717109,2019-02-07T01:22:16,2476,0,2025-11-18T11:04:22.535006,2025-12-18T11:04:22.535006,False,warned,,,
mendeley,CG25CB1TP,active,False,False,10,True,252,2025-03-10T20:37:01.072049,2019-02-08T14:39:29,2475,0,2025-11-18T11:02:27.937265,2025-12-18T11:02:27.937265,False,warned,,<https://www.mendeley.com/download-reference-manager/macOS>,Communicate about Mendeley and its plugins used by Word
alerter,CG25HLK27,active,False,False,21,True,214,2025-04-17T21:28:52.536919,2019-02-08T19:09:57,2474,0,2025-11-18T10:59:42.262177,2025-12-18T10:59:42.262177,False,warned,,,
iru,CG56F2SVD,active,False,False,5129,True,0,2025-11-18T13:49:50.922799,2019-02-11T22:01:34,2471,0,,,False,,,"Iru (formerly Kandji) | <http://kandji.io/updates|kandji.io/updates> | <http://support.kandji.io|support.kandji.io> | <http://docs.iru.com|docs.iru.com> | <http://github.com/kandji-inc/support|github.com/kandji-inc/support>

Iru (EE-roo)",Try Iru by visiting: <http://iru.com/request-demo|iru.com/request-demo>
sea-podcast-feb2019,CG7776US3,active,False,False,5,True,0,2025-11-18T11:27:27.741009,2019-02-13T17:16:51,2469,0,2025-11-18T11:03:49.787193,2025-12-18T11:03:49.787193,False,warned,,,Logistics for February Podcast Recording at Dropbox
saasmanagement,CGA06HTV1,active,False,False,152,True,255,2025-03-07T17:58:13.587979,2019-02-18T19:03:55,2464,0,2025-11-18T11:03:42.821728,2025-12-18T11:03:42.821728,False,warned,,SaaS management for modern IT,"Discuss all this SaaS application, license, and spend management"
intello,CGA3WG0LA,active,False,False,18,True,0,2025-11-18T11:27:28.455389,2019-02-18T19:06:20,2464,0,2025-11-18T11:01:32.000331,2025-12-18T11:01:32.000331,False,warned,,Helping to master SaaS ops! <https://www.intello.io>,Discussion and help with all things Intello and SaaS management
xxxx,CGCJNR93P,active,False,False,5,True,214,2025-04-17T21:51:58.144029,2019-02-20T19:28:26,2462,0,2025-11-18T11:04:56.679360,2025-12-18T11:04:56.679360,False,warned,,,
marketing,CGCQRDJMN,active,False,False,22,True,252,2025-03-10T20:37:17.467339,2019-02-21T21:19:50,2461,0,2025-11-18T11:02:24.685927,2025-12-18T11:02:24.685927,False,warned,,,"Marketing, promotion and making sales %noarchive"
moar-channels,CGD6GEG13,active,False,False,5,True,0,2025-11-18T11:27:29.442309,2019-02-21T10:09:08,2462,0,2025-11-18T11:02:35.589382,2025-12-18T11:02:35.589382,False,warned,,,moar-channels
pppc,CGEUQDAB0,active,False,False,669,True,7,2025-11-11T15:04:24.110689,2019-02-21T20:36:19,2461,0,,,False,,,,
brainstormdells-2019,CGLJYR0GL,active,False,False,4,True,0,2025-11-18T11:27:30.558639,2019-03-01T14:32:07,2454,0,2025-11-18T11:00:12.571994,2025-12-18T11:00:12.571994,False,warned,,"Brainstorm conference - Kalahari Resort, Wisconsin Dells, WI March 3rd-5th 2019. <https://brainstormk20.com/wisconsindells>",
barcelona,CGM24R69E,active,False,False,42,True,223,2025-04-09T11:52:58.414559,2019-03-03T16:39:17,2452,0,2025-11-18T10:59:59.911919,2025-12-18T10:59:59.911919,False,warned,,,
radmind,CGPN2C5E0,active,False,False,13,True,221,2025-04-10T17:33:27.192969,2019-03-05T17:34:41,2449,0,2025-11-18T11:03:30.936645,2025-12-18T11:03:30.936645,False,warned,,,get off my lawn!
fastlane,CGR3Z0U2V,active,False,False,11,True,252,2025-03-10T20:37:33.660339,2019-03-07T10:32:50,2448,0,2025-11-18T11:00:59.087239,2025-12-18T11:00:59.087239,False,warned,,,
imf,CGR8A2DJT,active,False,False,7,True,252,2025-03-10T20:37:35.973039,2019-03-06T00:50:39,2449,0,2025-11-18T11:01:28.433591,2025-12-18T11:01:28.433591,False,warned,,,
ciscoise,CGUFKLENB,active,False,False,81,True,160,2025-06-10T19:51:24.215679,2019-03-08T21:09:22,2446,0,2025-11-18T11:00:26.193537,2025-12-18T11:00:26.193537,False,warned,,,
folkuniversitetet,CGVCCU9ME,active,False,False,4,True,252,2025-03-10T20:37:42.858589,2019-03-12T16:54:46,2442,0,2025-11-18T11:01:02.163007,2025-12-18T11:01:02.163007,False,warned,,,Diplomerad Webbutvecklare
scripting,CGXNNJXJ9,active,False,False,4901,True,0,2025-11-18T01:46:46.238849,2019-03-13T14:14:08,2442,0,,,False,,,"Whether it's bash, python, AppleScript, Swift or all together!","bash, AppleScript, Python, Swift, Automator, Workflows... All about automation and scripting."
brainstormohio-2019,CH17Y03U4,active,False,False,3,True,252,2025-03-10T20:37:47.465609,2019-03-17T02:13:30,2438,0,2025-11-18T11:00:13.411883,2025-12-18T11:00:13.411883,False,warned,,,
lasvegas,CH4V5D3Q8,active,False,False,32,True,19,2025-10-30T15:49:15.438159,2019-03-22T17:55:43,2432,0,,,False,,,,Las Vegas Mac Admins
scep,CH59U4EDV,active,False,False,246,True,22,2025-10-27T16:01:56.968699,2019-03-19T23:39:54,2435,0,,,False,,,,
deployment,CH6MR1T97,active,False,False,423,True,245,2025-03-18T14:29:48.385549,2019-03-29T17:41:47,2425,0,2025-11-18T11:00:41.862288,2025-12-18T11:00:41.862288,False,warned,,"<https://github.com/munki/installr>
<https://github.com/munki/bootstrappr>
<http://twocanoes.com/products/mac/mac-deploy-stick/>
<https://github.com/joncrain/deployr>",Talk of the various deployment methods currently available for macOS
socal,CH70NL93R,active,False,False,11,True,61,2025-09-18T16:03:09.240279,2019-03-21T14:03:50,2434,0,,,False,,,,All things Macintosh in Southern California
openzfsonosx,CH7BJCFC6,active,False,False,9,True,252,2025-03-10T20:38:03.941449,2019-03-21T14:08:20,2434,0,2025-11-18T11:03:01.856549,2025-12-18T11:03:01.856549,False,warned,,,ZFS on MacOS <https://openzfsonosx.org>
microsoft-defender,CH7CGG16Y,active,False,False,2329,True,0,2025-11-17T17:07:24.635749,2019-03-22T18:39:31,2432,0,,,False,,,<https://learn.microsoft.com/en-us/microsoft-365/security/defender-endpoint/microsoft-defender-endpoint-mac?view=o365-worldwide>,Discussion about Microsoft Defender for Mac
macos-14-sonoma,CH8LPK7KP,active,False,False,4197,True,14,2025-11-03T23:20:34.649439,2019-03-25T01:12:42,2430,0,,,False,,,macOS Sonoma | Latest: 14.8.2 (23J126) | Security report: <https://support.apple.com/125636>,This channel is for discussing macOS Sonoma. Join NDA chat for beta talk.
profilemanifests,CH9LT65U6,active,False,False,413,True,8,2025-11-10T07:47:03.541679,2019-03-24T19:19:23,2430,0,,,False,,,ProfileManifests discussions. Manifest repo used by <#C2N7MED7G|> &amp; <#CRDEFHRQX|>,ProfileManifests discussions. Manifest repo used by <#C2N7MED7G|> &amp; <#CRDEFHRQX|>
notarization,CHA4G1G3D,active,False,False,408,True,116,2025-07-24T17:12:06.815839,2019-04-05T19:50:38,2418,0,2025-11-18T11:02:51.823343,2025-12-18T11:02:51.823343,False,warned,,Discuss the changes notarization requirements in 10.14.5 - 10.15,Discuss the changes around the new notarization requirements in the upcoming 10.14.5 update and 10.15.
mikrotik,CHCDNA38W,active,False,False,36,True,7,2025-11-11T14:08:15.080949,2019-03-26T21:27:51,2428,0,,,False,,,Current RouterOS version: 7.10.1 - <https://mikrotik.com/download/changelogs/>,<http://mikrotik.com|mikrotik.com>
isams,CHE8VGLPR,active,False,False,4,True,252,2025-03-10T20:38:22.587709,2019-03-28T10:20:42,2427,0,2025-11-18T11:01:35.134155,2025-12-18T11:01:35.134155,False,warned,,,ISAMS (MIS for Schools)
mau4,CHG4JGNFL,active,False,False,20,True,56,2025-09-22T19:29:40.496289,2019-04-11T16:38:16,2413,0,,,False,,,You probably want to be in <#C29PWTQFM|>,You probably want to be in <#C29PWTQFM|>
loanshark,CHGFDDKST,active,False,False,20,True,0,2025-11-18T11:27:37.588539,2019-03-29T17:36:26,2425,0,2025-11-18T11:02:07.052189,2025-12-18T11:02:07.052189,False,warned,,"<https://github.com/cybertunnel/LoanShark>
Current State: Pre-Alpha","Discussion and support around LoanShark, a open sourced loan management tool."
margarita,CHJNA94BE,active,False,False,17,True,252,2025-03-10T20:38:31.836869,2019-04-02T10:22:43,2422,0,2025-11-18T11:02:24.271976,2025-12-18T11:02:24.271976,False,warned,,,<https://github.com/jessepeterson/margarita>
buttigieg,CHJQ1GA7P,active,False,False,4,True,252,2025-03-10T20:38:34.119569,2019-04-02T03:54:41,2422,0,2025-11-18T11:00:16.246529,2025-12-18T11:00:16.246529,False,warned,,,"Mayor Pete for President!
BOOT-EDGE-EDGE"
frevvo,CHLHFPH4K,active,False,False,4,True,0,2025-11-18T11:27:38.785099,2019-04-16T20:33:34,2407,0,2025-11-18T11:01:06.919958,2025-12-18T11:01:06.919958,False,warned,,,Assistance with Frevvo
ohhay,CHNV6MP9A,active,False,False,4,True,252,2025-03-10T20:38:38.693709,2019-04-04T21:14:28,2419,0,2025-11-18T11:02:55.257406,2025-12-18T11:02:55.257406,False,warned,,,
hexit,CHSK7JQR4,active,False,False,9,True,0,2025-11-18T11:27:39.418779,2019-04-08T09:28:39,2416,0,2025-11-18T11:01:23.171306,2025-12-18T11:01:23.171306,False,warned,,,Product
bot_test,CHUJ81W4F,active,False,False,5,True,252,2025-03-10T20:38:45.661039,2019-04-10T03:36:25,2414,0,2025-11-18T11:00:12.166191,2025-12-18T11:00:12.166191,False,warned,,,
bettercloud,CHVLU85UJ,active,False,False,257,True,235,2025-03-27T17:57:37.336869,2019-04-26T03:12:29,2398,0,2025-11-18T11:00:05.125588,2025-12-18T11:00:05.125588,False,warned,,<https://www.bettercloud.com/>,to discuss all things bettercloud
highfive,CHVLURQ4S,active,False,False,5,True,0,2025-11-18T11:27:40.848019,2019-04-26T03:13:51,2398,0,2025-11-18T11:01:24.088008,2025-12-18T11:01:24.088008,False,warned,,<https://highfive.com/>,"let’s talk video conferencing, while we’re at it, give me a highfive!"
gameofthrones,CHWD37M9N,active,False,False,8,True,0,2025-11-18T11:27:41.220169,2019-04-15T14:28:48,2409,0,2025-11-18T11:01:09.551937,2025-12-18T11:01:09.551937,False,warned,,,game of thrones discussion
dublin_meetup,CHYHUURD4,active,False,False,34,True,75,2025-09-04T16:31:50.568089,2019-04-12T15:41:57,2412,0,,,False,,,,Meetup for the Mac-Curious in Dublin (Ireland)
sadnessasaservice,CJ091NXJ7,active,False,False,9,True,252,2025-03-10T20:38:59.957419,2019-05-01T19:43:55,2392,0,2025-11-18T11:03:44.119227,2025-12-18T11:03:44.119227,False,warned,,:vapenation:,"Sadness as a Service. The podcast that cares, or not."
tesla,CJ2FFLA84,active,False,False,52,True,13,2025-11-04T18:16:28.585639,2019-04-22T18:04:44,2401,0,,,False,,,,:racing_car: vroom.. er... i meant *silent* *silent*
spanish,CJ76YR8LT,active,False,False,19,True,0,2025-11-18T11:27:43.058579,2019-05-09T11:10:19,2385,0,,,False,,,,
gentoo,CJDP7CV5F,active,False,False,8,True,0,2025-11-18T11:27:43.695329,2019-05-10T15:49:40,2384,0,2025-11-18T11:01:11.729202,2025-12-18T11:01:11.729202,False,warned,,,Gentoo Operating System
joshuatree,CJF74V10B,active,False,False,5,True,194,2025-05-08T02:19:15.416359,2019-05-17T13:40:58,2377,0,2025-11-18T11:01:53.917034,2025-12-18T11:01:53.917034,False,warned,,The next macOS? See also <#CFCKU8A93|> and <#CH8LP1VMK|>,
octory,CJFH6NJAX,active,False,False,767,True,7,2025-11-11T07:10:38.483199,2019-05-17T18:21:32,2376,0,,,False,,,Current Version: 2.4.6 ---- Website: <https://www.octory.io> ---- Wiki: <https://docs.octory.io> ---- Configs: <https://gitlab.com/amarisgroup/octory-config>,"Discussions, how-to... Learn everything you need about Octory"
spanish-speakers,CJJK19B9T,active,False,False,14,True,0,2025-11-18T11:27:44.568379,2019-05-09T11:03:38,2385,0,,,False,,,,
chefconf,CJJPHQ8E7,active,False,False,12,True,252,2025-03-10T20:39:20.873319,2019-05-21T21:31:55,2372,0,2025-11-18T11:00:21.027476,2025-12-18T11:00:21.027476,False,warned,,,
gsx-api,CJK7RRYR5,active,False,False,102,True,54,2025-09-25T16:20:56.175589,2019-05-08T10:01:26,2386,0,,,False,,,,This channel is about the new and improved API for GSX
ise,CJL26N7QE,active,False,False,7,True,138,2025-07-02T17:51:20.056919,2019-05-08T17:42:03,2385,0,2025-11-18T11:01:35.562256,2025-12-18T11:01:35.562256,False,warned,,,
macdevopsyvr-workshop,CJL79TKSA,active,False,False,17,True,0,2025-11-18T11:27:45.820649,2019-05-08T20:06:33,2385,0,,,False,,,<https://trello.com/b/lvXGS0Rp>,workshop planning and resources for the mdoyvr19 MunkiReport workshop
jamf-feature-request,CJMQQ8YMN,active,False,False,552,True,0,2025-11-17T17:21:12.325289,2019-05-13T14:42:19,2381,0,,,False,,,"An archive for Jamf Feature Requests - To submit an idea, login to <https://ideas.jamf.com/>","Place to Post Feature Requests for Upvotes. Please provide a description, because the new “ideas” links provide no indication of what it’s about."
austria,CJNAC2RDH,active,False,False,10,True,25,2025-10-24T09:48:21.792649,2019-05-24T19:58:04,2369,0,,,False,,,,
rincon,CJRR7T6F5,active,False,False,4,True,252,2025-03-10T20:39:35.250349,2019-05-29T15:49:40,2365,0,2025-11-18T11:03:37.322097,2025-12-18T11:03:37.322097,False,warned,,,
meraki-systems-mgr,CJW55DY2F,active,False,False,349,True,13,2025-11-05T11:32:29.193689,2019-06-03T15:51:12,2360,0,,,False,,,,For Meraki’s zombie of an MDM platform
yuma-macadmins,CJY5RR04U,active,False,False,11,True,0,2025-11-18T11:27:47.304179,2019-05-23T21:20:26,2370,0,2025-11-18T11:04:58.383197,2025-12-18T11:04:58.383197,False,warned,,,"Mac Admin community channel for Yuma County, AZ"
detroit,CJZJK1494,active,False,False,38,True,52,2025-09-26T22:52:21.705159,2019-05-22T21:03:48,2371,0,,,False,,,"Admins from Detroit, SE Michigan, and beyond.","A place for Detroit-area MacAdmins to gather, share, and eventually organize some local events"
thurstythursday,CK077QKQA,active,False,False,19,True,252,2025-03-10T20:39:44.515089,2019-06-06T19:12:52,2356,0,2025-11-18T11:04:24.255855,2025-12-18T11:04:24.255855,False,warned,,,A new home for meetup and social planning for <#C0533K6HC|> and the greater Seattle area; home to the Cabal and Cabal-adjacent
opsi,CK11HF77A,active,False,False,8,True,118,2025-07-23T10:02:37.089679,2019-05-27T13:20:54,2367,0,2025-11-18T11:03:02.721390,2025-12-18T11:03:02.721390,False,warned,,,Opsi is an open source client management system to manage heterogeneous environments. It enables the deployment and configuration from OS’s and software on Windows and Linux computers.
macadminspl,CK4JVF3H7,active,False,False,16,True,0,2025-11-18T11:27:49.502489,2019-06-06T09:08:44,2357,0,2025-11-18T11:02:15.188560,2025-12-18T11:02:15.188560,False,warned,,,Polish community of MacAdmins.
spss,CK4NT3Z7G,active,False,False,74,True,4,2025-11-14T15:32:51.512019,2019-05-29T00:37:23,2365,0,,,False,,,,
skyline,CK53P103Z,active,False,False,4,True,252,2025-03-10T20:40:00.782599,2019-05-29T15:49:50,2365,0,2025-11-18T11:03:58.574352,2025-12-18T11:03:58.574352,False,warned,,,
grabngo,CK5HVLVFU,active,False,False,11,True,252,2025-03-10T20:40:03.075519,2019-06-12T16:33:34,2351,0,2025-11-18T11:01:16.414225,2025-12-18T11:01:16.414225,False,warned,,<https://github.com/google/loaner>,Discuss the Google Grab n Go loaner project
spirion,CK5JB3JK1,active,False,False,20,True,0,2025-11-18T11:27:50.682679,2019-05-29T22:31:03,2364,0,2025-11-18T11:04:04.112666,2025-12-18T11:04:04.112666,False,warned,,,To discuss Spirion (formerly Identity Finder)
macadminsit,CK69A4E14,active,False,False,16,True,0,2025-11-18T11:27:51.056789,2019-05-30T09:01:31,2364,0,2025-11-18T11:02:14.696493,2025-12-18T11:02:14.696493,False,warned,,,il canale per i macadmins in Italia
tanium,CK6RD2TLY,active,False,False,216,True,4,2025-11-14T01:46:04.081159,2019-06-02T16:55:58,2360,0,,,False,,,,
catalyst,CK81T0X88,active,False,False,11,True,0,2025-11-18T11:27:52.035889,2019-06-03T21:56:54,2359,0,2025-11-18T11:00:19.279191,2025-12-18T11:00:19.279191,False,warned,,,
webauthn,CK8206BRN,active,False,False,21,True,252,2025-03-10T20:40:17.071279,2019-06-03T22:03:16,2359,0,2025-11-18T11:04:46.283120,2025-12-18T11:04:46.283120,False,warned,,,WebAuthn dev
twocanoes,CK92FDW0G,active,False,False,191,True,57,2025-09-22T13:44:55.006429,2019-06-04T18:22:08,2358,0,,,False,,,,
mimecast,CK9443V62,active,False,False,93,True,18,2025-10-31T06:41:10.054839,2019-06-02T23:38:44,2360,0,,,False,,,,All things mimecast :)
ipados,CK9MXRCUF,active,False,False,506,True,5,2025-11-13T14:59:36.786329,2019-06-03T19:47:02,2359,0,,,False,,,"Latest iPadOS 18.7.1 (22H31) | 17.7.10 (21H450) | 16.7.12 (20H364) | 15.8.5 (19H394) | 12.5.7 (16H81)
<https://support.apple.com/121162>
<https://support.apple.com/kb/HT213780>
<https://support.apple.com/108050>
<https://support.apple.com/108049>","All things iPadOS; tips, tricks, tools and insights re the deployment,  integration, and management of iDevices."
teachme2,CKABL3371,active,False,False,9,True,0,2025-11-18T11:27:53.553879,2019-06-04T10:34:44,2359,0,2025-11-18T11:04:14.979538,2025-12-18T11:04:14.979538,False,warned,,,Sharing is caring
fake_test,CKD44C7AA,active,False,False,5,True,252,2025-03-10T20:40:28.729039,2019-06-06T08:19:45,2357,0,2025-11-18T11:00:58.234008,2025-12-18T11:00:58.234008,False,warned,,,
ben-club,CKD8MKK7H,active,False,False,13,True,186,2025-05-16T09:28:43.616789,2019-06-06T16:31:30,2357,0,2025-11-18T11:00:04.635237,2025-12-18T11:00:04.635237,False,warned,,,come here to be a ben in peace
lightspeed,CKEQ40GCQ,active,False,False,200,True,3,2025-11-14T17:31:34.340179,2019-06-10T21:07:09,2352,0,,,False,,,,Discuss Lightspeed products on Mac
macdevopsyvr-hacknite,CKJ4GL1EG,active,False,False,18,True,94,2025-08-16T01:44:20.877719,2019-06-13T20:11:51,2349,0,,,False,,,,<#C06JB18TZ|> Hack Night discussion and planning.
brunch_6_15_2019_yvr,CKKK0HMNG,active,False,False,3,True,252,2025-03-10T20:40:38.068409,2019-06-15T04:28:01,2348,0,2025-11-18T11:00:14.453909,2025-12-18T11:00:14.453909,False,warned,,,
deptool,CKM689P9V,active,False,False,60,True,160,2025-06-11T06:34:18.757619,2019-06-14T13:19:51,2349,0,2025-11-18T11:00:42.363952,2025-12-18T11:00:42.363952,False,warned,,"DEP Tool and all about <https://github.com/trekkim/MDMTools>. , <https://github.com/trekkim/Scripts---micromdm>",
nixpkgs,CKT4N67BR,active,False,False,36,True,128,2025-07-13T01:44:14.068679,2019-06-20T16:03:39,2343,0,2025-11-18T11:02:49.141598,2025-12-18T11:02:49.141598,False,warned,,Nix package manager,<https://nixos.org/nix/>
epfl,CL0DLCB5G,active,False,False,5,True,252,2025-03-10T20:40:59.537679,2019-07-11T18:07:53,2321,0,2025-11-18T11:00:53.685706,2025-12-18T11:00:53.685706,False,warned,,,"macos Administrators @EPFL interested in sharing ideas (see also <#CL9N0GGCS|>)(also try emailing, to share a coffee, <mailto:shawn.koppenhoefer@macos-administrateur.ch|shawn.koppenhoefer@macos-administrateur.ch>)."
east_anglia_macadmins,CL0U95WSY,active,False,False,6,True,0,2025-11-18T11:27:57.983409,2019-07-01T15:58:14,2332,0,2025-11-18T11:00:47.119408,2025-12-18T11:00:47.119408,False,warned,,,"“This is a local Channel, for local admins, there’s nothing for you here”"
tcs-test,CL1NYKTSP,active,False,False,5,True,252,2025-03-10T20:41:04.312189,2019-07-12T18:07:10,2320,0,2025-11-18T11:04:14.060264,2025-12-18T11:04:14.060264,False,warned,,,
westernmass,CL2V1G6V6,active,False,False,21,True,280,2025-02-10T18:58:27.799629,2019-07-02T19:30:45,2330,0,2025-11-18T11:04:48.453912,2025-12-18T11:04:48.453912,False,warned,,,A channel for non-Boston-area (define it as you like) admins in Massachusetts.
ffxiv,CL3DSMV9S,active,False,False,20,True,124,2025-07-16T21:33:58.651949,2019-07-03T15:14:40,2330,0,2025-11-18T11:01:00.404376,2025-12-18T11:01:00.404376,False,warned,,HMPF. HOW VERY GLIB.,Its an mmo thats good. But you probably still shouldn't play it.
psu-hackershed-python,CL4HBSEJV,active,False,False,19,True,0,2025-11-18T11:27:59.498699,2019-07-11T00:59:03,2322,0,2025-11-18T11:03:20.247715,2025-12-18T11:03:20.247715,False,warned,,,
waco,CL507HLTZ,active,False,False,9,True,0,2025-11-18T11:27:59.888069,2019-07-02T22:00:14,2330,0,,,False,,,,"Waco, TX Mac Admins"
psu-mtl,CL712J3SQ,active,False,False,6,True,252,2025-03-10T20:41:18.315179,2019-07-08T13:47:50,2325,0,2025-11-18T11:03:20.702841,2025-12-18T11:03:20.702841,False,warned,,,For montrealers going to the PSU Mac Admin conference
emergency-prep,CL8LR0Z4H,active,False,False,49,True,204,2025-04-28T15:44:32.173189,2019-07-15T18:51:00,2317,0,2025-11-18T11:00:50.199702,2025-12-18T11:00:50.199702,False,warned,,,Real Life Emergency Preparedness Channel
lausanne,CL9N0GGCS,active,False,False,8,True,0,2025-11-18T11:28:01.450379,2019-07-21T15:11:49,2312,0,2025-11-18T11:02:03.047571,2025-12-18T11:02:03.047571,False,warned,,,Lausanne (ville/city) macOS admins (see also <#CL0DLCB5G|>. Email me at <mailto:shawn@macos-administrateur.ch|shawn@macos-administrateur.ch>
conf,CL9UWP0SY,active,False,False,3,True,252,2025-03-10T20:41:29.813009,2019-07-10T17:54:49,2322,0,2025-11-18T11:00:32.526163,2025-12-18T11:00:32.526163,False,warned,,,
cheese,CLAKFHH6U,active,False,False,16,True,214,2025-04-17T21:36:34.110119,2019-07-10T20:27:44,2322,0,2025-11-18T11:00:20.611256,2025-12-18T11:00:20.611256,False,warned,,Everything about cheese! :smile:,What is cheese? :thinkign:
pennpalz2019,CLAMRFYJ3,active,False,False,10,True,252,2025-03-10T20:41:34.416769,2019-07-09T14:56:58,2324,0,2025-11-18T11:03:10.727376,2025-12-18T11:03:10.727376,False,warned,,,"Fun folks we've met throughout 2019 MacAdmins. Great way to have a social buddy for events, questions, and sharing ideas with."
restic-backup,CLBCANP9A,active,False,False,15,True,69,2025-09-09T21:29:01.532399,2019-07-11T18:16:39,2321,0,,,False,,,,All things RESTIC backup.
lehighvalley,CLCSS57GE,active,False,False,10,True,5,2025-11-12T17:55:47.367049,2019-07-10T21:47:04,2322,0,,,False,,,"For anyone in the Lehigh Valley, PA who is a Mac Admin","For anyone in the Lehigh Valley, PA who is a Mac Admin"
movies_n_stuff,CLDT8BYG1,active,False,False,21,True,252,2025-03-10T20:41:41.321179,2019-07-19T18:47:26,2313,0,2025-11-18T11:02:40.027519,2025-12-18T11:02:40.027519,False,warned,,,To watch trailers and have fun discussing movies
macadminsindia,CLJSER76F,active,False,False,203,True,11,2025-11-06T18:18:26.761279,2019-07-30T13:39:40,2303,0,,,False,,,Channel for MacAdmins in India.,MacAdminsIndia
southwest-uk,CLK5T5KG9,active,False,False,22,True,280,2025-02-10T18:59:05.266989,2019-07-25T09:18:48,2308,0,2025-11-18T11:04:03.050211,2025-12-18T11:04:03.050211,False,warned,,,"For meetups maybe in the south west, probably bath, bristol or any areas near by where there are people!"
beyondtrust-priv-man,CLLNQJZ9U,active,False,False,566,True,0,2025-11-17T20:39:00.934089,2019-07-18T14:19:48,2315,0,,,False,,,"BeyondTrust Endpoint Privilege Management
Current EPM Mac Version: 24.5 MR2 - (24.5.2.3)
Release Notes - <https://www.beyondtrust.com/docs/release-notes/index.htm>
Feature Requests - <https://ideas.beyondtrust.com>",Talk about BeyondTrust Privilege Management
minitab,CLQGLCM1T,active,False,False,9,True,0,2025-11-18T11:28:04.151819,2019-07-24T14:59:48,2309,0,2025-11-18T11:02:34.744050,2025-12-18T11:02:34.744050,False,warned,,,Discussions about Minitab products on macOS such as Minitab and Minitab Express
imovie,CLW8X088L,active,False,False,10,True,214,2025-04-17T21:41:11.520099,2019-07-30T19:25:45,2302,0,2025-11-18T11:01:29.321360,2025-12-18T11:01:29.321360,False,warned,,,
yorke,CLXVCUXS8,active,False,False,4,True,252,2025-03-10T20:41:57.434289,2019-08-01T00:32:57,2301,0,2025-11-18T11:04:57.959754,2025-12-18T11:04:57.959754,False,warned,,,
openstep,CLYV5CSUC,active,False,False,9,True,0,2025-11-18T11:28:05.583899,2019-08-01T18:44:14,2300,0,2025-11-18T11:03:01.422905,2025-12-18T11:03:01.422905,False,warned,,,
moveworks,CM4HCQLQP,active,False,False,17,True,0,2025-11-18T11:28:05.956529,2019-08-05T19:04:26,2296,0,,,False,,,,
minecraft,CMJQSGJ66,active,False,False,26,True,145,2025-06-25T21:05:14.580969,2019-08-30T20:22:48,2271,0,2025-11-18T11:02:34.306584,2025-12-18T11:02:34.306584,False,warned,,,talking about minecraft
france,CMKUL9GMQ,active,False,False,42,True,4,2025-11-13T17:59:09.925789,2019-09-03T10:55:42,2268,0,,,False,,,,Macadmins in France (English only please)
zylo,CMLV31LCW,active,False,False,14,True,238,2025-03-24T17:21:55.231879,2019-08-20T22:44:11,2281,0,2025-11-18T11:05:01.032149,2025-12-18T11:05:01.032149,False,warned,,,Organizations who use Zylo can collaborate here
berlin,CMP0V4QHY,active,False,False,41,True,64,2025-09-15T12:14:06.018419,2019-09-05T13:13:08,2266,0,,,False,,,,"Topics relating to Berlin, Germany"
pkgchunker,CMSCC6XB7,active,False,False,20,True,95,2025-08-15T16:01:20.621869,2019-08-28T01:29:43,2274,0,,,False,,,<https://github.com/kc9wwh/pkgChunker>,<https://github.com/kc9wwh/pkgChunker>
proxy,CMVG9TDP1,active,False,False,28,True,291,2025-01-30T18:12:27.355319,2019-08-28T22:15:22,2273,0,2025-11-18T11:03:18.477733,2025-12-18T11:03:18.477733,False,warned,,,"Questions, comments, feedback for Proxy -- Your Identity Signal. For Everything.  <https://www.proxy.com/>"
workdayibm,CMWMJAQDP,active,False,False,5,True,252,2025-03-10T20:42:23.501929,2019-09-06T11:12:10,2265,0,2025-11-18T11:04:52.182541,2025-12-18T11:04:52.182541,False,warned,,,
ssa,CMYNG0KDW,active,False,False,15,True,0,2025-11-18T11:28:08.548449,2019-09-03T11:16:23,2268,0,2025-11-18T11:04:05.869867,2025-12-18T11:04:05.869867,False,warned,,Self-Servicing Account Program - <https://support.apple.com/self-servicing-account-program>,Apple Self-Servicing Account Program
macadminsfr_meetup_paris,CN31GTHDK,active,False,False,51,True,2,2025-11-15T23:16:36.622529,2019-09-06T09:41:16,2265,0,,,False,,,Meetup for FR MacAdmins in Paris :flag-fr: :paris-eiffel-tower-fr::baguette_bread: :wine_glass: - Lundi 7 Octobre 2019 @ Datadog France,Meetup for FR Macadmins in Paris
sccm_intune_admins,CN9786EBA,active,False,False,297,True,1,2025-11-17T10:04:06.916959,2019-09-11T23:22:17,2259,0,2025-11-18T11:03:47.140820,2025-12-18T11:03:47.140820,False,warned,,Get your questions answered about SCCM or / and Intune,"Share articles, tips and tricks for and by SCCM and Intune admins
<https://msportals.io>
<https://m365maps.com/>
<https://winadmin.org>
<https://sysmansquad.com>
<https://asquaredozen.com>
<https://garytown.com>
<https://msendpointmgr.com>"
macsysadminconf_dk,CNPKKD801,active,False,False,12,True,62,2025-09-17T12:52:44.364009,2019-09-30T15:10:56,2241,0,,,False,,,,DK back hannel for MacSysAdmin conf.
gratefuldead,CNPUNS4AC,active,False,False,8,True,0,2025-11-18T11:28:10.162999,2019-09-24T22:02:59,2246,0,2025-11-18T11:01:17.334195,2025-12-18T11:01:17.334195,False,warned,,"The bus came by and I got on, that's when it all began...",
files,CNQ0JFJ3D,active,False,False,13,True,6,2025-11-12T15:12:56.408909,2019-10-04T05:00:00,2237,0,,,False,,,,"Files on iOS/iPadOS - usage by admins, management for users"
it-cat-knows,CNTJEN7AS,active,False,False,21,True,236,2025-03-27T14:52:59.774459,2019-09-25T21:12:28,2245,0,2025-11-18T11:01:36.854343,2025-12-18T11:01:36.854343,False,warned,,connecting apple store sf people with current and former dropbox sys admins,
lg-ultrafine,CNXTA2DEE,active,False,False,9,True,0,2025-11-18T11:28:11.033689,2019-10-11T19:05:49,2229,0,2025-11-18T11:02:05.270343,2025-12-18T11:02:05.270343,False,warned,,,
rippling,CNY3FJK1R,active,False,False,493,True,0,2025-11-17T23:37:45.170009,2019-10-11T00:20:41,2230,0,,,False,,,,<https://www.rippling.com> Users &amp; Administrators
crestronadmins,CP1N0EU30,active,False,False,29,True,80,2025-08-29T21:54:07.786109,2019-10-02T19:39:29,2238,0,,,False,,,,
qlab,CP7MC6K7D,active,False,False,12,True,6,2025-11-12T15:36:13.130189,2019-10-18T21:33:56,2222,0,,,False,,,,"Figure 53's QLab. Sound and lights, GO!"
memcached,CP8QRS8H5,active,False,False,12,True,7,2025-11-11T15:00:10.445449,2019-10-09T11:06:56,2232,0,,,False,,,,
penporn,CPBAW2GP8,active,False,False,11,True,252,2025-03-10T20:43:00.572509,2019-10-10T18:30:17,2230,0,2025-11-18T11:03:11.150116,2025-12-18T11:03:11.150116,False,warned,,,"For people who still put actual ink on paper, and think it’s kinda neat."
testing123,CPBT6S4NN,active,False,False,4,True,252,2025-03-10T20:43:02.845479,2019-10-23T21:36:06,2217,0,2025-11-18T11:04:22.088175,2025-12-18T11:04:22.088175,False,warned,,,
regulatory-compliance,CPC5E7Q1M,active,False,False,404,True,19,2025-10-29T19:02:20.002909,2019-10-11T14:59:21,2230,0,,,False,,,You can audit various standards with <https://github.com/usnistgov/macos_security>,"For everything from CIS controls to PCI, HIPAA, or NIST."
telus-business-connect,CPCGL1YP9,active,False,False,5,True,252,2025-03-10T20:43:07.577289,2019-10-11T19:06:04,2229,0,2025-11-18T11:04:16.649587,2025-12-18T11:04:16.649587,False,warned,,,
twocanoes-general,CPCPB0HAM,active,False,False,68,True,31,2025-10-17T17:37:42.737099,2019-10-18T22:02:12,2222,0,,,False,,,,
openldap,CPFLUN0CX,active,False,False,69,True,125,2025-07-16T14:40:13.837859,2019-10-15T14:06:51,2226,0,2025-11-18T11:03:00.948659,2025-12-18T11:03:00.948659,False,warned,,<https://vmbs.uk/t/installation-and-configuration-openldap-for-ubuntu-and-centos/62>      or      <https://vmbs.uk/t/how-to-install-freeipa-server-lets-encrypt-on-centos-7/69>,Helping how to setup OpenLDAP for OS X and more...
cloudm,CPHV3RXRU,active,False,False,13,True,252,2025-03-10T20:43:16.731819,2019-10-16T17:46:59,2224,0,2025-11-18T11:00:27.562858,2025-12-18T11:00:27.562858,False,warned,,,Discussion of CloudM products like CloudMigrator and CloudManager
venting,CPLNLJESK,active,False,False,434,True,0,2025-11-18T15:38:49.799919,2019-10-18T18:10:06,2222,0,,,False,,,Fractional Orbital Bombardment Systems of Retaliatory Rage.,Slack’s padded room for letting off some steam
labs-macos-airgap,CPN3JHVL6,active,False,False,17,True,210,2025-04-22T15:31:09.160169,2019-10-20T05:36:49,2221,0,2025-11-18T11:02:00.687784,2025-12-18T11:02:00.687784,False,warned,,,"admins, engineers, and IA personal to discuss ALL things related to macOS MDM in air gapped enterprise environments (isolated from untrusted networks i.e internet)"
motion,CPRP0UWMD,active,False,False,8,True,40,2025-10-09T16:13:39.423159,2019-10-23T13:31:04,2218,0,,,False,,,,Apple Motion for developers and creators.
twocanoes-mds-dev,CPS7GA3S9,active,False,False,86,True,307,2025-01-15T16:06:36.176039,2019-10-24T21:00:43,2216,0,2025-11-18T11:04:31.303814,2025-12-18T11:04:31.303814,False,warned,,,Developer and Design discussion of MDS
munkimdm,CPVJQUEP2,active,False,False,167,True,106,2025-08-04T06:19:21.661869,2019-10-28T13:22:43,2213,0,2025-11-18T11:02:43.407644,2025-12-18T11:02:43.407644,False,warned,,<https://joncrain.github.io/2018/11/01/micromdm_munki.html>,Munki + MicroMDM = MunkiMDM?
workato,CPZNJBQ9F,active,False,False,151,True,15,2025-11-03T09:12:10.370959,2019-11-06T12:56:39,2204,0,,,False,,,,Discussions about Workato
oxford-uk,CQ0M175LG,active,False,False,8,True,252,2025-03-10T20:43:35.383449,2019-10-31T15:04:01,2210,0,2025-11-18T11:03:05.850822,2025-12-18T11:03:05.850822,False,warned,,,
jamf-protect,CQ3RSF08K,active,False,False,2296,True,0,2025-11-18T15:26:58.614299,2019-11-12T16:06:32,2198,0,,,False,,,Doc: <https://docs.jamf.com/jamf-protect> | Product: <https://www.jamf.com/products/jamf-protect/>,<https://www.jamf.com/products/jamf-protect/>
jeremy-b-stupid,CQ4S8EJCE,active,False,False,5,True,0,2025-11-18T11:28:18.018469,2019-11-01T19:44:37,2208,0,2025-11-18T11:01:50.773500,2025-12-18T11:01:50.773500,False,warned,,,
packages,CQ75BRABF,active,False,False,211,True,186,2025-05-15T18:47:36.256059,2019-11-06T02:57:21,2204,0,2025-11-18T11:03:06.330543,2025-12-18T11:03:06.330543,False,warned,,,
applebulgaria,CQB87ER6X,active,False,False,13,True,0,2025-11-18T11:28:18.729079,2019-11-18T14:18:07,2192,0,2025-11-18T10:59:50.577656,2025-12-18T10:59:50.577656,False,warned,,,This is a channel for people managing and using Apple devices in Bulgaria
catalinawinemixer,CQBECN6K0,active,False,False,9,True,214,2025-04-17T21:36:16.789919,2019-11-07T11:17:00,2203,0,2025-11-18T11:00:18.830285,2025-12-18T11:00:18.830285,False,warned,,,For when you're driven to drink because of Catalina
boston-meetings,CQC2SKL82,active,False,False,120,True,113,2025-07-28T14:55:12.170719,2019-11-19T18:21:32,2190,0,2025-11-18T11:00:11.740535,2025-12-18T11:00:11.740535,False,warned,,Coordinate Boston and Providence Apple Admin meetups | <https://www.linkedin.com/groups/8693020/>,"Greater Boston area meeting announcements, logistics, and topics."
ipfs,CQDADR4G4,active,False,False,11,True,221,2025-04-10T17:52:24.251169,2019-11-11T16:42:09,2199,0,2025-11-18T11:01:34.304764,2025-12-18T11:01:34.304764,False,warned,,,
edclub,CQDK4LDNW,active,False,False,3,True,252,2025-03-10T20:43:53.867079,2019-11-20T16:47:14,2190,0,2025-11-18T11:00:47.989657,2025-12-18T11:00:47.989657,False,warned,,,
jnuc-pintrading,CQDPPMB60,active,False,False,19,True,40,2025-10-08T19:48:30.627779,2019-11-11T22:08:47,2198,0,,,False,,,Let’s trade some things for epic JNUC Pins!,
running,CQG6JS43A,active,False,False,8,True,153,2025-06-17T18:06:50.471559,2019-11-13T03:04:03,2197,0,2025-11-18T11:03:41.970548,2025-12-18T11:03:41.970548,False,warned,,,Fitness/Running/Marathons
system-extensions,CQHBE3MG8,active,False,False,479,True,96,2025-08-13T18:43:47.797529,2019-11-13T19:07:42,2196,0,2025-11-18T11:04:13.164295,2025-12-18T11:04:13.164295,False,warned,,,"macOS 10.15 introduces System Extensions. Discuss everything System Extensions Here. If so inclined, Jamf Thread Here: <https://www.jamf.com/jamf-nation/discussions/33964/how-to-system-extension-in-macos-moving-forward>"
he-uk,CQHD84VD0,active,False,False,45,True,182,2025-05-19T19:42:06.178459,2019-11-22T21:10:17,2187,0,2025-11-18T11:01:20.095078,2025-12-18T11:01:20.095078,False,warned,,<https://padlet.com/paulhutton/qd149pxe29as>,Higher Education in the UK
orlando-tampa,CQK3DQLE4,active,False,False,66,True,41,2025-10-07T19:09:28.199929,2019-11-14T19:13:33,2195,0,,,False,,,,
jamf-protecc,CQL21RW4W,active,False,False,203,True,216,2025-04-15T23:19:07.480129,2019-11-14T01:15:02,2196,0,2025-11-18T11:01:43.300092,2025-12-18T11:01:43.300092,False,warned,,"Jamf | Protecc, but also Jamf | Attacc",The official Jamf | Protecc channel. <http://jamfprotecc.com|jamfprotecc.com>
westmidlands,CQMG3M6US,active,False,False,10,True,114,2025-07-26T19:13:26.478259,2019-11-26T19:36:54,2183,0,2025-11-18T11:04:48.877324,2025-12-18T11:04:48.877324,False,warned,,,Any Apple admins in the West Midlands of England? Join this and see what community we can build.
jamf-heroes,CQREHA5U5,active,False,False,1396,True,0,2025-11-18T14:46:11.660179,2019-11-20T02:22:11,2190,0,,,False,,,"This is a channel for current Jamf Heroes and people who want to become one. If you'd like more information, email <mailto:jamfnation@jamf.com|jamfnation@jamf.com>",Reach out to <@UQSV2MT88> or <@U0260GSQEGL> for any questions!
twocanoes-signing-manager,CQVUG1FPZ,active,False,False,63,True,70,2025-09-08T18:16:53.276879,2019-11-21T16:19:16,2189,0,,,False,,,<https://twocanoes.com/products/mac/signing-manager/>,
bojackhorseman,CQYDVFFHS,active,False,False,8,True,0,2025-11-18T11:28:22.842979,2019-11-25T22:54:30,2184,0,,,False,,,,Discuss Bojack Horseman. Spoilers are in the chat. Be warned!
uberagent,CR5MNACSU,active,False,False,9,True,252,2025-03-10T20:44:19.827369,2019-12-02T09:19:20,2178,0,2025-11-18T11:04:32.614419,2025-12-18T11:04:32.614419,False,warned,,,An opportunity tontalk about Uberagent for macOS.
atils,CR9H9244U,active,False,False,3,True,252,2025-03-10T20:44:22.159209,2019-12-04T18:54:02,2175,0,2025-11-18T10:59:55.703560,2025-12-18T10:59:55.703560,False,warned,,,
jackalope,CRA4MK1LP,active,False,False,10,True,252,2025-03-10T20:44:24.547669,2019-12-03T18:50:24,2176,0,2025-11-18T11:01:38.568816,2025-12-18T11:01:38.568816,False,warned,,Everything Jackalope,<https://jackalope-slack.readthedocs.io/en/latest/index.html>
imazing_profile_editor,CRDEFHRQX,active,False,False,1043,True,13,2025-11-05T09:58:50.353799,2019-12-05T17:31:45,2174,0,,,False,,,"App: <https://imazing.com/profile-editor>
Documentation: <https://imazing.com/guides/getting-started-with-imazing-profile-editor>","Discussion around the iMazing Profile Editor macOS and Windows app by DigiDNA for creating, editing, and signing Apple configuration profiles."
exhibit,CRDF5FRMG,active,False,False,141,True,1,2025-11-17T14:07:39.577999,2019-12-17T03:00:19,2163,0,,,False,,,<http://exhibit.readthedocs.io/>,A managed screensaver App for tvOS and a great alternative for conference rooms and public spaces where managed Apple TVs are locked to Conference Room Display mode. <http://exhibit.readthedocs.io>
autopkgsdu,CREUG0GNA,active,False,False,13,True,0,2025-11-18T11:28:24.793449,2019-12-06T11:39:39,2174,0,2025-11-18T10:59:58.218305,2025-12-18T10:59:58.218305,False,warned,,,Notifications from SDU-AutoPKG
bevi,CRFKDLMDX,active,False,False,7,True,209,2025-04-22T18:57:59.056029,2019-12-16T21:08:52,2163,0,2025-11-18T11:00:06.006067,2025-12-18T11:00:06.006067,False,warned,,,Do you have a Bevi in your office? Did you get suckered into helping maintain it? Come here and rant about or help others with these goofy machines…
macpro2019,CRGQB6GVC,active,False,False,29,True,186,2025-05-16T14:44:44.980489,2019-12-08T18:06:59,2171,0,2025-11-18T11:02:22.101207,2025-12-18T11:02:22.101207,False,warned,,"Poking and Prodding the new 2019 Mac Pro | Test machine arriving Dec 19. You know, for science.",Poking and Prodding the new 2019 MacPro
filesharingmacos,CRLKV295W,active,False,False,45,True,192,2025-05-09T18:15:06.866389,2019-12-12T09:56:04,2168,0,2025-11-18T11:01:00.871504,2025-12-18T11:01:00.871504,False,warned,,,Filesharing with macOS
jamf-school,CRQD1EVRN,active,False,False,668,True,25,2025-10-23T19:32:57.748589,2019-12-15T22:41:07,2164,0,,,False,,,,Discussion channel pertaining to Jamf-School.
baltimore,CRR41AKFZ,active,False,False,37,True,27,2025-10-21T20:03:10.048449,2019-12-13T20:28:38,2166,0,,,False,,,,
warcrack,CS09E2NH0,active,False,False,9,True,189,2025-05-13T00:14:21.763159,2020-01-07T22:47:22,2141,0,2025-11-18T11:04:44.545609,2025-12-18T11:04:44.545609,False,warned,,,general alliance/horde bickering.
egpu,CS5045KME,active,False,False,13,True,252,2025-03-10T20:44:50.262709,2019-12-30T11:56:07,2150,0,2025-11-18T11:00:49.400225,2025-12-18T11:00:49.400225,False,warned,,,Discussion around eGPUs and Macs
scrolldocuments-setup,CS5NUH11A,active,False,False,5,True,0,2025-11-18T11:28:27.121359,2019-12-31T19:37:07,2148,0,2025-11-18T11:03:48.863111,2025-12-18T11:03:48.863111,False,warned,,,
abelionni-winterbreak-2020,CS6FZ0PKJ,active,False,False,23,True,280,2025-02-10T19:02:17.770349,2020-01-01T10:00:31,2148,0,2025-11-18T10:59:36.079128,2025-12-18T10:59:36.079128,False,warned,,,Temporary channel to allow exchange between all attendees of the 2020 winterbreak
fr-training-azad-mosyle,CSK25B4G1,active,False,False,23,True,280,2025-02-10T19:02:24.703149,2020-01-20T07:37:22,2129,0,2025-11-18T11:01:04.976406,2025-12-18T11:01:04.976406,False,warned,,,
jamf-intune-integration,CSLNS5GEN,active,False,False,2621,True,0,2025-11-18T15:22:30.583159,2020-01-22T18:18:20,2126,0,,,False,,,Device Compliance with Microsoft Entra and Jamf Pro: <https://learn.jamf.com/en-US/bundle/technical-paper-microsoft-intune-current/page/Device_Compliance_with_Microsoft_Intune_and_Jamf_Pro.html>,Jamf - Intune integration for Conditional Access
help-,CSQ6VDBPX,active,False,False,8,True,252,2025-03-10T20:45:06.703179,2020-01-15T21:06:00,2133,0,2025-11-18T11:01:21.402317,2025-12-18T11:01:21.402317,False,warned,,,
swiftui_in_100_days,CSY8CDFH6,active,False,False,83,True,287,2025-02-04T08:23:19.659549,2020-01-22T00:57:48,2127,0,2025-11-18T11:04:12.266672,2025-12-18T11:04:12.266672,False,warned,,,<https://www.hackingwithswift.com/100/swiftui>
ipad,CSZ0LAXB6,active,False,False,174,True,12,2025-11-05T21:04:11.372869,2020-01-22T17:32:43,2126,0,,,False,,,,
firearms,CT2MHFGUU,active,False,False,38,True,10,2025-11-08T00:54:37.943449,2020-01-24T18:14:33,2124,0,,,False,,,A place to discuss firearms and firearm accessories,A place to discuss firearms and firearm accessories
print,CT8D4MJMB,active,False,False,84,True,12,2025-11-06T15:34:58.529529,2020-01-29T00:41:47,2120,0,,,False,,,,
estonia,CT993QL1Z,active,False,False,18,True,8,2025-11-10T09:27:57.071089,2020-02-05T21:01:26,2112,0,,,False,,,,Get to know your local MacAdmins located in Estonia.
notion,CTLN53WUW,active,False,False,186,True,7,2025-11-10T22:28:17.099519,2020-02-04T19:04:47,2113,0,,,False,,,,To discuss and deal with Notion.so
pizza,CTSPF426A,active,False,False,10,True,0,2025-11-18T11:28:31.456959,2020-02-07T20:09:30,2110,0,2025-11-18T11:03:13.952582,2025-12-18T11:03:13.952582,False,warned,,For discussion about pizza,pizza
tla,CTUK5J9P1,active,False,False,4,True,252,2025-03-10T20:45:29.571879,2020-02-10T12:51:33,2108,0,2025-11-18T11:04:26.024276,2025-12-18T11:04:26.024276,False,warned,,,
leipzig-de,CU198LHGQ,active,False,False,9,True,207,2025-04-25T09:51:20.808589,2020-02-14T18:58:45,2103,0,2025-11-18T11:02:03.955728,2025-12-18T11:02:03.955728,False,warned,,,"Mac admins in Leipzig, Germany"
iconik_csr,CU8TZNU6P,active,False,False,5,True,0,2025-11-18T11:28:32.637579,2020-02-27T17:01:53,2090,0,2025-11-18T11:01:27.051967,2025-12-18T11:01:27.051967,False,warned,,,CSR related discussion
brainstormdells-2020,CUBB4QFGS,active,False,False,4,True,252,2025-03-10T20:45:38.862579,2020-03-01T15:42:52,2088,0,2025-11-18T11:00:12.980048,2025-12-18T11:00:12.980048,False,warned,,,
google-cloud-partners,CUDPFE88N,active,False,False,46,True,78,2025-09-01T13:55:06.194369,2020-02-21T17:42:45,2096,0,,,False,,,We have a private channel for Google Cloud Partners.  If you want to join sent me an email from your partner email address to verify:dominik@22dconsulting.com,We have a private channel for Google Cloud Partners.  If you want to join sent me an email from your partner email address to verify: <mailto:dominik@22dconsulting.com|dominik@22dconsulting.com>
gardening,CUNMQHVHU,active,False,False,44,True,48,2025-09-30T22:11:22.953779,2020-02-27T17:54:46,2090,0,,,False,,,,"Growing plants.  Outside, inside, hydroponically, whatevs"
anyconnect,CUVG2PKBJ,active,False,False,1370,True,0,2025-11-17T17:40:53.354639,2020-03-04T14:17:24,2085,0,,,False,,,"Latest versions: Secure Client 5.1.13.177 (AnyConnect 4.10.08029 is EOL, 5.0.x is no longer downloadable)","Configuration, deployment and setup discussion of all things relating to Cisco Secure Client and AnyConnect VPN"
coronavirus,CUXGJPPS7,active,False,False,83,True,3,2025-11-15T13:23:01.903079,2020-03-12T00:49:59,2077,0,,,False,,,:guessilldie:,
gsuite-nordic,CV7S5E8LR,active,False,False,21,True,247,2025-03-15T21:13:26.439319,2020-03-16T20:01:25,2072,0,2025-11-18T11:01:17.800456,2025-12-18T11:01:17.800456,False,warned,,,:google: in :flag-se: :flag-fi: :flag-no: :flag-dk: :flag-is:
lincolniu12etac,CVB1D5TK7,active,False,False,4,True,252,2025-03-10T20:45:59.731159,2020-03-12T19:28:39,2076,0,2025-11-18T11:02:06.615299,2025-12-18T11:02:06.615299,False,warned,,,
concordia-communications,C010367SS9E,active,False,False,3,True,252,2025-03-10T20:46:02.035989,2020-03-16T15:44:36,2073,0,2025-11-18T11:00:31.599312,2025-12-18T11:00:31.599312,False,warned,,,
esim,C010HF3FKKK,active,False,False,31,True,193,2025-05-09T10:47:26.171699,2020-03-26T06:04:43,2063,0,2025-11-18T11:00:54.562437,2025-12-18T11:00:54.562437,False,warned,,,Discussion of eSIM deployment to cellular Apple devices
cellular,C010TGB7940,active,False,False,19,True,40,2025-10-08T19:59:22.879399,2020-03-26T06:06:41,2063,0,,,False,,,,Discussion of Cellular technologies on Apple platform
imazing_configurator,C010X88NKV0,active,False,False,154,True,98,2025-08-11T17:56:09.605139,2020-04-02T10:28:22,2056,0,2025-11-18T11:01:27.580912,2025-12-18T11:01:27.580912,False,warned,,"App: <https://imazing.com/configurator>
Documentation: <https://imazing.com/guides/configurator-overview>
Download: <https://imazing.com/download>","Discussion about the iMazing Configurator macOS app, hosted by DigiDNA"
laa-pub,C011AM2KG4F,active,False,False,107,True,4,2025-11-14T15:19:30.166509,2020-04-02T12:31:27,2056,0,,,False,,,<https://jamf.zoom.us/j/94977135020?pwd=CfIqhSU49XPWG6LW2Tmm9tTF2kEXXQ.1>,Area for those from <#C0560V3BQ> to hang out and chat. THU 5PM: Slack Call for Beers and chat.
lasso,C011BT5D97G,active,False,False,6,True,252,2025-03-10T20:46:25.343459,2020-04-03T04:45:37,2055,0,2025-11-18T11:02:02.153142,2025-12-18T11:02:02.153142,False,warned,,,For those hanging onto the dead LassoSoft language
foldingathome,C011CJ55R7Z,active,False,False,27,True,92,2025-08-17T20:32:05.762169,2020-04-11T15:22:59,2047,0,,,False,,,MacAdmins Folding@home Team `257618` | <https://foldingathome.org/> | Join us at <https://stats.foldingathome.org/team/257618> | <https://folding.extremeoverclocking.com/team_summary.php?s=&amp;t=257618> | <https://foldingathome.org/covid19/>,MacAdmins Folding@home Team `257618` | <https://foldingathome.org/> | Join us at <https://stats.foldingathome.org/team/257618> | <https://folding.extremeoverclocking.com/team_summary.php?s=&amp;t=257618> | <https://foldingathome.org/covid19/>
okta-workflows,C011DBUDT28,active,False,False,2446,True,0,2025-11-17T20:27:11.897049,2020-04-03T17:13:06,2054,0,,,False,,,Documentation:  <https://learn.workflows.okta.com/>,A place to discuss Okta Workflows
coversationswithmyciso,C011N65EWSX,active,False,False,5,True,0,2025-11-18T11:28:39.814199,2020-04-11T06:29:43,2047,0,2025-11-18T11:00:34.365253,2025-12-18T11:00:34.365253,False,warned,,,
twocanoes-secure-remote-access,C011Z88KKUY,active,False,False,73,True,96,2025-08-14T15:22:28.740039,2020-04-08T17:37:33,2049,0,2025-11-18T11:04:32.128351,2025-12-18T11:04:32.128351,False,warned,,,macOS admin tool for proxing smart card operations on remote macs
wtfisthat,C0120N7SH7V,active,False,False,9,True,6,2025-11-12T15:43:52.994979,2020-04-17T03:46:40,2041,0,,,False,,,,
munkireport-dev,C012AA4GF62,active,False,False,181,True,8,2025-11-09T21:57:57.822329,2020-04-24T18:30:53,2033,0,,,False,,,Discussion of MunkiReport code and module development,A place for discussing MunkiReport code and module development
sbaprograms,C012QBSKE0H,active,False,False,6,True,252,2025-03-10T20:46:41.819529,2020-04-22T19:43:00,2035,0,2025-11-18T11:03:46.735838,2025-12-18T11:03:46.735838,False,warned,,,"Discussion of SBA programs, PPP/EIDL/etc"
jamfjobs,C012U0C53MK,active,False,False,494,True,27,2025-10-22T14:30:58.365209,2020-04-30T20:52:59,2027,0,,,False,,,,contract and fulltime jamf work
vvyv,C012XKAARLN,active,False,False,5,True,252,2025-03-10T20:46:44.097689,2020-05-06T07:31:11,2022,0,2025-11-18T11:04:42.760754,2025-12-18T11:04:42.760754,False,warned,,,vvyv
8x8,C0137SACJKV,active,False,False,66,True,139,2025-07-01T21:54:12.333799,2020-05-07T13:34:10,2021,0,2025-11-18T10:59:34.816525,2025-12-18T10:59:34.816525,False,warned,,,The 8x8 unified communication system.
tailscale,C0139N2UESY,active,False,False,278,True,0,2025-11-18T15:06:37.785359,2020-05-05T20:35:42,2022,0,,,False,,,,Tailscale is the admin friendly version of Wireguard. Easy to deploy and manage for sites.
token-investigations,C013CC583B4,active,False,False,9,True,0,2025-11-18T11:28:42.535559,2020-05-10T04:50:59,2018,0,2025-11-18T11:04:26.450511,2025-12-18T11:04:26.450511,False,warned,,,
installomator,C013HFTFQ13,active,False,False,3624,True,0,2025-11-18T17:02:21.072719,2020-05-13T11:12:38,2015,0,,,False,,,"Latest release package can be found here: <https://github.com/Installomator/Installomator/releases>

Labels get updated faster than full release cycles on the `main` branch: <https://github.com/Installomator/Installomator/tree/main>","Discuss all topics related to Installomator, get support for using the tool or crafting new labels."
fisma,C013L993SUT,active,False,False,11,True,49,2025-09-30T12:50:25.988799,2020-05-13T19:00:12,2014,0,,,False,,,,Federal Information Security Management Act based security guidance
futureproofitconf,C013T7XQVH8,active,False,False,13,True,252,2025-03-10T20:47:00.184839,2020-05-18T01:06:25,2010,0,2025-11-18T11:01:08.731760,2025-12-18T11:01:08.731760,False,warned,,,For Futureproof IT 2020!
blank,C013VG4PMEX,active,False,False,5,True,214,2025-04-17T21:35:10.198449,2020-05-18T21:04:21,2009,0,2025-11-18T11:00:07.723571,2025-12-18T11:00:07.723571,False,warned,,,
connectwise-control,C013VP18LAY,active,False,False,162,True,41,2025-10-08T16:06:28.793789,2020-05-15T02:16:37,2013,0,,,False,,,,discussion of Connectwise Control (formerly Screenconnect
iboss,C0142EMPR35,active,False,False,29,True,63,2025-09-15T19:04:51.972809,2020-05-21T16:02:23,2007,0,,,False,,,,discussion about the iboss and iboss cloud web filtering platforms
autpkgrinformar,C014E1U0RED,active,False,False,8,True,252,2025-03-10T20:47:09.362399,2020-05-21T08:10:24,2007,0,2025-11-18T10:59:58.658766,2025-12-18T10:59:58.658766,False,warned,,,test - infostand
rocketbook,C014F7E1YDP,active,False,False,5,True,207,2025-04-25T14:05:05.951959,2020-05-21T18:09:16,2006,0,2025-11-18T11:03:39.720168,2025-12-18T11:03:39.720168,False,warned,,,Cool uses of Rocketbooks!
shrugs,C014PTETSS0,active,False,False,9,True,252,2025-03-10T20:47:16.306389,2020-05-29T18:12:07,1998,0,2025-11-18T11:03:55.958401,2025-12-18T11:03:55.958401,False,warned,,The macOS-native client for Slack.,About the Mac-native Slack client (<https://shrugs.app>)
lego,C014WAT16GG,active,False,False,64,True,1,2025-11-17T15:34:00.268189,2020-05-24T13:34:15,2004,0,,,False,,,,"Show off your creations, sets, and more!"
macos_security_compliance,C0158JKQTC5,active,False,False,2634,True,0,2025-11-18T15:56:06.724049,2020-06-12T03:26:12,1985,0,,,False,,,"The macOS Security Compliance Project is an open source effort that can be used to create customized security baselines of technical security controls, which are mapped to various compliance frameworks. <https://github.com/usnistgov/macos_security>",<https://github.com/usnistgov/macos_security>
conferences,C015GPX18EM,active,False,False,132,True,102,2025-08-07T18:34:32.109369,2020-06-09T20:32:16,1987,0,2025-11-18T11:00:33.452987,2025-12-18T11:00:33.452987,False,warned,,,"conference announcements, link, location, face to face and or virtual."
malaysia,C015PGA8E9L,active,False,False,6,True,252,2025-03-10T20:47:27.734029,2020-06-23T12:28:35,1974,0,2025-11-18T11:02:23.825704,2025-12-18T11:02:23.825704,False,warned,,,Mac admins in Malaysia… where are you?
asia-macadmins,C015PGK97RU,active,False,False,42,True,5,2025-11-12T21:09:42.299209,2020-06-23T12:33:30,1974,0,,,False,,,,For Mac Admins in Asia
winget,C015R1F3RQD,active,False,False,14,True,221,2025-04-10T17:39:05.020839,2020-06-21T02:09:58,1976,0,2025-11-18T11:04:50.823486,2025-12-18T11:04:50.823486,False,warned,,,
blah,C015TV5NQGP,active,False,False,7,True,0,2025-11-18T11:28:47.829759,2020-06-29T21:42:50,1967,0,2025-11-18T11:00:07.331934,2025-12-18T11:00:07.331934,False,warned,,,Slack Connect - Test channel
setapp,C015W1D5EF4,active,False,False,25,True,330,2024-12-23T15:46:03.708829,2020-06-23T10:10:29,1974,0,2025-11-18T11:03:54.182759,2025-12-18T11:03:54.182759,False,warned,,,Setapp for Teams related questions
elpaso,C015XNB77KP,active,False,False,5,True,40,2025-10-08T20:07:46.068249,2020-06-24T14:52:28,1973,0,,,False,,,,El Paso area Mac Admins
installpkgsfromdmg,C015Y2G376F,active,False,False,44,True,194,2025-05-07T19:16:44.217289,2020-06-23T23:55:49,1973,0,2025-11-18T11:01:31.057508,2025-12-18T11:01:31.057508,False,warned,,"This channel is to discuss the InstallPKGsfromDMG script avaliable on jamfnation.
<https://www.jamf.com/jamf-nation/third-party->
products/files/1048/installpkgsfromdmg",Installing PKGs from mounted DMGs
chesapeake-backblaze,C015ZH9201Y,active,False,False,6,True,0,2025-11-18T11:28:49.130509,2020-06-24T17:30:33,1972,0,2025-11-18T11:00:21.478237,2025-12-18T11:00:21.478237,False,warned,,,This channel is here to facilitate communications between Backblaze and Chesapeake.
recipebuilder,C0162HS2F97,active,False,False,41,True,309,2025-01-13T15:17:36.771479,2020-06-19T07:19:40,1978,0,2025-11-18T11:03:31.861046,2025-12-18T11:03:31.861046,False,warned,,,<https://github.com/mikaellofgren/RecipeBuilder>. Discuss RecipeBuilder here
formula1,C016HM7FZBP,active,False,False,133,True,9,2025-11-09T16:57:27.052779,2020-07-05T14:07:41,1962,0,,,False,,,"New Rule: Make your point and if someone disagrees with it accept that and move on. This isn’t a courtroom and all you are doing is engaging in an Internet Argument.

Fantasy League Code:  C3BEPU38M10",For those who like Macs and seriously fast cars. Please remember that during a race not everyone is seeing things at the same time.
appleid,C016J48QPAS,active,False,False,357,True,53,2025-09-26T16:48:52.861189,2020-07-08T10:35:15,1959,0,,,False,,,,all question around appleid’s
macos-11-bigsur,C016JHNMP1N,active,False,False,2749,True,171,2025-05-30T19:21:17.160489,2020-06-22T19:08:56,1974,0,2025-11-18T11:02:17.283654,2025-12-18T11:02:17.283654,False,warned,,macOS Big Sur | Latest version: 11.7.10 (20G1427) | <https://support.apple.com/HT213915>,All things macOS Big Sur
applesilicon,C016JJWLZUY,active,False,False,2438,True,66,2025-09-12T20:22:31.031909,2020-06-22T19:27:55,1974,0,,,False,,,"Mac computers with Apple silicon. Starting with certain models introduced in late 2020, Apple began the transition from Intel processors to Apple silicon in Mac computers. <https://support.apple.com/en-us/HT211814>",
datajar,C016TM14R7A,active,False,False,154,True,7,2025-11-11T09:29:32.356389,2020-06-26T11:58:55,1971,0,,,False,,,,<https://datajar.co.uk>
test-jensen,C0173FB7ZCL,active,False,False,4,True,252,2025-03-10T20:48:02.498469,2020-07-10T22:13:25,1956,0,2025-11-18T11:04:19.073669,2025-12-18T11:04:19.073669,False,warned,,,
soyouleftfb,C0173VDHM3L,active,False,False,4,True,252,2025-03-10T20:48:04.784339,2020-07-15T06:52:28,1952,0,2025-11-18T11:04:03.475633,2025-12-18T11:04:03.475633,False,warned,,,
munki-theme,C0179LCM3H8,active,False,False,44,True,106,2025-08-04T06:19:17.330869,2020-07-17T13:40:44,1950,0,2025-11-18T11:02:41.802374,2025-12-18T11:02:41.802374,False,warned,,<https://github.com/jonbrown21/Munki-Theme-Maker/releases/tag/v1.7.0>,
mena,C01810GP72Q,active,False,False,4,True,252,2025-03-10T20:48:09.339399,2020-07-28T11:44:17,1939,0,2025-11-18T11:02:27.504387,2025-12-18T11:02:27.504387,False,warned,,,
dualboot,C0182SGUX1U,active,False,False,22,True,203,2025-04-28T20:00:35.583969,2020-08-04T21:45:40,1931,0,2025-11-18T11:00:45.403494,2025-12-18T11:00:45.403494,False,warned,,,macs with Dual Boot
macosx-administrators,C0185K3V4DB,active,False,False,43,True,193,2025-05-08T19:23:09.825689,2020-08-03T20:44:22,1932,0,2025-11-18T11:02:20.797310,2025-12-18T11:02:20.797310,False,warned,,,Mac Administrators
domotz,C0189MNLE0J,active,False,False,16,True,90,2025-08-19T22:58:23.675209,2020-08-04T22:38:29,1931,0,,,False,,,All about Domotz <https://www.domotz.com/> Remote Network Monitoring &amp; Management,
cyberark,C018HHU6GF7,active,False,False,265,True,5,2025-11-13T12:13:42.475339,2020-08-10T09:11:07,1926,0,,,False,,,,How not to create an installer
mychannel,C018JJG4SNL,active,False,False,4,True,252,2025-03-10T20:48:21.054489,2020-07-28T11:16:09,1939,0,2025-11-18T11:02:44.689923,2025-12-18T11:02:44.689923,False,warned,,,
hudu,C018WGT495L,active,False,False,90,True,6,2025-11-11T17:14:25.504719,2020-08-19T05:47:19,1917,0,,,False,,,,To discuss documentation platform Hudu - <http://usehudu.com|usehudu.com>
getguru,C01A07GLA8G,active,False,False,13,True,0,2025-11-18T11:28:54.250279,2020-08-21T22:51:13,1914,0,2025-11-18T11:01:12.582930,2025-12-18T11:01:12.582930,False,warned,,"Working with <https://getguru.com>
Join the dedicated community at <https://go.getguru.com/community-join>",<https://getguru.com> product channel
postproduction,C01A150170X,active,False,False,22,True,369,2024-11-13T17:12:52.461539,2020-09-10T20:16:43,1894,0,2025-11-18T11:03:16.209465,2025-12-18T11:03:16.209465,False,warned,,,"Let's talk Post Production specific problems with Macs
<https://www.webopedia.com/TERM/P/post_production.html>"
xink,C01ABP58U5Q,active,False,False,5,True,252,2025-03-10T20:48:30.279579,2020-09-09T12:05:21,1896,0,2025-11-18T11:04:55.836479,2025-12-18T11:04:55.836479,False,warned,,,Xink cloud email signature management on macOS
talk-dallascowboys,C01AG08BYBV,active,False,False,4,True,252,2025-03-10T20:48:32.540129,2020-09-10T19:34:02,1894,0,2025-11-18T11:04:13.594495,2025-12-18T11:04:13.594495,False,warned,,,A place for internal cowboys fans! Haters will get booted :slightly_smiling_face:
africa,C01AM1FF7LH,active,False,False,34,True,238,2025-03-24T22:26:29.270409,2020-09-08T05:20:41,1897,0,2025-11-18T10:59:40.519008,2025-12-18T10:59:40.519008,False,warned,,,all things africa
jamf-uploader,C01AVR04ES1,active,False,False,1056,True,6,2025-11-12T10:00:20.384779,2020-09-18T14:40:46,1887,0,,,False,,,<https://github.com/grahampugh/jamf-upload/wiki>,"The JamfUploader processors for AutoPkg are the replacement for JSSImporter. This channel is for help on writing jamf recipes, discuss workflows and to receive announcements of new features."
fantasyfootball,C01B3NHNM3R,active,False,False,7,True,0,2025-11-18T11:28:56.066239,2020-09-28T18:07:57,1876,0,2025-11-18T11:00:58.645188,2025-12-18T11:00:58.645188,False,warned,,Sportsball banter is welcome,fantasy football banter for sportsball fans
maxon,C01B9APNC87,active,False,False,19,True,5,2025-11-13T15:25:42.409849,2020-09-30T17:33:50,1874,0,2025-11-18T11:02:26.029790,2025-12-18T11:02:26.029790,False,warned,,<https://www.maxon.net/en-us/>,This is a channel to discuss all Maxon ONE products.
can_be_deleted_jnuc2020_uxhappyhour,C01BJKDFL4B,active,False,False,7,True,0,2025-11-18T11:28:56.744489,2020-09-28T17:49:41,1876,0,2025-11-18T11:00:16.681010,2025-12-18T11:00:16.681010,False,warned,,,<https://www.jamf.com/jamf-nation/events/jnuc/2020/377/ux-friends-happy-hour>
dtrace,C01CA2JD9UK,active,False,False,16,True,252,2025-03-10T20:48:53.258749,2020-10-09T09:38:10,1866,0,2025-11-18T11:00:44.979303,2025-12-18T11:00:44.979303,False,warned,,,"Let’s talk about DTrace, baby."
extensis,C01CEVA1SQP,active,False,False,66,True,187,2025-05-14T19:56:45.383679,2020-10-19T15:23:38,1856,0,2025-11-18T11:00:57.363452,2025-12-18T11:00:57.363452,False,warned,,<https://www.extensis.com>,All Extensis products
airtable,C01D5FVSGMN,active,False,False,100,True,63,2025-09-16T03:44:32.107669,2020-10-13T01:04:39,1862,0,,,False,,,,
macos-help,C01E92Y3XNG,active,False,False,27,True,307,2025-01-15T05:25:41.445309,2020-11-05T10:04:04,1839,0,2025-11-18T11:02:18.149179,2025-12-18T11:02:18.149179,False,warned,,,
recipes,C01EL5TRU4E,active,False,False,15,True,251,2025-03-12T15:50:47.945329,2020-11-16T01:05:08,1828,0,2025-11-18T11:03:32.272561,2025-12-18T11:03:32.272561,False,warned,,,MacAdmin Christmas recipe zine project. Submit your favourite holiday recipes (or any other favourite of all time!) 
halp,C01EZ32RG1H,active,False,False,126,True,294,2025-01-28T16:47:49.663979,2020-11-17T22:07:58,1826,0,2025-11-18T11:01:18.242572,2025-12-18T11:01:18.242572,False,warned,,,To be halpful and chat about anything Halp
blackfridaydeals-au,C01EZDXFSCF,active,False,False,36,True,70,2025-09-09T03:49:37.166679,2020-11-24T09:15:35,1820,0,,,False,,,,Specials for the Mac Admin (in Australia)
zscaler,C01G5KLE9K6,active,False,False,827,True,2,2025-11-15T19:47:00.885869,2020-12-02T13:25:37,1812,0,,,False,,,,<https://help.zscaler.com/zscaler-client-connector/client-connector-app-release-summary-2024>
nashville,C01G81D2V51,active,False,False,60,True,22,2025-10-27T15:39:43.131199,2020-12-04T22:59:30,1809,0,,,False,,,,
hoob,C01GF489GCF,active,False,False,3,True,252,2025-03-10T20:49:25.548989,2020-12-14T18:54:17,1799,0,2025-11-18T11:01:25.712118,2025-12-18T11:01:25.712118,False,warned,,,<https://support.hoobs.org/docs/5e763ca9e87d1e02b6c19d2f>
wwsd,C01GXV7U03Y,active,False,False,6,True,252,2025-03-10T20:49:27.857859,2020-12-17T12:18:55,1797,0,2025-11-18T11:04:54.826231,2025-12-18T11:04:54.826231,False,warned,,What would <@U1HT53QTU> do?,
join-channel,C01H5RCR5AA,active,False,False,6,True,6,2025-11-12T15:21:20.134259,2020-12-21T13:18:48,1793,0,,,False,,,,
atera,C01HL9HRK0W,active,False,False,21,True,35,2025-10-13T21:44:02.472849,2020-12-30T15:29:43,1784,0,,,False,,,,
asfinfra-channel,C01HLGG2HC3,active,False,False,5,True,252,2025-03-10T20:49:34.911209,2020-12-24T18:31:35,1789,0,2025-11-18T10:59:54.875909,2025-12-18T10:59:54.875909,False,warned,,Contact with Skack,I need to contact with Slack of <#C01HLGG2HC3|>
zoho_one,C01J8DR7HPD,active,False,False,11,True,15,2025-11-03T15:43:40.925929,2021-01-07T22:06:18,1775,0,,,False,,,,For users of Zoho apps and the Zoho One suite
truedit,C01JGNLEG2Y,active,False,False,5,True,252,2025-03-10T20:49:39.738299,2021-01-08T18:15:08,1774,0,2025-11-18T11:04:29.515149,2025-12-18T11:04:29.515149,False,warned,,,<http://TruEdit.com|TruEdit.com> content and workflow management system
maconboardingmate,C01JLJ8S0RW,active,False,False,125,True,6,2025-11-12T14:06:03.175979,2021-01-03T12:25:13,1780,0,,,False,,,<https://www.agnosys.com/maconboardingmate-en/>,Discussion about the tool MacOnboardingMate by Agnosys
stefchennel,C01KEEXSGN4,active,False,False,12,True,0,2025-11-18T11:29:04.851089,2021-01-14T13:42:10,1769,0,2025-11-18T11:04:06.842601,2025-12-18T11:04:06.842601,False,warned,,,
anyware_pcoip_teradici,C01KL1QEX41,active,False,False,61,True,125,2025-07-16T09:05:32.970789,2021-01-20T00:16:28,1763,0,2025-11-18T10:59:45.711411,2025-12-18T10:59:45.711411,False,warned,,<https://connect.teradici.com/blog/macos-release?utm_campaign=MacOS%20Launch>,To discuss Teradici on mac
stonks,C01KNN5F43Z,active,False,False,71,True,251,2025-03-12T14:16:29.504269,2021-01-27T21:05:29,1755,0,2025-11-18T11:04:08.152902,2025-12-18T11:04:08.152902,False,warned,,Stonks only go up! :rocket: :stonks: ,Stonks only go up! :rocket: :stonks:
omaha,C01L50E3FS5,active,False,False,11,True,49,2025-09-30T16:47:05.293929,2021-01-25T15:59:37,1758,0,,,False,,,,A place for MacAdmins living in Omaha to connect
clubhouse-meetups,C01L85P2E2X,active,False,False,19,True,214,2025-04-17T21:37:02.034749,2021-01-28T18:46:29,1754,0,2025-11-18T11:00:28.006296,2025-12-18T11:00:28.006296,False,warned,,,
outages,C01LXKKC06N,active,False,False,24,True,216,2025-04-16T02:04:51.765299,2021-02-04T01:02:53,1748,0,2025-11-18T11:03:04.964377,2025-12-18T11:03:04.964377,False,warned,,,Use this channel to post about service outages
kanaka,C01MERRKXS4,active,False,False,5,True,0,2025-11-18T11:29:06.709259,2021-02-02T18:55:52,1749,0,,,False,,,,
heroes-coffee,C01MH7MTQJF,active,False,False,5,True,0,2025-11-18T11:29:07.102679,2021-02-09T13:57:48,1743,0,2025-11-18T11:01:22.714909,2025-12-18T11:01:22.714909,False,warned,,,
miami,C01MQCM03CL,active,False,False,19,True,0,2025-11-18T11:29:07.461119,2021-02-09T17:36:04,1742,0,,,False,,,,Miami Mac Administrators
starlink,C01N3A1J109,active,False,False,56,True,10,2025-11-07T18:10:45.086599,2021-02-10T21:43:53,1741,0,,,False,,,$299USD for the Mini Kit for a limited time (Offer ends May 28th),Let's Talk about SpaceX Starlink here
lol,C01N6EQUC9Z,active,False,False,9,True,214,2025-04-17T21:42:59.948049,2021-02-15T22:30:10,1736,0,2025-11-18T11:02:08.401394,2025-12-18T11:02:08.401394,False,warned,,,
netskope,C01NJ2J4WAG,active,False,False,559,True,0,2025-11-18T15:31:40.729179,2021-02-17T04:40:14,1735,0,,,False,,,,Creating this channel for netskope discussions.
authorization-plugins,C01NP4L5LJC,active,False,False,30,True,197,2025-05-05T07:52:55.661219,2021-02-12T18:04:02,1739,0,2025-11-18T10:59:56.552064,2025-12-18T10:59:56.552064,False,warned,,,
jekyll,C01NQP0ASF2,active,False,False,8,True,0,2025-11-18T11:29:08.860239,2021-02-13T06:02:25,1739,0,2025-11-18T11:01:49.928407,2025-12-18T11:01:49.928407,False,warned,,jekyll and macOS,"Simple, blog-aware, static sites"
lotusnotes,C01NTTKPDD5,active,False,False,7,True,0,2025-11-18T11:29:09.230359,2021-02-24T20:11:06,1727,0,2025-11-18T11:02:11.014340,2025-12-18T11:02:11.014340,False,warned,,,I gotcha!
jamf-msp,C01P9S4TBCM,active,False,False,409,True,6,2025-11-12T08:56:32.984899,2021-02-25T16:57:25,1727,0,,,False,,,,"program, product, and best practices using Jamf as a managed service provider

<https://www.jamf.com/community/partners/managed-service-providers/>"
money,C01PDJU1DV0,active,False,False,23,True,34,2025-10-14T18:28:10.209709,2021-02-25T19:00:56,1726,0,,,False,,,Money money money,"Conversations about finances, both personal and business."
valheim,C01PPC9PEFJ,active,False,False,5,True,252,2025-03-10T20:50:30.191309,2021-02-23T01:17:34,1729,0,2025-11-18T11:04:39.661881,2025-12-18T11:04:39.661881,False,warned,,,"Taking advice from big crows / Punch a deer, have a bbq"
losers-club,C01QB8FH7MH,active,False,False,15,True,214,2025-04-17T21:43:10.701579,2021-03-05T13:58:22,1719,0,2025-11-18T11:02:10.608768,2025-12-18T11:02:10.608768,False,warned,,,Jamf 200 class of 3/21
mac-os-automation,C01QGP7DZ97,active,False,False,224,True,99,2025-08-11T17:03:25.164199,2021-03-04T04:51:49,1720,0,2025-11-18T11:02:12.874869,2025-12-18T11:02:12.874869,False,warned,,,This Channel is to help and gain knowledge on Automating tasks pertaining to Mac OS Big Sur
lucidlink,C01QKP23B63,active,False,False,94,True,64,2025-09-15T16:21:35.375789,2021-03-11T23:43:39,1712,0,,,False,,,,A place to get answers and best-practice recommendations for usage or optimization of the Cloud-native filesystem
withsecure,C01R82JQEUB,active,False,False,28,True,11,2025-11-07T12:46:05.461829,2021-03-15T08:01:25,1709,0,,,False,,,,
longhair-dontcare,C01RP61SREJ,active,False,False,4,True,40,2025-10-09T16:04:32.560909,2021-03-19T17:02:51,1705,0,,,False,,,,Discussion about who has the longest hair
spain-admins,C01RUTRJRST,active,False,False,49,True,4,2025-11-14T09:07:28.055959,2021-03-24T13:11:45,1700,0,,,False,,,,
meu,C01SEDUV890,active,False,False,528,True,74,2025-09-05T12:52:47.207889,2021-03-25T14:30:34,1699,0,,,False,,,"Latest Version 4.7.1
Mac Evaluation Utility is available from AppleSeed for IT with a Managed Apple Account.
<https://beta.apple.com/for-it>

Please provide feedback through Feedback Assistant","Mac Evaluation Utility discussions between customers, consultants, partners and vendors.
MEU download - <https://appleseed.apple.com/it>
(Use your Managed Apple ID)
MEU feedback - <mailto:MacEvalUtility@group.apple.com|MacEvalUtility@group.apple.com>"
labman,C01T2R3RGRH,active,False,False,6,True,221,2025-04-10T17:26:12.752949,2021-04-01T15:45:25,1692,0,2025-11-18T11:02:00.197803,2025-12-18T11:02:00.197803,False,warned,,,LabMan Conference - June 22nd through June 24th 2022 - <http://labman.io|labman.io>
okta-fastpass,C01TCPAGS1K,active,False,False,660,True,0,2025-11-17T18:52:09.241069,2021-04-06T23:23:55,1686,0,,,False,,,,
apple-hubs,C01TKP80389,active,False,False,12,True,6,2025-11-12T15:00:49.347449,2021-04-03T01:44:14,1690,0,,,False,,,Please use <#C1PEM3JU9|> instead,Please use #appledockingstations instead
music-oah,C01TNH78QBZ,active,False,False,5,True,125,2025-07-15T17:16:58.065739,2021-04-13T04:19:34,1680,0,2025-11-18T11:02:44.285783,2025-12-18T11:02:44.285783,False,warned,,,"like <#C060JBUQZ|>, but way more self-absorbed"
squared-circle,C01TQEF6WQN,active,False,False,7,True,252,2025-03-10T20:51:10.161729,2021-04-10T22:53:20,1682,0,2025-11-18T11:04:05.444713,2025-12-18T11:04:05.444713,False,warned,,,Wrasslin
twingate,C01TW37T6H0,active,False,False,109,True,14,2025-11-04T16:34:47.025139,2021-04-09T22:55:49,1683,0,,,False,,,,<https://www.twingate.com/> Ask us anything!
swiftdialog,C01U5MXNGG6,active,False,False,2313,True,1,2025-11-17T11:07:29.988289,2021-04-15T01:08:59,1678,0,,,False,,,Latest version 2.5.6 <https://github.com/swiftDialog/swiftDialog> - <https://swiftdialog.app> - <https://github.com/bartreardon/swiftDialog-scripts> - <https://marketplace.jamf.com/details/swiftdialog>,channel about the app swiftDialog
fortinet,C01UJR7LQBS,active,False,False,532,True,0,2025-11-18T15:43:29.154939,2021-04-09T18:12:13,1683,0,,,False,,,,"Discuss Fortinet and Fabric connected services (FortiClient, FortiNAC, FortiGate, FortiEDR, etc.) - <https://www.fortinet.com>"
airprint,C01UQAV9JJW,active,False,False,128,True,34,2025-10-15T10:11:35.736809,2021-04-19T11:08:14,1674,0,,,False,,,,
airtag,C01V0G8ASJE,active,False,False,120,True,82,2025-08-27T19:50:08.465049,2021-04-21T15:53:32,1672,0,,,False,,,All about Apple AirTag: <https://www.apple.com/airtag/>,Apple AirTag info and uses
miccug-sverige,C01V3T05LHH,active,False,False,5,True,0,2025-11-18T11:29:17.166719,2021-04-22T09:41:56,1671,0,2025-11-18T11:02:29.724853,2025-12-18T11:02:29.724853,False,warned,,,Välkommen till en stark och oberoende förening som jobbar helt utifrån våra medlemmars behov och intressen. Vi välkomnar alla som har ett intresse av MiCC Solidus och våra medlemmar
macadmins_educ_francophones,C0203HQ5Q7K,active,False,False,20,True,63,2025-09-16T14:44:50.508929,2021-04-22T15:27:04,1671,0,,,False,,,,Canal à destination des administrateurs macOS francophones dans l’enseignement
adelaide-macadmins,C0205P3V205,active,False,False,78,True,69,2025-09-10T01:51:25.349769,2021-04-28T07:54:46,1665,0,,,False,,,<https://appleadminsadelaide.com>,"The Adelaide based discussion and meetup group for anyone deploying, configuring or integrating Apple devices in a school or enterprise environment."
kandji-reacji,C02081HTVGD,active,False,False,182,True,21,2025-10-27T20:55:47.407859,2021-04-28T17:19:04,1664,0,,,False,,,,
indent,C020G27KDU7,active,False,False,4,True,252,2025-03-10T20:51:35.689239,2021-05-04T23:21:30,1658,0,2025-11-18T11:01:30.179237,2025-12-18T11:01:30.179237,False,warned,,,
munich,C020LEMLY01,active,False,False,50,True,42,2025-10-07T12:42:15.387899,2021-04-27T23:17:13,1665,0,,,False,,,,"Mac Admin community in Munich, Germany. (München - Bavaria - Bayern)"
fleet,C0214NELAE7,active,False,False,1157,True,0,2025-11-18T13:48:49.766599,2021-05-06T17:55:02,1656,0,,,False,,,":cloud::rocket:  The latest version of Fleet is 4.76.0.
More info: <https://github.com/fleetdm/fleet/releases/tag/fleet-v4.76.0>
Upgrade now: <https://fleetdm.com/docs/deploying/upgrading-fleet>",Open source device management for everyone (<http://github.com/fleetdm/fleet|github.com/fleetdm/fleet>)
jamf-patch-management,C021J4E87K5,active,False,False,1713,True,5,2025-11-13T02:14:54.346309,2021-05-11T10:52:21,1652,0,,,False,,,<https://docs.jamf.com/jamf-app-catalog/Release_History.html> <https://learn.jamf.com/bundle/jamf-pro-documentation-current/page/Patch_Management.html>,":octagonal_sign: :monkey:           :rolling_on_the_floor_laughing:
<https://www.jamf.com/blog/more-than-500-app-titles-now-available-in-jamf-pro/>"
royston-vasey,C021Q42HS04,active,False,False,8,True,0,2025-11-18T11:29:19.650269,2021-05-11T11:02:40,1652,0,2025-11-18T11:03:40.165777,2025-12-18T11:03:40.165777,False,warned,,Welcome! You'll never leave!,You’ll never leave…
jamf-trusted-access,C0222DS7Y7K,active,False,False,660,True,11,2025-11-06T19:06:43.198329,2021-05-12T15:46:56,1651,0,,,False,,,<https://trusted.jamf.com>,Jamf Trusted Access experience allows organizations to only allow managed devices that are safe with correct user identities access to organizational resources. Learn more at <https://trusted.jamf.com/docs/solution-overview>
macadmins-opensource,C0224B1QUSK,active,False,False,600,True,5,2025-11-13T14:57:21.632619,2021-05-20T17:36:46,1642,0,,,False,,,"Channel to discuss MacAdmins GitHub related issues or topics. Ask general Github questions in <#C092VCVV4|>

<https://github.com/macadmins>.","Channel to discuss MacAdmins GitHub related issues or topics. 

<https://github.com/macadmins>"
nrw_mac_admins,C0225UARN21,active,False,False,17,True,252,2025-03-10T20:51:51.768379,2021-05-18T15:43:06,1645,0,2025-11-18T11:02:52.671974,2025-12-18T11:02:52.671974,False,warned,,,"Channel for Mac Admins in NRW, Germany"
alectrona-patch,C022KB6V0PJ,active,False,False,244,True,0,2025-11-18T00:48:34.094479,2021-05-13T20:55:45,1649,0,,,False,,,"<https://www.alectrona.com/patch>
<https://patchdocs.alectrona.com>
<https://patchprofile.alectrona.com>
<https://software.alectrona.com/patch/software.xml>",
italy-wwdc21,C0236J6BYN5,active,False,False,19,True,0,2025-11-18T11:29:21.161309,2021-05-24T11:19:30,1639,0,2025-11-18T11:01:37.305172,2025-12-18T11:01:37.305172,False,warned,,,Italy Apple Admin
freeipa,C023FPYDCBU,active,False,False,8,True,201,2025-04-30T23:22:58.435709,2021-05-29T20:47:32,1633,0,2025-11-18T11:01:06.076002,2025-12-18T11:01:06.076002,False,warned,,,
isp,C023H1E7M61,active,False,False,3,True,252,2025-03-10T20:52:00.898599,2021-06-01T04:46:39,1631,0,2025-11-18T11:01:36.422114,2025-12-18T11:01:36.422114,False,warned,,,
goldengate,C023U6UGA93,active,False,False,4,True,252,2025-03-10T20:52:05.470459,2021-06-03T14:56:30,1629,0,2025-11-18T11:01:15.171868,2025-12-18T11:01:15.171868,False,warned,,,
icinga,C023UCQR8SV,active,False,False,4,True,252,2025-03-10T20:52:07.783319,2021-05-29T20:48:46,1633,0,2025-11-18T11:01:26.601348,2025-12-18T11:01:26.601348,False,warned,,,ask or answer Questions
anydesk,C023VSG6ARX,active,False,False,78,True,55,2025-09-24T11:51:34.028849,2021-05-31T06:31:15,1632,0,,,False,,,,<https://anydesk.com>
nanomdm,C023Z6A2DL0,active,False,False,396,True,15,2025-11-03T09:43:52.158699,2021-05-27T17:35:37,1635,0,,,False,,,<https://github.com/micromdm/nanomdm>,
dungeons_and_dragons,C0249U8P0PN,active,False,False,30,True,244,2025-03-19T12:57:03.954939,2021-06-05T00:16:28,1627,0,2025-11-18T11:00:45.876087,2025-12-18T11:00:45.876087,False,warned,,,Or any other roleplay chat
jamf-marketplace,C024ELXBVT3,active,False,False,182,True,378,2024-11-04T18:48:29.572099,2021-06-04T16:00:17,1628,0,2025-11-18T11:01:42.428129,2025-12-18T11:01:42.428129,False,warned,,,A space to discuss integrations and contributions to the Jamf Marketplace: <https://marketplace.jamf.com/>
patronum,C024QTQ5C72,active,False,False,37,True,214,2025-04-18T09:35:42.570459,2021-06-04T11:41:18,1628,0,2025-11-18T11:03:09.835836,2025-12-18T11:03:09.835836,False,warned,,<https://patronum.overdrive.io/community>,A #google-workspace manager :muscle::skin-tone-2:
netrush,C0257BEP8BB,active,False,False,5,True,221,2025-04-10T17:58:10.532019,2021-06-11T23:23:41,1620,0,2025-11-18T11:02:47.299169,2025-12-18T11:02:47.299169,False,warned,,,Netrush
apple-feedback,C02589RNK5E,active,False,False,756,True,1,2025-11-17T15:40:52.783669,2021-06-09T18:17:12,1622,0,,,False,,,"Not a support channel -  Share feedback submitted via Feedback Assistant, including the Feedback/AppleCare Case # for other admins to reference. Use your Managed Apple ID tied to ABM/ASM for submission. All discussions should take place in thread.","Not a support channel -  Share feedback submitted via Feedback Assistant, including the Feedback/AppleCare Case # for other admins to reference. Use your Managed Apple ID tied to ABM/ASM for submission. All discussions should take place in thread."
slg,C025SBBLG01,active,False,False,5,True,252,2025-03-10T20:52:26.252129,2021-06-17T16:56:16,1615,0,2025-11-18T11:03:59.896351,2025-12-18T11:03:59.896351,False,warned,,,State &amp; Local Gov
melbourne-macadmins,C026YCG283E,active,False,False,121,True,5,2025-11-12T22:00:05.599479,2021-07-01T08:07:13,1601,0,,,False,,,,All things Melbourne Mac Admins - <https://melbourneappleadmins.com/>
manchesteruk,C0270PV80HX,active,False,False,8,True,0,2025-11-18T11:29:25.588959,2021-06-30T11:45:39,1602,0,,,False,,,,for MacAdmins in Manchester
mechanicalkeyboards,C0271BNPTT7,active,False,False,14,True,90,2025-08-19T19:29:08.860379,2021-07-05T20:34:12,1596,0,,,False,,,,Discussion of all things mechanical and keeb-y
zzztest,C028BDUMWS3,active,False,False,3,True,252,2025-03-10T20:52:37.696039,2021-07-21T16:08:57,1581,0,2025-11-18T11:05:01.471864,2025-12-18T11:05:01.471864,False,warned,,,test channel rename post creation
ted-lasso,C028KFX0X3R,active,False,False,5,True,214,2025-04-17T21:50:10.796879,2021-07-23T14:32:29,1579,0,2025-11-18T11:04:16.219478,2025-12-18T11:04:16.219478,False,warned,,,Plot Details in Threads please. All episodes for now.
cato,C028U03736F,active,False,False,37,True,85,2025-08-25T06:13:17.438179,2021-07-21T22:18:55,1580,0,,,False,,,,Discussions regarding Cato Networks (<https://www.catonetworks.com/>)
anz-politics,C0296QHA6T0,active,False,False,31,True,245,2025-03-17T22:52:20.919369,2021-07-28T04:17:25,1574,0,2025-11-18T10:59:46.218495,2025-12-18T10:59:46.218495,False,warned,,,"What is ScoMo upto, has the Potato head been peeled, Has Gladys got the pandemic under control?"
carbon-balck-response,C029EQDKK6H,active,False,False,17,True,0,2025-11-18T11:29:27.382969,2021-07-29T00:59:56,1573,0,2025-11-18T11:00:17.989355,2025-12-18T11:00:17.989355,False,warned,,,Carbon Black colaboration
cursed-linkedin,C029S189BNE,active,False,False,56,True,31,2025-10-17T22:46:09.722539,2021-07-30T20:56:02,1571,0,,,False,,,,
anything-amz,C029U29AG6R,active,False,False,6,True,214,2025-04-17T21:29:16.191059,2021-08-02T16:06:10,1569,0,2025-11-18T10:59:45.321011,2025-12-18T10:59:45.321011,False,warned,,,
portugal,C02AJ4RPU9Z,active,False,False,11,True,28,2025-10-20T20:41:31.888259,2021-08-07T22:46:02,1563,0,,,False,,,,Macadmins from PT
easylaps,C02ATFA85B7,active,False,False,114,True,6,2025-11-12T13:22:28.176199,2021-08-11T17:04:39,1560,0,,,False,,,<https://www.agnosys.com/easylaps-en/>,Discussion about the tool EasyLAPS by Agnosys
anzmac-covid,C02BHSWKALS,active,False,False,15,True,214,2025-04-17T21:29:19.922399,2021-08-18T02:39:47,1553,0,2025-11-18T10:59:46.681771,2025-12-18T10:59:46.681771,False,warned,,,
parsec,C02CD94QF1B,active,False,False,24,True,99,2025-08-11T14:25:08.840749,2021-08-26T16:30:41,1545,0,2025-11-18T11:03:07.667409,2025-12-18T11:03:07.667409,False,warned,,,Channel for Parsec Remote Software
tstbartlettschools,C02CUCT1DBM,active,False,False,5,True,0,2025-11-18T11:29:30.453329,2021-08-30T20:52:22,1540,0,2025-11-18T11:04:30.414328,2025-12-18T11:04:30.414328,False,warned,,,Bartlett City Schools Tech Team
photography,C02DD43AGQM,active,False,False,24,True,30,2025-10-18T20:40:09.515619,2021-09-06T02:54:41,1534,0,,,False,,,,pew pew :camera_with_flash:
torii,C02EA0X9KDK,active,False,False,51,True,58,2025-09-21T13:32:34.112149,2021-09-14T14:42:07,1526,0,,,False,,,,SaaS management tool/Automation workflow builder <https://app.toriihq.com/>
miradore,C02EV1717D5,active,False,False,41,True,91,2025-08-19T14:50:43.114399,2021-09-22T15:01:53,1518,0,,,False,,,,<https://www.miradore.com/> MDM
ups,C02EV9D161L,active,False,False,6,True,36,2025-10-13T03:15:06.036029,2021-09-20T21:24:14,1519,0,,,False,,,,APC UPS
winzero,C02F1NVCUFR,active,False,False,8,True,221,2025-04-10T17:39:07.233019,2021-09-23T21:48:01,1516,0,2025-11-18T11:04:51.272316,2025-12-18T11:04:51.272316,False,warned,,,db gangs
foundation,C02FQ5K0K7D,active,False,False,8,True,252,2025-03-10T20:53:23.601839,2021-09-27T07:02:01,1513,0,2025-11-18T11:01:04.037207,2025-12-18T11:01:04.037207,False,warned,,,"AppleTV+ series Foundation, based on the work by Isaac Asimov"
mojave_upgrade_problem,C02G0EPCH9B,active,False,False,124,True,220,2025-04-12T08:52:10.453509,2021-09-29T18:05:14,1510,0,2025-11-18T11:02:37.350137,2025-12-18T11:02:37.350137,False,warned,,This channel is for failed upgrades from Mojave to Big Sur.   UPDATE: SOLUTION / WORKAROUND in the pinned comments.,"Please share details about Macs affected by this issue, and possible contributing factors such as filevault, T1/T2, disk config, account types (local or directory), previous upgrades, etc."
autopkg-for-windows,C02G604QVNK,active,False,False,142,True,55,2025-09-24T17:00:08.196779,2021-10-04T19:57:20,1505,0,,,False,,,,
grapplemdm,C02GSH56ARH,active,False,False,11,True,252,2025-03-10T20:53:35.058329,2021-10-05T22:31:54,1504,0,2025-11-18T11:01:16.897791,2025-12-18T11:01:16.897791,False,warned,,Community support for GrappleMDM ,Everything about Grapplemdm
test-channel-001,C02GSU19FEK,active,False,False,5,True,0,2025-11-18T11:29:33.680329,2021-10-08T22:59:38,1501,0,2025-11-18T11:04:17.926873,2025-12-18T11:04:17.926873,False,warned,,,
meter,C02HUM05F6X,active,False,False,19,True,0,2025-11-18T11:29:34.022039,2021-10-14T20:15:14,1495,0,2025-11-18T11:02:29.295458,2025-12-18T11:02:29.295458,False,warned,,,Meter’s WiFi-as-a-Service &amp; Meter Connect platforms - <https://www.meter.com>
bluetooth,C02JBGU2PNE,active,False,False,23,True,119,2025-07-22T11:48:02.825099,2021-10-19T20:53:28,1490,0,2025-11-18T11:00:09.492006,2025-12-18T11:00:09.492006,False,warned,,,
support-app,C02JD4WCXLH,active,False,False,843,True,1,2025-11-17T16:14:36.472639,2021-10-16T12:24:17,1494,0,,,False,,,"Main Page:  <https://github.com/root3nl/SupportApp>
Releases: <https://github.com/root3nl/SupportApp/releases>
Latest: <https://github.com/root3nl/SupportApp/releases/tag/v2.6.4>
TestFlight: <https://testflight.apple.com/join/asmgJsAM>",This channel is to discuss the Support App from Root3. The app helps organizations with an easy way to access macOS diagnostics and custom shortcuts while styling it with the organization’s identity.
opencore,C02JEAA7P7X,active,False,False,44,True,0,2025-11-18T14:00:18.044159,2021-10-20T23:12:18,1489,0,,,False,,,,All things Opencore Related
nudge-jamf,C02KPHZ7MDX,active,False,False,2486,True,8,2025-11-10T10:40:10.511439,2021-10-28T00:38:43,1482,0,,,False,,,"Deploying and Configuring Nudge with Jamf Pro
<https://github.com/macadmins/nudge/wiki/Jamf-Pro-Guide>",Deploying and Configuring Nudge with Jamf Pro
apple-business-essentials,C02LNR1A1F0,active,False,False,1025,True,21,2025-10-28T14:23:26.925729,2021-11-10T15:38:29,1469,0,,,False,,,"Apple Business Essentials is now available to all SMBs in the US.
<https://www.apple.com/business/essentials/>
<https://it-training.apple.com/tutorials/apt-business-essentials>
<https://support.apple.com/guide/apple-business-essentials/welcome/web>","Talk about Apple’s new first party MDM service, Apple Business Essentials <https://support.apple.com/guide/apple-business-essentials/welcome/web>"
tinkerers,C02N5K1ABLM,active,False,False,6,True,221,2025-04-10T17:37:26.584779,2021-11-22T18:31:06,1456,0,2025-11-18T11:04:25.572139,2025-12-18T11:04:25.572139,False,warned,,,A channel for those interested in playing around with Apple prodcuts
usb-pd-dfu,C02NLP571TQ,active,False,False,122,True,5,2025-11-13T16:27:04.153429,2021-11-28T17:23:02,1450,0,2025-11-18T11:04:38.365510,2025-12-18T11:04:38.365510,False,warned,,,USB-PD and DFU
pros,C02NQAENGGM,active,False,False,6,True,6,2025-11-12T15:35:48.018499,2021-11-28T13:28:42,1451,0,,,False,,,,
stop-following-me-bro,C02NTR68AHF,active,False,False,6,True,0,2025-11-18T11:29:37.173069,2021-11-24T03:27:29,1455,0,2025-11-18T11:04:08.582917,2025-12-18T11:04:08.582917,False,warned,,:honey_pot:,"if you know, you know"
darktrace,C02P3H8JE8H,active,False,False,49,True,61,2025-09-18T10:01:00.126629,2021-11-26T16:28:20,1453,0,,,False,,,,Discussion of all things darktrace
delete-this-channel,C02PMQ0G5JR,active,False,False,4,True,0,2025-11-18T11:29:37.914269,2021-12-06T22:33:43,1442,0,2025-11-18T11:00:40.419716,2025-12-18T11:00:40.419716,False,warned,,,Created for Arin’s VIP trip but leaving up for anyone else! °o°
osdcloud,C02Q34SABQD,active,False,False,9,True,15,2025-11-03T15:40:50.860969,2021-12-09T18:14:47,1439,0,,,False,,,,<https://osdcloud.osdeploy.com/>
log4j,C02R6G9GHL1,active,False,False,43,True,7,2025-11-11T01:06:45.821019,2021-12-15T10:20:06,1434,0,,,False,,,,
grafana,C02R766BD8F,active,False,False,28,True,75,2025-09-03T18:46:42.789179,2021-12-22T05:09:19,1427,0,,,False,,,,
emso,C02RBSW4URF,active,False,False,7,True,0,2025-11-18T11:29:39.824509,2021-12-16T08:46:39,1433,0,2025-11-18T11:00:51.238014,2025-12-18T11:00:51.238014,False,warned,,,Mac and similar stuff
scalefusion,C02S6A20G1J,active,False,False,68,True,8,2025-11-10T08:41:23.642949,2021-12-28T11:49:33,1421,0,,,False,,,<https://scalefusion.com/apple-device-management> | <https://blog.scalefusion.com/>,"Try Scalefusion UEM to secure and manage your fleet of devices from here, <https://scalefusion.com/users/sign_up>"
jamf-private-access,C02SH60FY0N,active,False,False,140,True,187,2025-05-15T11:41:35.528819,2022-01-04T20:42:59,1413,0,2025-11-18T11:01:42.864451,2025-12-18T11:01:42.864451,False,warned,,,Discussion about Jamf's Zero Trust Network Access
ouwb-helpdesk,C02T03ENX0R,active,False,False,4,True,252,2025-03-10T20:54:28.086869,2022-01-04T13:02:56,1414,0,2025-11-18T11:03:05.425323,2025-12-18T11:03:05.425323,False,warned,,,
lets-get-rolling,C02TY6LA970,active,False,False,5,True,252,2025-03-10T20:54:30.391789,2022-01-14T20:28:02,1403,0,2025-11-18T11:02:04.438187,2025-12-18T11:02:04.438187,False,warned,,,MacAdmin RPG organization and discussion for actual play.
wordle,C02UHNSPQSG,active,False,False,22,True,0,2025-11-18T15:26:01.508519,2022-01-18T11:13:57,1400,0,,,False,,,:wordle: :wordle-dark:,"Post your wordle results, and chat about the game.. no spoilers!"
mexadmins,C030D33KRJ7,active,False,False,9,True,0,2025-11-18T11:29:41.471929,2022-01-26T23:52:51,1391,0,,,False,,,,Bienvenido Admin Mex
eng-opsgenie-implement,C030PCXS3BJ,active,False,False,5,True,0,2025-11-18T11:29:41.842849,2022-01-24T21:41:09,1393,0,2025-11-18T11:00:52.820111,2025-12-18T11:00:52.820111,False,warned,,,
bamboohr,C031KF6BD18,active,False,False,142,True,60,2025-09-18T18:11:11.920959,2022-02-03T19:19:35,1383,0,,,False,,,,BambooHR Chat
lostark,C031U3816UB,active,False,False,4,True,0,2025-11-18T11:29:42.606349,2022-02-05T20:48:13,1381,0,,,False,,,,For MMO lost ark!
happyfox,C033HP1U6H3,active,False,False,11,True,101,2025-08-08T21:58:55.460169,2022-02-17T18:46:50,1369,0,2025-11-18T11:01:19.229080,2025-12-18T11:01:19.229080,False,warned,,For those Macadmins out there using or maintaining a :happyfox: instance for technical support,
semantle,C0344M0RBKN,active,False,False,4,True,0,2025-11-18T11:29:43.458609,2022-02-22T02:50:18,1365,0,2025-11-18T11:03:52.320618,2025-12-18T11:03:52.320618,False,warned,,,The game at <https://semantle.novalis.org>
jamf-community-posts,C0345B6SACF,active,False,False,714,True,15,2025-11-03T15:09:39.558749,2022-02-24T21:10:07,1362,0,,,False,,,Updates from <http://community.jamf.com|community.jamf.com>. Check out <#C04QVP86E|> for general conversation and a place to ask questions.,"RSS feeds for posts on <http://community.jamf.com|community.jamf.com>. Includes posts for Pro, Now, School, Connect, and Protect. :jamf:"
particulars,C035KPJL0FR,active,False,False,85,True,45,2025-10-03T20:10:58.118809,2022-03-07T21:03:32,1351,0,,,False,,,Particulars 67 is released,Particulars system information questions and discussion
danish-macadmins,C036064B29H,active,False,False,4,True,252,2025-03-10T20:54:55.738249,2022-03-07T20:29:15,1351,0,2025-11-18T11:00:38.256861,2025-12-18T11:00:38.256861,False,warned,,,Use <#C060W8T08|>
test-test,C036NH0MYPK,active,False,False,4,True,252,2025-03-10T20:54:58.041999,2022-03-09T13:08:29,1350,0,2025-11-18T11:04:19.554689,2025-12-18T11:04:19.554689,False,warned,,,
archaeology-fact-of-the-day,C036W1W643T,active,False,False,100,True,0,2025-11-18T16:04:09.106999,2022-03-10T16:09:08,1349,0,,,False,,,,A spin off channel for macadmins - get your daily archaeology facts here.
self-portal,C0371D6DJKV,active,False,False,16,True,154,2025-06-17T10:20:18.587819,2022-03-15T01:38:12,1344,0,2025-11-18T11:03:51.845996,2025-12-18T11:03:51.845996,False,warned,,<https://github.com/amadotejada/self-portal>,
cloudflare-warp-teams,C0373742TJR,active,False,False,390,True,0,2025-11-18T16:11:21.897039,2022-03-15T18:05:01,1343,0,,,False,,,,For all things cloudflare warp for teams
ztna,C038QBS3LHH,active,False,False,16,True,103,2025-08-06T22:56:31.361659,2022-03-25T15:26:21,1334,0,2025-11-18T11:05:00.153146,2025-12-18T11:05:00.153146,False,warned,,,ZTNA solution
united,C038Z4M9SAF,active,False,False,4,True,122,2025-07-18T22:02:53.771229,2022-03-28T16:37:49,1331,0,2025-11-18T11:04:34.908475,2025-12-18T11:04:34.908475,False,warned,,,
skateboarding,C039GTQ0H6H,active,False,False,9,True,0,2025-11-18T11:29:46.157129,2022-03-31T19:16:04,1327,0,,,False,,,,
cososys_endpoint_protector,C039LJNAPJ6,active,False,False,57,True,47,2025-10-02T08:43:20.483819,2022-03-31T21:39:44,1327,0,,,False,,,,A Channel for questions / discussions about Endpoint Protector by CoSoSys. Not an official support channel.
okta-terraform,C039M98T4V9,active,False,False,567,True,0,2025-11-18T11:05:41.097349,2022-04-01T00:30:32,1327,0,,,False,,,,"<https://registry.terraform.io/providers/okta/okta/latest/docs>
<https://github.com/okta/terraform-provider-okta>"
santabarbara,C03AM1JPQA3,active,False,False,5,True,252,2025-03-10T20:55:18.706569,2022-04-11T19:39:34,1316,0,2025-11-18T11:03:45.446096,2025-12-18T11:03:45.446096,False,warned,,,Santa Barbara
simplehelp,C03AUSPPFPH,active,False,False,7,True,58,2025-09-21T01:32:38.831619,2022-04-13T01:57:01,1315,0,,,False,,,,SimpleHelp Remote Support Software
santacruz,C03AUVCHCKG,active,False,False,7,True,0,2025-11-18T11:29:47.619629,2022-04-11T19:39:01,1316,0,2025-11-18T11:03:45.875344,2025-12-18T11:03:45.875344,False,warned,,,macOS Santa Cruz
santamonica,C03B1KJ6JNP,active,False,False,5,True,0,2025-11-18T11:29:47.999459,2022-04-11T19:39:55,1316,0,2025-11-18T11:03:46.298264,2025-12-18T11:03:46.298264,False,warned,,,macOS Santa Monica
opnsense,C03B5R7AUJY,active,False,False,6,True,139,2025-07-02T10:36:26.146189,2022-04-12T04:34:43,1316,0,2025-11-18T11:03:02.271273,2025-12-18T11:03:02.271273,False,warned,,,Home Firewalls open source
genuity,C03B7UJ5T27,active,False,False,16,True,252,2025-03-10T20:55:30.203899,2022-04-12T19:34:26,1315,0,2025-11-18T11:01:12.172213,2025-12-18T11:01:12.172213,False,warned,,,Talk about <http://www.gogenuity.com|www.gogenuity.com>
cyberhaven,C03BVFWGE0N,active,False,False,81,True,39,2025-10-10T13:50:44.651009,2022-04-19T17:51:28,1308,0,,,False,,,,Discussion around the DLP product and vendor (<https://www.cyberhaven.com/>).
gov,C03BVS66TLG,active,False,False,32,True,40,2025-10-08T20:46:32.723159,2022-04-12T14:58:26,1316,0,,,False,,,,A place for gov and public sector chatter
ruby-jss,C03C7F563MK,active,False,False,43,True,40,2025-10-08T18:54:33.205849,2022-04-21T01:18:28,1307,0,,,False,,,SDK for simple &amp; powerful Jamf API access in the Ruby programming language,Ruby access to JamfPro APIs <http://pixaranimationstudios.github.io/ruby-jss/index.html>
interesting-links,C03CBU34MS7,active,False,False,8,True,34,2025-10-15T00:17:47.502809,2022-04-21T09:54:12,1307,0,,,False,,,,
scotland,C03CL3GTCKX,active,False,False,44,True,10,2025-11-07T19:29:22.974369,2022-04-23T20:04:52,1304,0,,,False,,,,
paretosecurity,C03DV4NTHQS,active,False,False,15,True,252,2025-03-10T20:55:43.880399,2022-05-03T09:54:32,1295,0,2025-11-18T11:03:07.206616,2025-12-18T11:03:07.206616,False,warned,,Releases: <https://github.com/paretoSecurity/pareto-mac/releases>,Help and discussion for <https://paretosecurity.com>
resilio,C03EPMZ6RGW,active,False,False,8,True,0,2025-11-18T11:29:50.486319,2022-05-10T21:11:19,1287,0,2025-11-18T11:03:35.149619,2025-12-18T11:03:35.149619,False,warned,,,Discussion of Resilio Connect and Resilio Sync Agent
okta-iga,C03FJ8QMKLZ,active,False,False,581,True,0,2025-11-17T20:47:39.555089,2022-05-12T12:02:16,1286,0,,,False,,,,All about Okta Identity Governance
meetingroom,C03FNBDGMTK,active,False,False,8,True,6,2025-11-12T15:25:45.590739,2022-05-13T01:06:32,1285,0,,,False,,,,all about hardware/software and tips on how to make meetingrooms work nicely
apple-training,C03FNL03F8X,active,False,False,572,True,51,2025-09-27T22:23:10.796079,2022-05-19T07:13:46,1279,0,,,False,,,Gettin your :apple:school on! ,An area to discuss Apple's IT Training Programs - <https://training.apple.com/>
color,C03FPFQCEFR,active,False,False,5,True,214,2025-04-17T21:37:11.728779,2022-05-19T10:25:43,1279,0,2025-11-18T11:00:30.274318,2025-12-18T11:00:30.274318,False,warned,,,Colorimetry 
macadminsfoundation,C03G27DCDC4,active,False,False,970,True,18,2025-10-30T17:55:49.180959,2022-05-18T16:36:25,1280,0,,,False,,,The Mac Admins Foundation is here to support the global community of people who manage Apple devices at large and small scales. | Support our programs and services by making a donation at <https://www.macadmins.org/donate>,<http://macadmins.org/foundation|macadmins.org/foundation>
keeper,C03G3BHN1J9,active,False,False,50,True,66,2025-09-12T18:37:09.518349,2022-05-19T16:57:16,1279,0,,,False,,,,A channel for the keeper password manager
xcreds,C03GBF2DE7P,active,False,False,1354,True,0,2025-11-17T21:40:45.882939,2022-05-21T03:38:39,1277,0,,,False,,,"sync your cloud password with your mac password.
<https://github.com/twocanoes/xcreds/>",Opens Source Project to Sync your IdP Password with macOS Login Keychain
kiteflying,C03GU2KCW77,active,False,False,5,True,214,2025-04-17T21:42:30.542649,2022-05-25T10:55:43,1273,0,2025-11-18T11:01:59.253231,2025-12-18T11:01:59.253231,False,warned,,,Instead of staring at a screen… why not go out and look up at your kite in the sky? Everything related to flying kites.
licensing,C03GYUBFB7V,active,False,False,6,True,175,2025-05-27T15:25:44.875819,2022-05-25T16:44:03,1273,0,2025-11-18T11:02:06.171687,2025-12-18T11:02:06.171687,False,warned,,,
tecuya,C03HPADRASK,active,False,False,4,True,252,2025-03-10T20:56:09.184979,2022-06-03T01:07:29,1264,0,2025-11-18T11:04:15.810316,2025-12-18T11:04:15.810316,False,warned,,,gorgeous mountain for a macos name
sansimeon,C03HXAFKZKQ,active,False,False,4,True,252,2025-03-10T20:56:11.542879,2022-06-03T01:04:18,1264,0,2025-11-18T11:03:44.983087,2025-12-18T11:03:44.983087,False,warned,,,another gorgeous macos name
lonepine,C03HXBA46Q6,active,False,False,5,True,252,2025-03-10T20:56:13.839899,2022-06-03T01:14:57,1264,0,2025-11-18T11:02:08.847220,2025-12-18T11:02:08.847220,False,warned,,,is it pretty i dunno
shasta,C03J10TLX7F,active,False,False,4,True,252,2025-03-10T20:56:18.467509,2022-06-03T00:57:22,1264,0,2025-11-18T11:03:55.516053,2025-12-18T11:03:55.516053,False,warned,,A place for soft drink enthusiasts to discuss.,
jenner,C03J3RQJKM1,active,False,False,5,True,0,2025-11-18T11:29:54.252129,2022-06-03T01:03:07,1264,0,2025-11-18T11:01:50.337836,2025-12-18T11:01:50.337836,False,warned,,,macos california naming convention
onboarding-june-2022,C03JCNVEPSS,active,False,False,4,True,252,2025-03-10T20:56:23.094139,2022-06-07T10:19:02,1260,0,2025-11-18T11:02:59.658874,2025-12-18T11:02:59.658874,False,warned,,,
macos13,C03JFJ8PQKD,active,False,False,8,True,6,2025-11-12T15:24:36.101769,2022-06-06T17:57:25,1260,0,,,False,,,,Maybe they drop the names entirely.
mendocino,C03JTLE1LHW,active,False,False,5,True,0,2025-11-18T11:29:55.146059,2022-06-03T01:00:02,1264,0,2025-11-18T11:02:28.402664,2025-12-18T11:02:28.402664,False,warned,,,
macos-13-ventura,C03K5RQ6H7S,active,False,False,3031,True,63,2025-09-15T19:42:23.791499,2022-06-06T19:09:52,1260,0,,,False,,,macOS Ventura | Latest version: 13.7.8 (22H730) | Security report: <https://support.apple.com/124929>,
declarative-management,C03K682F7EE,active,False,False,430,True,5,2025-11-13T11:55:00.483579,2022-06-10T17:06:11,1257,0,,,False,,,Protocol docs: <https://developer.apple.com/documentation/devicemanagement/leveraging_the_declarative_management_data_model_to_scale_devices>,Seems like declarative management is going to actually be a thing for macOS this year. Let’s share what we know!
dept-of-one,C03L00CMX54,active,False,False,367,True,0,2025-11-18T03:28:23.431149,2022-06-17T21:11:42,1249,0,,,False,,,,"This channel is for solo mac/system admins. If you're a department of one or work alone in a larger IT department, you're in the right place. 

Let talk about things your significant other is sick of hearing about. "
asdf,C03LA5NQ0JG,active,False,False,22,True,354,2024-11-29T11:25:09.859379,2022-06-18T10:30:29,1249,0,2025-11-18T10:59:54.448214,2025-12-18T10:59:54.448214,False,warned,,Find the asdf tool here: <https://asdf-vm.com>,"Discussions about asdf a tool to manage multiple runtime versions with a single CLI 
<http://asdf-vm.com>"
super,C03LKQ8EN2C,active,False,False,2921,True,0,2025-11-18T16:03:45.806769,2022-06-16T03:23:15,1251,0,,,False,,,<https://github.com/Macjutsu/super> - S.U.P.E.R.M.A.N. optimizes the macOS update experience.,This channel is for discussion and support of S.U.P.E.R.M.A.N. <https://github.com/Macjutsu/super>
bitwarden,C03M5KJ08Q2,active,False,False,151,True,98,2025-08-12T15:19:29.961279,2022-06-25T16:06:41,1242,0,2025-11-18T11:00:06.917674,2025-12-18T11:00:06.917674,False,warned,,,
gampass,C03NSH33MU3,active,False,False,5,True,252,2025-03-10T20:56:50.661449,2022-07-08T08:48:30,1229,0,2025-11-18T11:01:09.985996,2025-12-18T11:01:09.985996,False,warned,,<https://github.com/amadotejada/GAMpass>,GAMpass is a simple tool to encrypt &amp; decrypt GAM secrets at runtime using your biometrics with unopass
matrix42,C03P53RFY3D,active,False,False,5,True,0,2025-11-18T11:29:58.570029,2022-07-12T08:47:35,1225,0,2025-11-18T11:02:25.561159,2025-12-18T11:02:25.561159,False,warned,,,usage of empirum with macos
smartcard-ios,C03P70J6125,active,False,False,11,True,43,2025-10-05T20:51:00.263029,2022-07-08T15:58:02,1229,0,,,False,,,,Focusing on Smartcards on iOS
microsoft-entra,C03PDM79GKG,active,False,False,1916,True,11,2025-11-07T16:30:03.576569,2022-07-14T23:32:54,1222,0,,,False,,,,"Integrating device identity with M365/AAD, Azure AD Conditional Access"
funbottesting,C03PN9BB50T,active,False,False,4,True,252,2025-03-10T20:56:59.853839,2022-07-15T11:56:14,1222,0,2025-11-18T11:01:08.316320,2025-12-18T11:01:08.316320,False,warned,,,
vfx-animation-media,C03PQ5TJA10,active,False,False,11,True,144,2025-06-27T10:34:49.547779,2022-07-15T18:25:43,1221,0,2025-11-18T11:04:41.422050,2025-12-18T11:04:41.422050,False,warned,,,"Visual Effects, Animation, Media industry"
cambrionix,C03PQA2GH7G,active,False,False,53,True,19,2025-10-30T13:34:43.211239,2022-07-18T15:08:53,1219,0,,,False,,,,This channel is for the discussion of Cambrionix products and issues. Website: <https://www.cambrionix.com>
zerotouch,C03PW9GKH27,active,False,False,52,True,301,2025-01-20T20:54:59.724899,2022-07-18T13:30:33,1219,0,2025-11-18T11:04:58.807376,2025-12-18T11:04:58.807376,False,warned,,,share tips tricks links best practices and ask questions about zero touch deployment
topia,C03Q540139R,active,False,False,6,True,252,2025-03-10T20:57:09.072539,2022-07-19T20:48:08,1217,0,2025-11-18T11:04:27.324658,2025-12-18T11:04:27.324658,False,warned,,,Patch Management
tart,C03QARN6ATV,active,False,False,133,True,12,2025-11-06T13:12:10.428809,2022-07-20T19:16:29,1216,0,,,False,,,Virtualization,"Tart is a virtualization toolset to build, run and manage virtual machines on Apple Silicon. Built by CI engineers for your automation needs."
github-actions,C03QC9ES3ND,active,False,False,128,True,243,2025-03-19T22:33:02.985739,2022-07-18T23:31:35,1218,0,2025-11-18T11:01:13.860416,2025-12-18T11:01:13.860416,False,warned,,,GitHub Actions. This is not an official support channel and to my knowledge no GitHub employees or GitHub Actions devs are present. 
jamf-safe-internet,C03QCU4AKL3,active,False,False,124,True,85,2025-08-25T11:15:23.209039,2022-07-21T05:00:32,1216,0,,,False,,,,Jamf Safe Internet
virtualbuddy,C03QK6ZE48P,active,False,False,101,True,75,2025-09-04T09:26:35.268709,2022-07-26T08:56:30,1211,0,,,False,,,,macOS Software for Virtualization
csps,C03R6MJEB4Y,active,False,False,4,True,252,2025-03-10T20:57:20.512519,2022-07-21T18:42:30,1215,0,2025-11-18T11:00:36.081226,2025-12-18T11:00:36.081226,False,warned,,,
jamf-app-installers,C03RC1PS26L,active,False,False,1819,True,5,2025-11-12T22:30:04.777929,2022-07-22T17:11:46,1215,0,,,False,,,A place to discuss Jamf App Installers. See the bookmarked links for more info.,A channel dedicated to discussing App Installers in Jamf Pro.
w-cert,C03RSN7AZ7Z,active,False,False,7,True,252,2025-03-10T20:57:25.090959,2022-08-03T18:01:09,1202,0,2025-11-18T11:04:43.250328,2025-12-18T11:04:43.250328,False,warned,,,DIY FSO &amp; Homefront Fortification for Zero Trust Workforce
maf-mentorship,C03RUF2NHU6,active,False,False,162,True,21,2025-10-27T17:27:32.180689,2022-08-02T17:49:21,1203,0,,,False,,,,"Channel to discuss, collaborate, and plan the mentorship program for Mac Admins"
crashplan,C03RZ4YFFSB,active,False,False,225,True,0,2025-11-17T19:42:09.236189,2022-08-04T19:00:03,1201,0,,,False,,,,"Discuss CrashPlan, the cloud backup platform here!"
idgaf,C03RZUGCZ24,active,False,False,11,True,6,2025-11-12T15:16:05.737319,2022-07-27T21:58:23,1209,0,,,False,,,,Are YOU IDGAF certified?
chrome-release-rss,C03S7FM9K3R,active,False,False,75,True,0,2025-11-17T21:33:34.886309,2022-08-07T01:35:01,1199,0,,,False,,,RSS feed only. For discussion about Chrome itself visit <#C0B9HEEGP|>.,RSS feeds for Google Chrome
testing-channel,C03T835K6BX,active,False,False,5,True,252,2025-03-10T20:57:36.837989,2022-08-11T17:21:39,1194,0,2025-11-18T11:04:21.624588,2025-12-18T11:04:21.624588,False,warned,,,
jamf-extension-attributes,C03TVAGQVPU,active,False,False,579,True,20,2025-10-28T21:20:35.531689,2022-08-16T16:39:41,1190,0,,,False,,,,Share / Build extensions attributes
jamf200-aug22-group,C03UML2MWRG,active,False,False,6,True,252,2025-03-10T20:57:43.777589,2022-08-22T17:36:34,1183,0,2025-11-18T11:01:46.307282,2025-12-18T11:01:46.307282,False,warned,,,side chat for jamf200 training starting aug 22 2022
telepod,C03V4MQRRV0,active,False,False,20,True,45,2025-10-04T11:19:59.197059,2022-08-25T13:46:51,1181,0,,,False,,,<https://www.agnosys.com/telepod-en/>,Discussion about the tool Telepod by Agnosys
argentina,C03V9HR3CBX,active,False,False,11,True,39,2025-10-09T22:05:18.250919,2022-08-26T19:03:30,1179,0,,,False,,,,
lgbtqi-at-jnuc22,C0409C3RAQ5,active,False,False,12,True,252,2025-03-10T20:57:50.694049,2022-08-30T18:44:38,1175,0,2025-11-18T11:02:05.692644,2025-12-18T11:02:05.692644,False,warned,,"Monday Sept 26 2022--5pm - 7pm or later Union Kitchen &amp; Tap, come say hi!","Monday Sept 26 2022--5pm - 7pm or later Union Kitchen &amp; Tap, come say hi!"
ninjaone,C040G2CT0J0,active,False,False,263,True,7,2025-11-11T17:04:25.617809,2022-08-30T22:36:32,1175,0,,,False,,,Official NinjaOne channel in the MacAdmins community,Official NinjaOne Slack Channel
beyond-identity,C040LBV1LSF,active,False,False,48,True,3,2025-11-14T19:47:50.288869,2022-09-01T03:02:23,1174,0,,,False,,,,Discuss #passwordless authentication with BI
delinea,C040SR36N21,active,False,False,77,True,8,2025-11-10T15:28:12.815729,2022-09-02T16:15:10,1173,0,,,False,,,,"Delinea/Thycotic Privilege Manager, Secret Server, etc."
mentalhealth,C041T8UQ95H,active,False,False,27,True,25,2025-10-24T01:42:05.234979,2022-09-09T19:00:26,1165,0,,,False,,,"If this is an actual mental health emergency, please hang up and consult a medical professional.",Mental health and self-care
tips-and-tricks,C041YC1SM1U,active,False,False,20,True,0,2025-11-18T11:30:07.801169,2022-09-13T10:16:02,1162,0,,,False,,,,
zabbix,C041YRMCV8Q,active,False,False,49,True,75,2025-09-03T18:01:42.248409,2022-09-06T19:00:02,1168,0,,,False,,,,Zabbix monitoring-tool discussion
jnuc2022rideshare,C043TFBRARY,active,False,False,8,True,252,2025-03-10T20:58:06.665809,2022-09-25T16:56:03,1150,0,2025-11-18T11:01:51.588420,2025-12-18T11:01:51.588420,False,warned,,,"For coordinating rides in SD…please keep side conversations elsewhere. Please note whether you are a RIDER looking for a ride, or you are offering a RIDE to a rider."
media-vendor-feeds,C043ZJ8265U,active,False,False,5,True,0,2025-11-18T11:30:08.792339,2022-09-28T02:35:10,1147,0,2025-11-18T11:02:26.623604,2025-12-18T11:02:26.623604,False,warned,,Software vendor and press-pass holding organization feeds,Software vendor and press-pass holding organization feeds
jnuc-after-dark,C0446PX5UTG,active,False,False,139,True,38,2025-10-11T01:25:51.618689,2022-09-29T08:01:34,1146,0,,,False,,,"This channel exist to try and separate the business oriented. #Jnuc channel from the after hours, meet ups and get together s for those who do not care to see the crazy antics of Mac admins let loose upon a city.",
blog-feed-lite,C0449P06GRL,active,False,False,92,True,0,2025-11-18T14:51:36.964279,2022-09-29T17:10:52,1146,0,,,False,,,,"An alternative/companion to <#C055M2KJ0> with the goal of fewer posts overall from a smaller selection of interesting sources, generally from individual bloggers in the community who do not post every single day."
macadamias-lack,C044J729E73,active,False,False,8,True,0,2025-11-18T11:30:10.129099,2022-09-27T22:51:39,1147,0,2025-11-18T11:02:13.363670,2025-12-18T11:02:13.363670,False,warned,,,because autocorrect is funny
jamf-ecosystem-analyzer-and-report,C044NT7DCA1,active,False,False,49,True,379,2024-11-04T04:29:57.140519,2022-10-01T23:34:34,1143,0,2025-11-18T11:01:41.191829,2025-12-18T11:01:41.191829,False,warned,,,This channel is for discussion and support of JAMF-API-Get_Data_From-JAMF_Desplay_in_Excel.py  (<https://github.com/MacJediWizard/JAMF-Ecosystem-Analyzer-and-Report>)
personal-knowledge-base-management,C045ADLNGJG,active,False,False,23,True,281,2025-02-10T07:38:41.875179,2022-10-05T14:03:35,1140,0,2025-11-18T11:03:12.538719,2025-12-18T11:03:12.538719,False,warned,,,For those interested in the creation and management of personal knowledge bases
splashtop,C045HUTTUE5,active,False,False,130,True,8,2025-11-09T18:55:46.298209,2022-10-05T00:11:55,1140,0,,,False,,,,Everything Splashtop
stream-deck,C045NMT2G49,active,False,False,22,True,195,2025-05-07T05:26:54.213599,2022-10-05T19:39:44,1139,0,2025-11-18T11:04:09.044371,2025-12-18T11:04:09.044371,False,warned,,,All things Elgato Streamdeck. Because sometimes having even more buttons is nice.
diving,C045WUGGY4Q,active,False,False,5,True,220,2025-04-11T19:29:56.383239,2022-10-05T11:00:22,1140,0,2025-11-18T11:00:44.108996,2025-12-18T11:00:44.108996,False,warned,,,"I like diving, I like my Apple Watch Ultra. Time for a diving channel, I feel. This is mainly intended as a SCUBA community but Freedivers are welcome too."
thechain,C0464P73W2D,active,False,False,10,True,0,2025-11-18T11:30:12.246349,2022-10-09T20:55:00,1135,0,,,False,,,Topic? Forza Ferrari,
wireless,C046B3EHYTE,active,False,False,21,True,6,2025-11-12T15:43:29.135559,2022-10-12T19:18:09,1132,0,,,False,,,,
smallstep,C046LSZ4E8H,active,False,False,135,True,19,2025-10-30T15:49:52.021059,2022-10-12T18:10:49,1132,0,,,False,,,,Let’s chat Smallstep certificate management (ACME Device Attestation / MDA) — <https://smallstep.com>
redblack,C046MG0V61H,active,False,False,3,True,252,2025-03-10T20:58:41.270019,2022-10-14T21:21:34,1130,0,2025-11-18T11:03:32.694576,2025-12-18T11:03:32.694576,False,warned,,,redblack
huntress,C0477FE67C3,active,False,False,98,True,11,2025-11-06T18:09:02.082099,2022-10-19T16:33:31,1126,0,,,False,,,Latest GA: 0.14.102,"An open place to discuss and help each other on Huntress for macOS (<http://huntress.com|huntress.com>). For official support, please reach out to <mailto:support@huntress.com|support@huntress.com>"
microsoft-viva,C047E759V6C,active,False,False,19,True,56,2025-09-22T19:29:30.551369,2022-10-16T15:20:33,1129,0,,,False,,,,Channel devoted to Microsoft Viva - the Employee Experience Platform (EXP)
osint_and_socmint,C047LUGV7EC,active,False,False,9,True,64,2025-09-15T10:55:47.932699,2022-10-18T00:58:43,1127,0,,,False,,,,"Tips, tricks , recommendations HowTo and tooling in the OSIN &amp; SOCMINT world"
slack-workflow-tests,C047SEADCDA,active,False,False,9,True,62,2025-09-17T13:58:40.675899,2022-10-23T03:51:58,1122,0,,,False,,,,This channel is for testing Slack Workflows
forallmankind,C0486JCD2B0,active,False,False,5,True,252,2025-03-10T20:58:55.096229,2022-10-27T15:42:04,1118,0,2025-11-18T11:01:03.117672,2025-12-18T11:01:03.117672,False,warned,,,"AppleTV+ series For All Mankind, Produced Ronald Moore"
benelux,C0488QZQ3EU,active,False,False,130,True,7,2025-11-11T08:56:10.280689,2022-10-21T13:18:18,1124,0,,,False,,,,:flag-be: :flag-nl: :flag-lu: :flag-gb: :flag-us: :flag-eu: English language channel for all Apple Admins working and living in the greater BeNeLux region.
pricing,C048CGEE5K7,active,False,False,11,True,55,2025-09-24T15:05:19.448849,2022-10-27T21:48:58,1117,0,,,False,,,,For the purpose of posting software pricing to make sure we get the most accurate pricing across the industry
hoosier_macadmins,C048D534AGK,active,False,False,52,True,5,2025-11-13T02:45:50.776789,2022-10-27T15:45:13,1118,0,,,False,,,"<https://hoosiermacadmins.org/>

First meeting: Tuesday, January 9th, 2024 @ 7:00pm

We are excited to announce that there is now a Mac Admin Meetup group for the Indiana community, Hoosier MacAdmins!","Hoosier MacAdmins, an Indiana-based Mac Admin group, serves as a close-knit community of dedicated professionals who specialize in managing Apple devices for a diverse array of organizations, including businesses, non-profits, and gov't entities."
mastodon,C04A7FTTR2S,active,False,False,51,True,292,2025-01-29T23:39:24.714099,2022-11-10T16:58:04,1104,0,2025-11-18T11:02:25.116395,2025-12-18T11:02:25.116395,False,warned,,,Twitter is dead. Long live Mastodon! Where is everybody going?
birmingham,C04ADEQ2F27,active,False,False,14,True,0,2025-11-18T11:30:16.395349,2022-11-10T15:43:33,1104,0,2025-11-18T11:00:06.431554,2025-12-18T11:00:06.431554,False,warned,,,"Mac Admins in or near Birmingham, Alabama"
boise,C04AFCJ1WQZ,active,False,False,10,True,40,2025-10-09T17:12:38.868959,2022-11-08T22:40:22,1105,0,,,False,,,,"Mac Admins in and around the Boise, ID area"
agile,C04B2S20N9J,active,False,False,31,True,213,2025-04-18T20:46:13.124659,2022-11-15T14:31:57,1099,0,2025-11-18T10:59:40.954477,2025-12-18T10:59:40.954477,False,warned,,,Channel to discuss and share help with agile methodology
world-cup-2023,C04C2M13FT4,active,False,False,7,True,0,2025-11-18T11:30:17.407819,2022-11-22T17:47:13,1091,0,2025-11-18T11:04:53.976346,2025-12-18T11:04:53.976346,False,warned,,,"Women’s World Cup 2023!! 

Australia and New Zealand 

<https://digitalhub.fifa.com/m/f11e016d9cf9bd5/original/FIFA-Women-s-World-Cup-2023-Match-schedule.pdf>"
adventofcode,C04C84RD0BT,active,False,False,23,True,280,2025-02-10T19:16:49.870629,2022-11-21T15:39:43,1093,0,2025-11-18T10:59:40.111676,2025-12-18T10:59:40.111676,False,warned,,,Discuss the Advent of Code
maf-board,C04D2UXJNG7,active,True,False,14,True,0,2025-11-17T18:17:49.085969,2022-12-02T15:01:28,1082,0,,,False,,,"STAY GOLD :turnip:
Remember: We don't do this things because they're easy. We do them because we thought they'd be easy.",Channel for Mac Admins Foundation board member discussion and collaboration
chatgpt,C04DW7LFKBM,active,False,False,509,True,4,2025-11-13T19:14:04.411809,2022-12-06T05:29:05,1078,0,,,False,,,Talk about OpenAI's chatbot: <https://chat.openai.com/chat>,Fun with OpenAI Chat-GPT
dell,C04E1CW1Z5L,active,False,False,28,True,64,2025-09-15T15:23:53.296249,2022-12-07T20:51:53,1076,0,,,False,,,,Any Dell Software for Macs
airpods,C04E4788VE1,active,False,False,43,True,140,2025-06-30T23:58:22.215439,2022-12-07T18:29:10,1076,0,2025-11-18T10:59:41.389773,2025-12-18T10:59:41.389773,False,warned,,,
torq,C04EXRNBNFP,active,False,False,5,True,252,2025-03-10T20:59:27.506489,2022-12-13T16:00:50,1071,0,2025-11-18T11:04:27.794518,2025-12-18T11:04:27.794518,False,warned,,,
breakroom,C04EZ5G2N65,active,False,False,581,True,0,2025-11-18T17:18:05.614249,2022-12-09T20:57:02,1074,0,,,False,,,soul-o-preneurs,"A wretched hive of scum and villainy.  On weekends, kittens and rainbows."
audiophiles,C04F9JM2YDR,active,False,False,89,True,16,2025-11-02T16:48:58.434069,2022-12-14T21:34:33,1069,0,,,False,,,,"We aren’t really, but its fun to pretend to be. Talking about cool stuff. Streaming, decks, vinyl, speakers, 8-track, whatever it is you fancy."
snackroom,C04FB5U8JCX,active,False,False,5,True,0,2025-11-18T11:30:19.525549,2022-12-19T00:04:06,1065,0,2025-11-18T11:04:00.804328,2025-12-18T11:04:00.804328,False,warned,,Backroom v3?,
openai,C04FFLB0YFQ,active,False,False,237,True,27,2025-10-22T07:37:15.368539,2022-12-16T21:24:59,1067,0,,,False,,,Got something cool from ChatGPT?,Discussions about open ai - ChatGPT: <https://chat.openai.com/chat>
microsoft-intune-macos,C04FMGZ1FRR,active,False,False,1163,True,1,2025-11-17T16:16:40.786119,2022-12-16T19:19:01,1067,0,,,False,,,,
setup-your-mac,C04FRRN3281,active,False,False,1870,True,0,2025-11-17T21:38:14.628759,2022-12-15T13:20:08,1069,0,,,False,,,"Current Version: 1.15.1
Pre-release Version: 1.16.0-b10

<https://github.com/setup-your-mac>",Setup Your Mac via swiftDialog
renew,C04FXLJB8GG,active,False,False,493,True,25,2025-10-23T18:02:38.647749,2022-12-14T16:48:20,1070,0,,,False,,,"<https://github.com/SecondSonConsulting/Renew>
Prompt or notify your users to restart with messaging and functionality based on a mobileconfig file. Uses <#C01U5MXNGG6|> as a dependency

See the pinned posts for pro-tips.","A place to discuss, troubleshoot, and share info about Renew - by Second Son Consulting"
emoji_fans,C04G7PH5RDX,active,False,False,38,True,195,2025-05-06T17:29:52.966239,2022-12-19T15:51:49,1065,0,2025-11-18T11:00:50.611161,2025-12-18T11:00:50.611161,False,warned,,Request using :request: - Notify using :new_sticker: :updated_sticker: :alias_sticker: :old_sticker: - Read the Pin,"A place to share your favorite Emoji's, you can also request Emoji creation using :request: request, Standard 128x128 size is preferred. Share file upload or add to the MacAdmins Emoji base"
rapid7,C04GP72UPC1,active,False,False,167,True,0,2025-11-17T22:50:10.976329,2022-12-22T08:02:25,1062,0,,,False,,,,
fashion,C04HLGQFCMP,active,False,False,12,True,33,2025-10-15T23:14:32.053079,2023-01-03T02:04:29,1050,0,,,False,,,,A place for discussion on latest fashion trends to help improve your wardrobe game to look your best any and every time. 
cambridge,C04HZNDT8J0,active,False,False,14,True,6,2025-11-12T15:05:15.728169,2023-01-07T15:18:11,1046,0,,,False,,,,Home of the Cambridge UK Apple Admins community - all are welcome!
jumpdesktop,C04J8892XGD,active,False,False,35,True,13,2025-11-04T18:42:20.774169,2023-01-10T22:15:45,1042,0,,,False,,,,"Remote editing, designing, postproduction - Focus on Jump Desktop"
ringover,C04JM29PWN6,active,False,False,3,True,252,2025-03-10T20:59:57.493819,2023-01-12T12:35:17,1041,0,2025-11-18T11:03:38.820120,2025-12-18T11:03:38.820120,False,warned,,,
enfocus,C04JTKERPRC,active,False,False,6,True,252,2025-03-10T20:59:59.801099,2023-01-15T23:24:25,1037,0,2025-11-18T11:00:52.314053,2025-12-18T11:00:52.314053,False,warned,,,"Share knowledge about Enfocus Products like Pitstop Pro, Pitstop Server ans Enfocus Switch"
tester,C04K1NVB82V,active,False,False,4,True,252,2025-03-10T21:00:02.163629,2023-01-12T17:52:39,1040,0,2025-11-18T11:04:21.201726,2025-12-18T11:04:21.201726,False,warned,,,
bluetally,C04L4V2EEPN,active,False,False,37,True,272,2025-02-19T09:27:28.136199,2023-01-23T10:56:26,1030,0,2025-11-18T11:00:08.951979,2025-12-18T11:00:08.951979,False,warned,,<https://bluetallyapp.com/>,<https://bluetallyapp.com/>
chess,C04L5FU4FD3,active,False,False,10,True,0,2025-11-18T11:30:23.693379,2023-01-24T09:10:57,1029,0,,,False,,,,1. d4 d5 2. Nc3 Nf6 3. Qd3
ukraine,C04LQ9N6LNN,active,False,False,9,True,120,2025-07-21T13:14:08.225639,2023-01-26T17:17:03,1027,0,2025-11-18T11:04:33.979596,2025-12-18T11:04:33.979596,False,warned,,,Mac Admins and Mac Lovers of Ukraine united
hubspot,C04M41Q25D1,active,False,False,23,True,59,2025-09-19T22:41:56.411619,2023-01-30T13:07:05,1023,0,,,False,,,,<https://www.hubspot.com/>
baseline,C04MEF1UYJ0,active,False,False,702,True,0,2025-11-18T14:00:18.835279,2023-01-31T15:29:52,1022,0,,,False,,,,"A place to discuss Baseline - a macOS Zero touch or Light touch setup workflow.

Latest Release: v2.0 <https://github.com/SecondSonConsulting/Baseline/releases/tag/v2.0>"
techweek-2023,C04MS5QMKF1,active,False,False,3,True,252,2025-03-10T21:00:16.354709,2023-02-06T09:33:03,1016,0,2025-11-18T11:04:15.374612,2025-12-18T11:04:15.374612,False,warned,,,Discussion during techweek
_the_admins_archived_2024-05-10,C04NCQ36VJ9,active,True,False,9,True,0,2025-11-18T10:34:15.708969,2023-02-07T15:52:14,1015,0,2025-11-18T10:39:09.128935,2025-12-18T10:39:09.128935,False,warned,,,
webhooks,C04NG2F9SSV,active,False,False,60,True,168,2025-06-02T20:24:54.898769,2023-02-04T22:01:35,1017,0,2025-11-18T11:04:47.147512,2025-12-18T11:04:47.147512,False,warned,,,
passkeys,C04Q173LLQH,active,False,False,121,True,42,2025-10-06T18:15:44.133889,2023-02-15T04:17:01,1007,0,,,False,,,,
meet-feedback,C04QASBAQF4,active,False,False,4,True,252,2025-03-10T21:00:23.221499,2023-02-19T22:22:50,1002,0,2025-11-18T11:02:27.071638,2025-12-18T11:02:27.071638,False,warned,,,Feedback about google meet vs zoom
workos,C04QQF0FAG4,active,False,False,13,True,0,2025-11-18T11:30:26.121609,2023-02-21T21:16:17,1000,0,2025-11-18T11:04:53.533914,2025-12-18T11:04:53.533914,False,warned,,,
smartdeploy,C04QUGNA4TA,active,False,False,7,True,252,2025-03-10T21:00:27.789609,2023-02-17T14:03:57,1005,0,2025-11-18T11:04:00.339483,2025-12-18T11:04:00.339483,False,warned,,,The SmartDeploy software
solution-engineering-salaries,C04RJP96LFM,active,False,False,5,True,252,2025-03-10T21:00:32.889659,2023-02-28T02:41:28,994,0,2025-11-18T11:04:01.679935,2025-12-18T11:04:01.679935,False,warned,,,Discuss the problems with your salary as a Solution Engineer
solution-architect,C04RJSTUA74,active,False,False,10,True,0,2025-11-18T11:30:27.219829,2023-02-28T02:40:43,994,0,2025-11-18T11:04:01.253425,2025-12-18T11:04:01.253425,False,warned,,,solution architect expectations
monday,C04S1JR61GC,active,False,False,21,True,6,2025-11-12T15:30:32.405859,2023-03-02T02:06:14,992,0,,,False,,,,"General chat, questions and hopefully answers around <http://Monday.com|Monday.com>."
app-catalog,C04S20EMKTQ,active,False,False,241,True,0,2025-11-17T22:08:07.995189,2023-03-03T12:22:07,991,0,,,False,,,"Feedback? <https://feedback.appcatalog.cloud>

Browse apps: <https://appcatalog.cloud>
Docs: <https://docs.appcatalog.cloud>
What’s New: <https://feedback.appcatalog.cloud/changelog>","Always up-to-date and fully automated. The App Catalog checks whether updates are available and installs applications without the intervention of an administrator. In short, maximum productivity for you and your colleagues!"
regulatory-compliance-uk,C04SPPWM200,active,False,False,108,True,106,2025-08-03T23:05:37.384729,2023-03-02T07:23:23,992,0,2025-11-18T11:03:33.149893,2025-12-18T11:03:33.149893,False,warned,,,"A place to discuss, and get support for:
Cyber Essentials (Basic and Plus +)
GDPR and U.K. GDPR
ICO
ISO 27001
TSA (Telecom Security Act"
chatgpt-intheworkplace-,C04T4NGEV6C,active,False,False,242,True,20,2025-10-29T14:24:47.549779,2023-03-05T16:39:50,989,0,,,False,,,,Seems the #chatgpt focuses on humor.  I thought a channel dedicated to serious uses would be helpful 
new-england-mac-admins,C04TD1PDUD9,active,False,False,68,True,113,2025-07-28T09:57:47.482569,2023-03-10T15:07:20,984,0,2025-11-18T11:02:48.662261,2025-12-18T11:02:48.662261,False,warned,,,Slack Channel for the New England Mac Admins Community Hub
elevate,C04TG4H8QG3,active,False,False,124,True,52,2025-09-26T18:52:10.336199,2023-03-11T01:45:38,983,0,,,False,,,,<https://github.com/robjschroeder/Elevate>
soti,C04UUNQK76W,active,False,False,32,True,84,2025-08-25T20:49:29.864759,2023-03-20T20:48:05,973,0,,,False,,,,For individuals who use SOTi MobiControl MDM within their org.
patchomator,C04V0BC98PQ,active,False,False,250,True,0,2025-11-18T15:09:01.320509,2023-03-22T16:59:46,972,0,,,False,,,"Neither a patch, nor a 'mater. Discuss. Or sponsor! <https://github.com/sponsors/option8>",git clone <https://github.com/Mac-Nerd/patchomator.git>
rewind,C04V2K7FM3Q,active,False,False,6,True,89,2025-08-21T14:51:08.099759,2023-03-22T23:59:19,971,0,,,False,,,,<https://www.rewind.ai/>
launchpad,C04V8LYF4HL,active,False,False,170,True,4,2025-11-13T19:37:21.904969,2023-03-23T20:01:58,970,0,,,False,,,<https://rkmn.tech/launchpad>,"Join us for our monthly meetup where we discuss the latest news and updates in the Jamf and Apple world. LaunchPad - The Jamf Admin Meetup has over a half millennia of combined Jamf experience, so you know you're getting the best insights available."
jamf-log-grabber,C04VDECN5QT,active,False,False,73,True,105,2025-08-05T03:20:09.816219,2023-03-23T15:58:24,971,0,2025-11-18T11:01:42.003999,2025-12-18T11:01:42.003999,False,warned,,Jamf Log Grabber,<https://jamf.it/Log-Grabber>
microsoft-loop,C050S47TA7J,active,False,False,31,True,281,2025-02-10T07:33:34.179049,2023-03-24T00:46:54,970,0,2025-11-18T11:02:32.022221,2025-12-18T11:02:32.022221,False,warned,,,For all things about the Microsoft Loop :sunglasses:
test_automation,C05111QBNPP,active,False,False,6,True,221,2025-04-10T17:37:08.681229,2023-03-30T20:13:41,963,0,2025-11-18T11:04:19.973404,2025-12-18T11:04:19.973404,False,warned,,,
coke_is_cheaper_mtg,C0514ASNM2R,active,False,False,10,True,0,2025-11-18T11:32:15.955689,2023-03-31T10:41:14,963,0,2025-11-18T11:00:29.800511,2025-12-18T11:00:29.800511,False,warned,,,All things MTG
applewatch,C052C0AMG4R,active,False,False,41,True,190,2025-05-11T21:26:04.818969,2023-04-05T18:12:43,957,0,2025-11-18T10:59:52.365099,2025-12-18T10:59:52.365099,False,warned,,,Nerd out about your Apple Watch
japan,C052NN2BPT4,active,False,False,9,True,6,2025-11-12T01:17:26.005419,2023-04-11T12:52:55,952,0,,,False,,,,:jp:
sabjodan,C052VHVM0KV,active,False,False,5,True,252,2025-03-10T21:01:19.663279,2023-04-12T13:17:34,951,0,2025-11-18T11:03:43.665815,2025-12-18T11:03:43.665815,False,warned,,,
handyman,C054YPQ72V8,active,False,False,5,True,124,2025-07-16T19:42:16.486129,2023-04-26T05:56:39,937,0,2025-11-18T11:01:18.789640,2025-12-18T11:01:18.789640,False,warned,,,
microsoft-azure-vpn,C05585G6RMH,active,False,False,41,True,111,2025-07-30T10:22:02.956849,2023-04-27T14:29:50,936,0,2025-11-18T11:02:30.175148,2025-12-18T11:02:30.175148,False,warned,,,Discussions and troubleshooting of the MS Azure VPN client
mac-ec2,C055JD1KPR9,active,False,False,10,True,49,2025-09-30T12:58:33.260139,2023-04-29T02:09:06,934,0,,,False,,,,Discuss management of mac ec2 instances
aws-ec2-mac,C055YGS9EHH,active,False,False,78,True,5,2025-11-12T20:17:31.171309,2023-05-03T00:13:55,930,0,,,False,,,Discuss all things EC2 Mac on AWS,
f5,C056RC0B0D8,active,False,False,65,True,3,2025-11-14T19:08:42.734559,2023-05-08T18:00:30,924,0,,,False,,,,Talk and chatter about love for F5 and their Mac support
threatlocker,C056XK0V7A9,active,False,False,23,True,55,2025-09-24T15:20:50.949509,2023-05-10T01:48:51,923,0,,,False,,,,
okta-identity-engine-upgrade,C0574MKL9DM,active,False,False,72,True,209,2025-04-23T16:26:06.997119,2023-05-12T18:13:54,920,0,2025-11-18T11:02:56.215680,2025-12-18T11:02:56.215680,False,warned,,"This Channel is intended for existing Okta Classic customers with questions related to getting upgraded to Okta Identity Engine (OIE).
<https://help.okta.com/oie/en-us/Content/Topics/identity-engine/oie-upgrade-eligibility.htm>",
privilegesdemoter,C057BLT1Z5X,active,False,False,177,True,249,2025-03-14T09:18:29.085389,2023-05-09T19:55:09,923,0,2025-11-18T11:03:16.675627,2025-12-18T11:03:16.675627,False,warned,,,Discussion of and about the PrivilegesDemoter tool <https://github.com/sgmills/PrivilegesDemoter>
jamf-built-in-ca-renewal,C057EKJD7U2,active,False,False,25,True,196,2025-05-06T04:33:18.630219,2023-05-12T01:37:56,921,0,2025-11-18T11:01:39.875369,2025-12-18T11:01:39.875369,False,warned,,,
visionos,C057JM7PM8F,active,False,False,138,True,188,2025-05-14T14:46:59.508769,2023-05-16T11:34:17,917,0,2025-11-18T11:04:42.312260,2025-12-18T11:04:42.312260,False,warned,,,Also check out <#C05AV2LN538|>
relution,C057SGDCH9B,active,False,False,8,True,165,2025-06-06T10:20:46.254519,2023-05-15T19:59:05,917,0,2025-11-18T11:03:33.570733,2025-12-18T11:03:33.570733,False,warned,,,
automaton-2-mds-programming,C057VT2NT0F,active,False,False,18,True,63,2025-09-15T20:24:35.906999,2023-05-17T22:12:49,915,0,,,False,,,,
low-profile,C0590AY05U3,active,False,False,231,True,35,2025-10-13T20:32:21.241539,2023-05-23T07:54:58,910,0,,,False,,,Low Profile v5.0.0 | See bookmarks for links,"A place to discuss the utility known as Low Profile, a Mac utility that helps inspect Apple Configuration Profile payloads."
uofu-wwdc,C059Z7UEENA,active,False,False,11,True,0,2025-11-18T11:30:37.106689,2023-05-30T21:52:13,902,0,,,False,,,For discussion by the University of Utah on WWDC,
honorhealth,C05A7M2E751,active,False,False,3,True,252,2025-03-10T21:01:54.148989,2023-05-31T07:40:11,902,0,2025-11-18T11:01:25.304626,2025-12-18T11:01:25.304626,False,warned,,,A place for HonorHealth employees to chat and network.
diablo,C05AUPN9XJA,active,False,False,4,True,252,2025-03-10T21:01:56.447969,2023-06-05T18:37:54,896,0,2025-11-18T11:00:43.216040,2025-12-18T11:00:43.216040,False,warned,,,
visionpro,C05AV2LN538,active,False,False,298,True,6,2025-11-12T13:53:45.204669,2023-06-05T19:23:25,896,0,,,False,,,Vision Pro virtual meetup every Friday at: 3:00pm ET / 2:00pm CT / 12:00pm PT,Also check out <#C057JM7PM8F|>
wandavisionos,C05B29Z7Y7M,active,False,False,6,True,252,2025-03-10T21:02:03.384049,2023-06-05T21:24:47,896,0,2025-11-18T11:04:44.099661,2025-12-18T11:04:44.099661,False,warned,,,Discussions around Apple's new hardware used in early TV sitcom alternative realities
idaho,C05B411672B,active,False,False,14,True,0,2025-11-18T11:30:38.825929,2023-06-08T06:44:02,894,0,,,False,,,,Mac Admins in and around the Gem state
test-deleteme,C05B4TJUJBW,active,False,False,4,True,0,2025-11-18T11:30:39.171079,2023-06-05T21:31:23,896,0,2025-11-18T11:04:18.661775,2025-12-18T11:04:18.661775,False,warned,,,
moroz,C05B8QBSJDU,active,False,False,27,True,102,2025-08-08T09:11:56.491609,2023-06-07T18:10:16,894,0,2025-11-18T11:02:39.142786,2025-12-18T11:02:39.142786,False,warned,,<https://github.com/groob/moroz>,
homelab,C05BP7HFN5V,active,False,False,200,True,0,2025-11-17T21:09:04.446489,2023-06-12T16:50:16,890,0,,,False,,,,A place to discuss your home computer and network setup
fresno,C05BPUCVB0T,active,False,False,6,True,0,2025-11-18T11:30:40.091509,2023-06-08T23:18:16,893,0,2025-11-18T11:01:06.487723,2025-12-18T11:01:06.487723,False,warned,,,
platform-sso,C05BXC9EJDQ,active,False,False,2499,True,0,2025-11-18T14:59:09.930959,2023-06-10T13:12:04,892,0,,,False,,,"Before you ask, Microsoft does not yet support either ADE-PSSO *or* simplified PSSO during setup assistant. | Okta supports PSSO with Password Sync only, including Simplified PSSO at Setup Assistant",
wait-i-can-make-these,C05CJGR8CSU,active,False,False,5,True,0,2025-11-18T11:30:40.763709,2023-06-09T17:54:28,892,0,2025-11-18T11:04:43.637851,2025-12-18T11:04:43.637851,False,warned,,,
app-auto-patch,C05D69E7SBH,active,False,False,912,True,0,2025-11-17T23:12:02.032089,2023-06-21T18:57:01,880,0,,,False,,,Auto discover and patch applications on your Mac endpoints,<https://github.com/App-Auto-Patch/App-Auto-Patch>
psumac-106,C05D79T34ET,active,False,False,78,True,121,2025-07-19T18:27:36.727289,2023-06-21T21:47:18,880,0,2025-11-18T11:03:22.504632,2025-12-18T11:03:22.504632,False,warned,,"Save the Date! July 7-10 2026
:gforms: <https://bit.ly/psumac-2025-feedback|2025 Conference Feedback>
:gdocs: <https://bit.ly/psumac2025notes|2025 Notes Folder>
:yt: <https://youtube.com/psumacconf|YouTube Channel>","Discussion about sessions in 106 at the MacAdmins Conference at PSU
<#C066MCBT2|>
:sched: <https://psumac2025.sched.com|2025 Schedule>
:gdocs: <https://bit.ly/psumac2025notes|2025 Notes>
"
psumac-108,C05D7STRRMM,active,False,False,39,True,121,2025-07-19T18:27:37.348599,2023-06-22T00:09:40,880,0,2025-11-18T11:03:23.734993,2025-12-18T11:03:23.734993,False,warned,,"Save the Date! July 7-10 2026
:gforms: <https://bit.ly/psumac-2025-feedback|2025 Conference Feedback>
:gdocs: <https://bit.ly/psumac2025notes|2025 Notes Folder>
:yt: <https://youtube.com/psumacconf|YouTube Channel>","Discussion about sessions in 108 at the MacAdmins Conference at PSU
<#C066MCBT2|>
:sched: <https://psumac2025.sched.com|2025 Schedule>
:gdocs: <https://bit.ly/psumac2025notes|2025 Notes>
"
psumac-107,C05DMRKLJ4A,active,False,False,73,True,121,2025-07-19T18:27:37.028229,2023-06-21T21:47:19,880,0,2025-11-18T11:03:22.916563,2025-12-18T11:03:22.916563,False,warned,,"Save the Date! July 7-10 2026
:gforms: <https://bit.ly/psumac-2025-feedback|2025 Conference Feedback>
:gdocs: <https://bit.ly/psumac2025notes|2025 Notes Folder>
:yt: <https://youtube.com/psumacconf|YouTube Channel>","Discussion about sessions in 107 at the MacAdmins Conference at PSU
<#C066MCBT2|>
:sched: <https://psumac2025.sched.com|2025 Schedule>
:gdocs: <https://bit.ly/psumac2025notes|2025 Notes>
"
psumac-104,C05DQRZF404,active,False,False,41,True,121,2025-07-19T18:27:36.100649,2023-06-22T00:09:39,880,0,2025-11-18T11:03:21.569065,2025-12-18T11:03:21.569065,False,warned,,"Save the Date! July 7-10 2026
:gforms: <https://bit.ly/psumac-2025-feedback|2025 Conference Feedback>
:gdocs: <https://bit.ly/psumac2025notes|2025 Notes Folder>
:yt: <https://youtube.com/psumacconf|YouTube Channel>","Discussion about sessions in 104 at the MacAdmins Conference at PSU
<#C066MCBT2|>
:sched: <https://psumac2025.sched.com|2025 Schedule>
:gdocs: <https://bit.ly/psumac2025notes|2025 Notes>
"
ipad-os,C05E2HKCTP1,active,False,False,96,True,47,2025-10-02T17:01:30.417659,2023-06-27T19:35:46,874,0,,,False,,,,iPad OS  under Jamf MDM
psumac-109,C05EC4L7XRN,active,False,False,38,True,121,2025-07-19T18:27:37.680499,2023-06-22T00:09:40,880,0,2025-11-18T11:03:24.151864,2025-12-18T11:03:24.151864,False,warned,,"Save the Date! July 7-10 2026
:gforms: <https://bit.ly/psumac-2025-feedback|2025 Conference Feedback>
:gdocs: <https://bit.ly/psumac2025notes|2025 Notes Folder>
:yt: <https://youtube.com/psumacconf|YouTube Channel>","Discussion about sessions in 109 at the MacAdmins Conference at PSU
<#C066MCBT2|>
:sched: <https://psumac2025.sched.com|2025 Schedule>
:gdocs: <https://bit.ly/psumac2025notes|2025 Notes>
"
intune-uploader,C05EDN7P337,active,False,False,269,True,27,2025-10-22T07:53:41.235289,2023-06-27T18:26:17,874,0,,,False,,,<https://github.com/almenscorner/intune-uploader>,"This project aims to simplify the process of creating and updating apps and other payloads in Intune by leveraging the power of AutoPkg.

Get help with Intune recipe writing, report issues and collaborate!"
sgmac,C05FBDD6ZJ6,active,False,False,12,True,252,2025-03-10T21:02:40.355489,2023-07-03T16:20:00,869,0,2025-11-18T11:03:55.072089,2025-12-18T11:03:55.072089,False,warned,,,Singapore Mac Admins!!! Assemble!!!
psumac-senate-suite,C05GDSVP0KW,active,False,False,41,True,121,2025-07-19T18:27:40.136809,2023-07-10T19:00:05,861,0,2025-11-18T11:03:27.762011,2025-12-18T11:03:27.762011,False,warned,,"Save the Date! July 7-10 2026
:gforms: <https://bit.ly/psumac-2025-feedback|2025 Conference Feedback>
:gdocs: <https://bit.ly/psumac2025notes|2025 Notes Folder>
:yt: <https://youtube.com/psumacconf|YouTube Channel>","Discussion about sessions in Senate Suite at the MacAdmins Conference at PSU
<#C066MCBT2|>
:sched: <https://psumac2025.sched.com|2025 Schedule>
:gdocs: <https://bit.ly/psumac2025notes|2025 Notes>
"
verkada,C05GTTBB2TX,active,False,False,15,True,6,2025-11-12T15:42:20.631759,2023-07-13T15:20:00,859,0,,,False,,,,
admin-by-request,C05HCU1NQRG,active,False,False,329,True,1,2025-11-17T16:30:45.363299,2023-07-17T16:08:32,855,0,,,False,,,A place to chat about the tool Admin by Request: <https://www.adminbyrequest.com/>,
freshservice,C05HSSQUWF9,active,False,False,115,True,74,2025-09-05T14:24:15.703259,2023-07-21T18:00:48,850,0,,,False,,,,
neurospicy,C05HZ9CG1SP,active,False,False,129,True,0,2025-11-18T12:46:05.660139,2023-07-20T14:50:39,852,0,,,False,,,"Welcome, MacAdmin Habañeuros!","I wanted to call it ‘#neurodiversity’, but somehow that wasn’t available. ¯\_(ツ)_/¯"
psucreamery,C05J2EV9LQ3,active,False,False,16,True,0,2025-11-18T11:30:45.363329,2023-07-20T23:15:24,851,0,2025-11-18T11:03:21.129933,2025-12-18T11:03:21.129933,False,warned,,,
perimeter81,C05JKSFNJ8Z,active,False,False,37,True,378,2024-11-05T13:20:15.612269,2023-07-21T17:30:45,850,0,2025-11-18T11:03:11.612887,2025-12-18T11:03:11.612887,False,warned,,,
sumb,C05JSCXQQ5T,active,False,False,19,True,252,2025-03-10T21:03:01.313659,2023-07-26T14:52:01,846,0,2025-11-18T11:04:10.416790,2025-12-18T11:04:10.416790,False,warned,,Built in function automate the software update patch with one click <https://github.com/jeremybessard/sumb>,Scheduled Updates Menu Bar #SUMB (Jamf only)
zscaler-install-via-intune,C05K2UDS85B,active,False,False,31,True,96,2025-08-14T14:21:48.156979,2023-07-28T01:03:14,844,0,2025-11-18T11:04:59.690739,2025-12-18T11:04:59.690739,False,warned,,,
printerlogic,C05K3N2HSPQ,active,False,False,73,True,12,2025-11-06T16:10:40.784829,2023-07-28T18:15:00,843,0,,,False,,,PrinterLogic by Vasion,"A place to discuss administering Printerlogic on macOS. Windows too, if you must :wink:"
alectrona-migrator,C05K70EN82C,active,False,False,15,True,118,2025-07-23T16:52:43.136659,2023-07-24T19:27:56,847,0,2025-11-18T10:59:41.831335,2025-12-18T10:59:41.831335,False,warned,,,
laravel,C05K95M3BTJ,active,False,False,5,True,252,2025-03-10T21:03:10.590309,2023-07-25T04:57:16,847,0,2025-11-18T11:02:01.707529,2025-12-18T11:02:01.707529,False,warned,,,
testchannelpleasedelete,C05KL39GE7K,active,False,False,3,True,252,2025-03-10T21:03:12.925759,2023-07-28T09:18:38,844,0,2025-11-18T11:04:20.806361,2025-12-18T11:04:20.806361,False,warned,,,
meta-open-source,C05KU2YA17U,active,False,False,21,True,33,2025-10-16T14:54:36.558189,2023-08-01T21:25:29,839,0,,,False,,,,Discussion about meta open source projects <https://opensource.fb.com/>
mac-at-salesforce,C05LDB50LU9,active,False,False,42,True,186,2025-05-16T17:21:57.120619,2023-08-02T19:59:51,838,0,2025-11-18T11:02:11.918586,2025-12-18T11:02:11.918586,False,warned,,,
siit,C05LKQKKQ6P,active,False,False,35,True,147,2025-06-24T15:49:25.470599,2023-08-07T08:58:17,834,0,2025-11-18T11:03:56.827727,2025-12-18T11:03:56.827727,False,warned,,,
cisco-vpn-5004032,C05N6NC9M0B,active,False,False,14,True,0,2025-11-18T11:30:48.588369,2023-08-17T07:30:12,824,0,2025-11-18T11:00:25.755197,2025-12-18T11:00:25.755197,False,warned,,,
oktaps,C05NBL9GA22,active,False,False,6,True,6,2025-11-12T15:33:17.482069,2023-08-18T22:31:19,822,0,,,False,,,,
tines,C05NHRX05L0,active,False,False,54,True,166,2025-06-04T22:15:43.497099,2023-08-15T09:36:35,826,0,2025-11-18T11:04:25.155104,2025-12-18T11:04:25.155104,False,warned,,,
china-it,C05PUL8AC8L,active,False,False,14,True,0,2025-11-18T11:30:49.631839,2023-08-28T07:10:28,813,0,2025-11-18T11:00:21.889079,2025-12-18T11:00:21.889079,False,warned,,All China IT and related personnel join us - for special network environments 中文,
makers,C05Q03A7725,active,False,False,37,True,1,2025-11-16T22:53:14.563859,2023-08-25T21:29:13,815,0,,,False,,,For makers. Note printing stuff largely lives in <#CFHUYJ0MS|>,
glide,C05Q7BG1Y92,active,False,False,9,True,0,2025-11-18T11:30:50.348349,2023-08-30T00:14:33,811,0,2025-11-18T11:01:14.318039,2025-12-18T11:01:14.318039,False,warned,,Building custom apps for work with <http://glideapps.com|glideapps.com>,
jamf-daily-admin-stuff,C05QFRUS8E8,active,False,False,227,True,283,2025-02-07T22:33:29.192219,2023-08-31T08:24:02,810,0,2025-11-18T11:01:40.353787,2025-12-18T11:01:40.353787,False,warned,,,"This great community here in Slack has helped everyone at one time. Sometimes the right channel is missing.

That's why this channel was created. Here you can get your daily question as a Jamf Admin answered.

So let's fill this channel with life"
macpaw,C05RMPQLU4W,active,False,False,92,True,42,2025-10-07T14:07:37.229809,2023-09-11T17:25:54,798,0,,,False,,,,"We craft apps that make your Mac life simpler. Creators behind CleanMyMac, Setapp, ClearVPN, Moonlock. Get to know MacPaw, be the first to see announcements on our US-based meetups, and join discussions about product-related insights."
jnuc-apac,C05SGUM2X4Z,active,False,False,15,True,42,2025-10-06T19:01:47.445839,2023-09-13T08:57:52,797,0,,,False,,,,
jamfconditionalaccess,C05SYSQRY72,active,False,False,17,True,4,2025-11-13T20:09:05.670789,2023-09-14T04:52:28,796,0,,,False,,,,
bsky,C05T2L078JG,active,False,False,12,True,146,2025-06-25T17:01:54.631879,2023-09-19T17:15:05,791,0,2025-11-18T11:00:15.339426,2025-12-18T11:00:15.339426,False,warned,,"the social network, not the remote admin tool (see <#CA12AHZ3M|>)",
fourcorners,C05TW88V810,active,False,False,46,True,13,2025-11-04T18:02:40.451179,2023-09-26T03:32:40,784,0,,,False,,,Four Corners and The Silver State User Group,Four Corners and The Silver State User Group. We expect all our participants to abide by JamfNation’s Community Guidelines. <https://community.jamf.com/t5/community-updates/community-guidelines/m-p/75>
ai,C05TWDVNZ96,active,False,False,527,True,0,2025-11-18T14:05:15.561709,2023-09-20T19:23:07,789,0,,,False,,,,"Any AI News! Best AI news link (IMO): <https://tldr.tech/ai/archives>. For learning, using, or developing AI, go to ai-dev."
test-delete-later,C05TWN6NAAU,active,False,False,3,True,252,2025-03-10T21:04:01.851049,2023-09-20T20:12:29,789,0,2025-11-18T11:04:18.294571,2025-12-18T11:04:18.294571,False,warned,,,
jamf-fight-club,C05UCSL4MT8,active,False,False,766,True,0,2025-11-17T21:16:33.256569,2023-09-29T21:00:49,780,0,,,False,,,First rule of fight club: don't talk about fight club.,"Discuss new features, advanced setups, and workflows.  Mind your P's and Q's and your NDA's.  Be courteous; thread early and often.  If you are new and stumbled in here by accident, please use <#C04QVP86E|> for general questions or issues."
educause23,C05UGLTQGHE,active,False,False,4,True,214,2025-04-17T21:38:59.212159,2023-09-25T17:00:11,785,0,2025-11-18T11:00:48.424596,2025-12-18T11:00:48.424596,False,warned,,,"The EDUCAUSE Annual Conference connects the best thinkers in higher education technology.  

This is THE event where professionals and technology providers from around the world gather to network, share ideas, grow professionally, and discover soluti"
pkgx,C05UM4BC1UN,active,False,False,10,True,6,2025-11-12T15:34:47.122529,2023-10-02T20:14:43,777,0,,,False,,,"Post Package Management: post-brew, post-apt, post-chocolatey","pkgx is a blazingly fast, standalone, cross‐platform binary that runs anything. It's post-package-management. Example:

curl <https://pkgx.sh> | sh
pkgx python@3.10 -m http.server 8000

Read more <https://pkgx.sh/>"
truenas,C05V0RW3HNH,active,False,False,12,True,76,2025-09-03T12:44:36.292799,2023-10-04T13:22:18,776,0,,,False,,,,
jamf-software-updates,C060JTLDG4W,active,False,False,997,True,5,2025-11-13T13:48:08.219159,2023-10-11T20:25:29,768,0,,,False,,,,"Open discussion &amp; feedback on software update workflows through Jamf! (See also: <#C03LKQ8EN2C|>, <#CD48Q2VRV|>)"
wework,C062G18CEDA,active,False,False,4,True,252,2025-03-10T21:04:15.566299,2023-10-23T17:48:17,756,0,2025-11-18T11:04:49.395292,2025-12-18T11:04:49.395292,False,warned,,work in a wework? want to chat about wework,
tunnelblick,C062T38SXK7,active,False,False,29,True,45,2025-10-04T14:55:11.154629,2023-10-26T07:52:57,754,0,,,False,,,,
hexnodemdm,C063CQ5HAAH,active,False,False,86,True,3,2025-11-14T18:45:10.111339,2023-10-30T18:56:59,749,0,,,False,,,,
ios-mdm,C063JJ71PL0,active,False,False,183,True,27,2025-10-22T16:20:37.835939,2023-10-26T05:49:47,754,0,,,False,,,,
cbus-k12-area,C063UAFC483,active,False,False,25,True,4,2025-11-13T19:25:09.268489,2023-11-01T17:42:11,747,0,,,False,,,,This channel is for K12 staff members in the Columbus area. We can discuss issues and our solutions. Please add people that you believe should be part of this channel.
deepinstinct,C0647SRDCDU,active,False,False,5,True,230,2025-04-01T19:22:33.732279,2023-11-06T13:31:21,743,0,2025-11-18T11:00:40.021895,2025-12-18T11:00:40.021895,False,warned,,,
microsoft-copilot,C064DF8SHRB,active,False,False,261,True,5,2025-11-13T14:24:36.268409,2023-11-06T18:12:20,742,0,,,False,,,,
okta-ideas,C06558S1890,active,False,False,118,True,4,2025-11-13T22:29:38.312099,2023-11-10T04:03:52,739,0,,,False,,,,
jamf-remote-assist,C066W7W9V1U,active,False,False,811,True,56,2025-09-22T20:51:53.290569,2023-11-23T15:08:40,726,0,,,False,,,"Documentation
<https://learn.jamf.com/bundle/jamf-pro-documentation-current/page/Jamf_Remote_Assist.html>
Release History
<https://learn.jamf.com/en-US/bundle/jamf-remote-assist-release-notes/page/Jamf_Remote_Assist_Release_History.html>",Channel to discuss Jamf Remote Assist
airdrop,C067QNPA6E6,active,False,False,67,True,62,2025-09-17T17:14:12.846799,2023-11-29T00:05:13,720,0,,,False,,,,There is possible that someone can get the personal information from an Airdrop? I believe that the new iPhones and especially with the iOS 17.x is pretty secure.
tempchannelnov2023,C067RDPE23C,active,False,False,3,True,252,2025-03-10T21:04:41.272299,2023-11-29T03:52:58,720,0,2025-11-18T11:04:17.024254,2025-12-18T11:04:17.024254,False,warned,,,
robin-app,C0684T44QS0,active,False,False,9,True,252,2025-03-10T21:04:43.588109,2023-11-30T17:16:53,719,0,2025-11-18T11:03:39.298483,2025-12-18T11:03:39.298483,False,warned,,,"Welcome to the Robin app community, by nDuo. We assist with any inquiries about our app, a revolutionary tool transforming MDM into straightforward visuals. It enables effortless, informed decision-making for businesses."
abbreviations,C068G33KWQ0,active,False,False,75,True,131,2025-07-10T15:34:47.311719,2023-11-29T10:44:53,720,0,2025-11-18T10:59:35.619326,2025-12-18T10:59:35.619326,False,warned,,Decode the abbrevs! :rocket:,"This channel is your go-to guide for unraveling the mysteries of abbreviations used across the MacAdmins Slack. Feel free to aks, share, and demystify shorthand to enhance communication. Let's break it down together!"
screenflow,C068P0QTE4T,active,False,False,10,True,252,2025-03-10T21:04:48.214819,2023-12-05T10:24:43,714,0,2025-11-18T11:03:47.583922,2025-12-18T11:03:47.583922,False,warned,,Tips and tricks for Telestream's ScreenFlow,Tips and tricks for Telestream's ScreenFlow
profilekit,C068UKPCNCA,active,False,False,7,True,0,2025-11-18T11:30:59.653689,2023-12-06T04:51:24,713,0,,,False,,,<https://github.com/WillYu91/ProfileKit>,
desk-setups,C068YJFEWGJ,active,False,False,142,True,4,2025-11-14T16:09:39.097969,2023-12-06T17:44:59,712,0,,,False,,,work from a cubicle? from home? from a cardboard box at the beach? share your desk setups! inspiration for others.,Place to share what tools you’re using at your desk for Mac Admining/productivity/distractions <#CGK6TAMML|> <#C068YJFEWGJ|>
jamf-onboarding,C069CFZG5V4,active,False,False,300,True,7,2025-11-11T03:01:10.817619,2023-12-11T12:26:00,708,0,,,False,,,<https://learn.jamf.com/en-US/bundle/jamf-pro-documentation-current/page/macOS_Onboarding.html>,This channel is to discuss anything related to Jamf Onboarding in Self Service
duostation-mdm,C069T1L1543,active,False,False,4,True,252,2025-03-10T21:04:57.658339,2023-12-12T15:44:49,707,0,2025-11-18T11:00:46.289722,2025-12-18T11:00:46.289722,False,warned,,,"<https://duostation.com/products/duostation-mdm/>
a channel for discussion and support for DuoSTATION MDM which is a service to manage apps, settings and security on Android and Apple devices."
networking,C06A28RPPTR,active,False,False,146,True,57,2025-09-22T09:24:35.936899,2023-12-16T20:38:16,702,0,,,False,,,General Networking: LinkedIn : Link Layer,Welcome to the networking channel. Mod: <@U738W4U0Z>
macadam,C06AFCHAR2B,active,False,False,5,True,53,2025-09-25T20:49:05.177659,2023-12-19T19:26:58,699,0,,,False,,,,"macadam /mə-kăd′əm/
noun
Pavement made of layers of compacted broken stone, now usually bound with tar or asphalt.

(Maybe you're looking for <#C0XUV4ER5|>?)"
allwhere,C06BN5SANTF,active,False,False,30,True,214,2025-04-17T21:28:51.132619,2023-12-27T17:41:28,691,0,2025-11-18T10:59:43.128163,2025-12-18T10:59:43.128163,False,warned,,,"The purpose of this channel is to share ideas and strategies around how remote IT teams streamline equipment management, storage, and logistics throughout the device lifecycle, while onboarding and offboarding remote workers."
swiftsetup,C06BR7PCG9H,active,False,False,17,True,171,2025-05-30T18:51:20.566849,2023-12-27T19:03:31,691,0,2025-11-18T11:04:11.828915,2025-12-18T11:04:11.828915,False,warned,,,Check out SwiftSetup at <http://www.github.com/tc00k/SwiftSetup|www.github.com/tc00k/SwiftSetup>
diy-homeimprovement,C06C39B85SN,active,False,False,17,True,12,2025-11-06T15:53:15.142309,2024-01-02T04:57:25,686,0,,,False,,,,
ad-cs,C06CQ5Z0ZL4,active,False,False,31,True,191,2025-05-11T11:37:18.548069,2024-01-05T15:22:42,683,0,2025-11-18T10:59:37.408707,2025-12-18T10:59:37.408707,False,warned,,,
music-production,C06DHTURY49,active,False,False,24,True,51,2025-09-27T17:34:24.068169,2024-01-09T21:21:22,678,0,,,False,,,,
jamf-return-to-service,C06DJS48V5H,active,False,False,67,True,87,2025-08-22T18:04:28.713389,2024-01-11T21:59:45,676,0,,,False,,,,"App Store Listing: <https://jamf.it/rtsapp>
Documentation: <https://jamf.it/rtsapp-guide>"
workbrew,C06DQLY28TG,active,False,False,448,True,0,2025-11-18T12:37:55.917769,2024-01-15T11:59:13,673,0,,,False,,,"<https://workbrew.com> - The missing features and support for companies using Homebrew.

Need support: <mailto:help@workbrew.com|help@workbrew.com>

Book a demo: <https://workbrew.com/demo>",<https://workbrew.com> - The missing features and support for companies using Homebrew.
jamf-routines,C06EA1LQAJK,active,False,False,274,True,39,2025-10-10T14:24:35.966229,2024-01-19T16:17:27,669,0,,,False,,,Learning Hub: <https://learn.jamf.com/bundle/jamf-routines-documentation/page/jamf_workflow_automation.html>,"With Jamf Routines, you can create automated workflows from templates and connect certain tools in your environment to Jamf Pro. This provides a convenient way to automate repetitive tasks and stay up to date on events happening in your environment."
det-jobs-board,C06FFAA1V4P,active,False,False,11,True,97,2025-08-13T01:50:33.584889,2024-01-26T23:08:05,661,0,2025-11-18T11:00:42.773208,2025-12-18T11:00:42.773208,False,warned,,"Job listings in Detroit, MI for Principal MacOS Engineer Roles.",Current Openings in the Metro Detroit Area. Mod: <@U738W4U0Z>
arc-browser,C06GS2RE0UA,active,False,False,54,True,43,2025-10-06T10:34:21.439239,2024-02-01T17:33:11,655,0,,,False,,,,<https://arc.net> - the browser that changed the internet. Download here: <https://releases.arc.net/release/Arc-latest.dmg>. Feature request or bug reports here: <https://resources.arc.net/hc/en-us/requests/new?ticket_form_id=20291863841047>
okta-pam,C06GXS2LSB0,active,False,False,82,True,13,2025-11-04T23:10:27.418539,2024-02-04T23:09:31,652,0,,,False,,,,
world-cup-2026,C06H6RB8R2Q,active,False,False,10,True,21,2025-10-27T21:12:26.009829,2024-02-04T21:44:09,652,0,,,False,,,"World Cup 2026 in the US, Mexico and Canada!",<https://digitalhub.fifa.com/m/1be9ce37eb98fcc5/original/FWC26-Match-Schedule_English.pdf>
retool,C06HC6W7083,active,False,False,10,True,0,2025-11-18T11:31:05.058919,2024-02-06T04:14:17,651,0,,,False,,,,<http://retool.com|retool.com>
aircall,C06HMPC6T7S,active,False,False,10,True,61,2025-09-18T15:32:21.330929,2024-02-02T17:13:29,655,0,,,False,,,,
pkl,C06J5CJ2D6G,active,False,False,19,True,0,2025-11-18T11:31:05.627439,2024-02-09T14:43:27,648,0,,,False,,,,"A configuration as code language with rich validation and tooling.
<https://pkl-lang.org/>"
update,C06JB6QED9B,active,False,False,9,True,116,2025-07-25T14:52:33.787779,2024-02-12T18:56:21,644,0,2025-11-18T11:04:36.699459,2025-12-18T11:04:36.699459,False,warned,,,
glpi,C06KLBUTAQ7,active,False,False,12,True,40,2025-10-09T14:07:42.385349,2024-02-21T22:21:46,635,0,,,False,,,,GLPI discussion
jamf-3rd-party-patching-process,C06L4F6DPQ9,active,False,False,49,True,312,2025-01-10T14:45:50.997009,2024-02-20T18:19:55,636,0,2025-11-18T11:01:39.471990,2025-12-18T11:01:39.471990,False,warned,,,Thought I would create this channel to see how other admins are setting up their Patching Policies and smart groups.
points-améliorations-inet-system,C06MAP9TLS3,active,False,False,7,True,0,2025-11-18T11:31:06.802449,2024-03-04T10:25:41,624,0,,,False,,,,
immersed,C06MEK9ABPH,active,False,False,9,True,0,2025-11-18T11:31:07.183719,2024-03-04T20:48:46,623,0,2025-11-18T11:01:28.901835,2025-12-18T11:01:28.901835,False,warned,,"<https://immersed.com>
<https://immersed.com/faq>
<https://immersed.com/setup>","Join other Mac Admins virtually for work or fun. <https://immersed.com>, requires a headset [ META Quest 3/2, META Quest Pro, HTC Vive Focus 3 and Pico. BETA for Vision Pro incoming."
elevate24,C06NCJA9LGJ,active,False,False,36,True,26,2025-10-23T12:00:42.640479,2024-03-07T09:19:23,621,0,,,False,,,,Place to talk all things Elevate24 and Privilege Access Management. :elevator:
jamf-concepts-discussion,C06PS2SQM96,active,False,False,106,True,61,2025-09-17T22:27:20.018559,2024-03-12T11:48:14,616,0,,,False,,,"Jamf Admin Tools: Jamf Actions, Printer Manager, Jamf Sync | <https://concepts.jamf.com/>","Jamf Concepts are projects that extend the functionality of Jamf's existing products originally designed for a specific customer workflow, brought to all of Jamf customers. **They are not considered Jamf products.**"
jamf-compliance-editor,C06PX0MLKG9,active,False,False,393,True,8,2025-11-10T14:40:13.682599,2024-03-14T12:42:48,614,0,,,False,,,"For the dedicated Jamf Compliance Editor macOS Application and implementation of compliance controls. For discussions on the Jamf Pro Compliance Benchmarks, visit <#C09QTF2BV29> ",For discussion of the implementation of controls using Jamf Compliance Editor
jobrouter,C06Q71QK0B1,active,False,False,9,True,123,2025-07-18T07:54:06.845139,2024-03-21T08:32:16,607,0,2025-11-18T11:01:53.004475,2025-12-18T11:01:53.004475,False,warned,,,
terraform-provider-jamfpro,C06R172PUV6,active,False,False,373,True,0,2025-11-17T22:02:19.937599,2024-03-19T21:54:35,608,0,,,False,,,"Jamf Pro TF provider: Discuss the management of Jamf resources as code.
Training:
<https://github.com/deploymenttheory/terraform-training-jamfpro>
Quick-start demo: <https://github.com/deploymenttheory/terraform-demo-jamfpro-v2>",<https://github.com/deploymenttheory/terraform-provider-jamfpro>
art-support,C06SUS8GAUB,active,False,False,38,True,89,2025-08-20T19:03:35.437359,2024-04-04T18:21:44,592,0,,,False,,,,"For admins who support visual art users, regardless of context (education, design studio, etc.)."
psumac-speaker-alums,C06SZ1W34BX,active,False,False,80,True,53,2025-09-26T00:06:14.137139,2024-04-05T19:34:41,591,0,,,False,,,,Channel for former speakers of the MacAdmins Conference (<#C066MCBT2|>).  Welcome!
nexthink,C06TVK18WSD,active,False,False,189,True,1,2025-11-17T13:46:59.505409,2024-04-09T16:03:23,588,0,,,False,,,Latest macOS Collector version: 25.9.1.34,"Nexthink is a cross-platform remote monitoring, diagnostics, and performance platform.

This channel will focus on Nexthink and macOS, but feel free to ask about anything."
modtitanstickerclub,C06U7BB15EG,active,False,False,87,True,0,2025-11-18T15:52:46.824229,2024-04-12T22:39:23,584,0,,,False,,,Unofficial official discussion spot for the unofficially official Mod Titan Sticker Club.,"Support the MTSC and get packs of stickers: <https://ko-fi.com/modtitan/goal?g=0>

Forward <#C03G27DCDC4> donation receipts to <mailto:emily+stickers@macadmins.org|emily+stickers@macadmins.org> for sample/seconds sticker packs!"
numismatics,C06UHN5HP4M,active,False,False,5,True,0,2025-11-18T11:31:10.319639,2024-04-16T19:41:10,580,0,2025-11-18T11:02:53.095677,2025-12-18T11:02:53.095677,False,warned,,,
jamf-swiftpatch,C06UQPVL0UF,active,False,False,11,True,235,2025-03-27T20:11:10.905929,2024-04-19T14:55:25,578,0,2025-11-18T11:01:44.576485,2025-12-18T11:01:44.576485,False,warned,,<https://github.com/mhrono/swiftpatch>,
conferfly,C06VDTW4BLZ,active,False,False,7,True,25,2025-10-24T11:00:21.636119,2024-04-18T21:39:40,578,0,,,False,,,,
trading,C070FNG9BL5,active,False,False,4,True,252,2025-03-10T21:06:16.825509,2024-04-25T01:40:49,572,0,2025-11-18T11:04:28.682969,2025-12-18T11:04:28.682969,False,warned,,"Day Traders, Investors and The Rest of Us","Place where we can compare notes on platforms, approaches and solutions"
suno,C070U2Q0P62,active,False,False,5,True,0,2025-11-18T11:31:11.455739,2024-04-28T13:16:14,569,0,2025-11-18T11:04:10.857196,2025-12-18T11:04:10.857196,False,warned,,,
_the_admins,C072J3TL8P9,active,True,False,18,True,4,2025-11-13T20:17:15.125039,2024-05-10T20:12:51,556,0,,,False,,,,
psumac-playlist-2025,C072M3HTND6,active,False,False,48,True,161,2025-06-10T08:33:41.732109,2024-05-03T20:43:58,563,0,2025-11-18T11:03:27.325558,2025-12-18T11:03:27.325558,False,warned,,It's that time of year we're taking calls for the MacAdmins 2025 Conference playlist. Feel free to post text or links to song suggestions. Take a look at last year's playlist and feel free to make suggestions regarding removals. Thanks!,A place to make song suggestions to the MAcAdmins 2025 Conference playlist.
jobs-board-uk,C0735TSAHT7,active,False,False,261,True,3,2025-11-15T08:54:09.390609,2024-05-13T22:33:48,553,0,,,False,,,,Highlighting jobs for the UK market. Slack workflow from <#C0HFC4VHD|> will auto post jobs here. Same channel rules apply.
iq-app,C073NGQCNSY,active,False,False,98,True,0,2025-11-18T10:43:56.727219,2024-05-15T16:29:58,552,0,,,False,,,"Hello iQ User,

iQ integrates with Jamf Pro and Intune into a single pane of glass.

Search for iQ nDuo on your iOS App store or help test us it by downloading the TestFlight version:  <https://testflight.apple.com/join/Kfchj9V4>","Welcome to the iQ app community, by nDuo. We assist with any inquiries about our app, a revolutionary tool transforming MDM into straightforward visuals. It enables effortless, informed decision-making for businesses. JAMF Pro goes Mobile!"
superops,C073QMETZ8D,active,False,False,16,True,12,2025-11-06T07:23:57.960549,2024-05-16T18:11:21,550,0,,,False,,,,For discussing the use of <http://SuperOps.ai|SuperOps.ai>
jamf-beginners,C073YCP64JH,active,False,False,398,True,0,2025-11-17T20:32:41.861379,2024-05-17T22:33:23,549,0,,,False,,,Welcome!,This is a space for beginner Jamf Admins! Please be kind and try to help others when you can. Please take the extra time to explain your answers in this channel as to ensure a good learning experience for everyone.
opal-dev,C07411ZGYTV,active,False,False,14,True,18,2025-10-31T00:13:46.350039,2024-05-17T21:52:28,549,0,,,False,,,,Discuss <https://opal.dev> IGA tooling.
argue-with-kevin,C07489FC6JD,active,False,False,9,True,157,2025-06-13T22:39:36.896779,2024-05-17T01:34:33,550,0,2025-11-18T10:59:52.772642,2025-12-18T10:59:52.772642,False,warned,,,
xavier-mdm,C0752QW2344,active,False,False,11,True,5,2025-11-13T06:45:44.009579,2024-05-24T14:27:20,543,0,,,False,,,Channel to discuss the open source Xavier project. <https://github.com/jefferyabbott/Xavier>,Channel to discuss the open source Xavier project. <https://github.com/jefferyabbott/Xavier>
supportcompanion,C075C6ZFAJH,active,False,False,76,True,0,2025-11-18T12:35:12.948539,2024-05-28T16:28:13,539,0,,,False,,,"Latest version: 2.3.0.81036
Latest pre-release: 2.4.0.81065

<https://github.com/macadmins/supportcompanion>",Discussion channel for <https://github.com/macadmins/supportcompanion>
sdrum,C076CR35NV8,active,False,False,30,True,323,2024-12-30T07:29:05.164069,2024-06-03T21:54:27,532,0,2025-11-18T11:03:49.339183,2025-12-18T11:03:49.339183,False,warned,,<https://github.com/theahadub/sDrum>,"500+ lines of code to just run 1 line, Adobe RUM."
macos-15-sequoia,C076ZSMDDLP,active,False,False,4728,True,1,2025-11-17T10:04:38.834979,2024-06-10T18:21:04,525,0,,,False,,,"macOS Sequoia | Latest: 15.7.2 (24G325) | <https://support.apple.com/121011> | Security <https://support.apple.com/125635>
Join NDA chat to discuss beta versions: <https://macadmins.slack.com/archives/C9C47G4LU/p1691121981637409>",This channel is for discussing macOS Sequoia. Join NDA chat for beta talk.
apple-intelligence,C077BQQ6J5B,active,False,False,806,True,20,2025-10-28T17:57:31.292649,2024-06-10T19:07:52,525,0,,,False,,,,
jamf-setup-manager,C078DDLKRDW,active,False,False,1896,True,0,2025-11-17T22:20:19.152709,2024-06-12T08:54:46,524,0,,,False,,,Enrollment Workflow tool for Jamf <http://jamf.it/setup-manager|jamf.it/setup-manager>,
healthcheck,C078DHD29K7,active,False,False,14,True,34,2025-10-15T00:28:57.798159,2024-06-17T17:44:00,518,0,,,False,,,<https://github.com/AndrewMBarnett/HealthCheck>,"Health Check is a script to update progress with swiftDialog including Inventory, Policy Check In, Jamf Protect Check In. <https://github.com/AndrewMBarnett/HealthCheck>"
printix,C078SKPBA5S,active,False,False,16,True,0,2025-11-18T11:31:15.705359,2024-06-18T20:45:37,517,0,,,False,,,,
amazon-workspaces,C0798EV6221,active,False,False,47,True,140,2025-07-01T16:20:44.429609,2024-06-23T00:19:27,513,0,2025-11-18T10:59:44.035173,2025-12-18T10:59:44.035173,False,warned,,,"All things Amazon WorkSpaces. More info:
<https://aws.amazon.com/workspaces/>"
nerdstock,C079ZMM24V6,active,False,False,18,True,0,2025-11-18T11:31:16.305789,2024-06-22T17:46:18,513,0,2025-11-18T11:02:46.454743,2025-12-18T11:02:46.454743,False,warned,,"Coming in 2025, an outdoor gathering for Apple nerds in Snohomish Washington. Including camping, vintage Macs, and the best camaraderie anywhere :smiling_face_with_3_hearts:",
yeshid,C07A1DRLX1Q,active,False,False,24,True,186,2025-05-15T17:37:21.771129,2024-06-27T12:56:22,509,0,2025-11-18T11:04:57.097835,2025-12-18T11:04:57.097835,False,warned,,,"<http://YeshID.com|YeshID.com>: Dead-simple identity and access management. Streamline onboarding, offboarding, and access control with automated workflows. Easy compliance tracking. Compatible with all your products, no <https://sso.tax/> required."
ai-dev,C07AP3HUM4L,active,False,False,104,True,1,2025-11-16T21:02:55.573069,2024-07-01T23:42:34,504,0,,,False,,,,"Learn, use, and develop AI. Relevant links: <http://github.com/ml-explore|github.com/ml-explore> <http://fast.ai|fast.ai> <http://github.com/ujjwalkarn/Machine-Learning-Tutorials|github.com/ujjwalkarn/Machine-Learning-Tutorials>"
northeast_florida,C07BWGEARGA,active,False,False,22,True,130,2025-07-10T19:14:09.015219,2024-07-10T20:48:12,495,0,2025-11-18T11:02:50.967928,2025-12-18T11:02:50.967928,False,warned,,,
orka,C07C0HA8Y30,active,False,False,63,True,47,2025-10-02T14:42:17.939119,2024-07-12T15:19:13,494,0,,,False,,,,"Talk about Orka from MacStadium.
Orka is the macOS virtualization platform that seamlessly transitions from local development, testing, and execution with Orka Deskop to enterprise orchestration with Orka Cluster."
chippewa,C07CHA0P50B,active,False,False,7,True,252,2025-03-10T21:07:08.267029,2024-07-15T18:48:06,490,0,2025-11-18T11:00:22.493898,2025-12-18T11:00:22.493898,False,warned,,,"Created this channel following the 2024 Mac Admins conference at Penn State.

Hoping to utilize this channel to provide light support of our tools [such as Gustave] as well as news and updates regarding said tools!"
okta-device-access,C07D73G7K45,active,False,False,417,True,0,2025-11-18T17:10:03.576729,2024-07-19T23:42:37,486,0,,,False,,,,For more info: <https://www.okta.com/products/device-access/>
_maf-slackadmin-board-comms,C07DM2HG4JZ,active,True,False,23,True,0,2025-11-18T16:53:05.501869,2024-07-23T17:32:25,482,0,,,False,,,"""Some humans would do anything to see if it was possible to do it. If you put a large switch in some cave somewhere, with a sign on it saying ""End-of-the-World Switch. PLEASE DO NOT TOUCH,"" the paint wouldn't even have time to dry.""","To enable communication between the Mac Admins Slack admin team and the MAF board. Intended for incident communications, i.e. Board or Admins need to establish communication with the opposite entity as quickly as possible. NOT for policy discussion."
jamf-api-python-sdk,C07DQJMA55L,active,False,False,51,True,2,2025-11-15T18:51:17.259219,2024-07-24T20:00:08,481,0,,,False,,,,
swifai,C07E4JGM36F,active,False,False,8,True,36,2025-10-13T15:10:07.212009,2024-07-25T23:52:52,480,0,,,False,,,,
patcher,C07EH1R7LB0,active,False,False,38,True,12,2025-11-05T22:59:37.320939,2024-07-30T13:53:57,476,0,,,False,,,,"A CLI tool for MacAdmins to export patch management data to excel and PDF documents.

GitHub repository: <http://github.com/liquidz00/Patcher|github.com/liquidz00/Patcher>
Documentation: <https://patcher.liquidzoo.io>"
sofa-rss-feed,C07EPPZ4TPV,active,False,False,199,True,0,2025-11-18T12:07:34.348249,2024-07-30T14:31:29,476,0,,,False,,,RSS feed only. For discussion about SOFA itself visit <#C0224B1QUSK|>,"This channel reads the RSS feed for SOFA, so provides timely updates whenever macOS and iOS/iPadOS updates are released, as well as new XProtect version releases. Note that beta releases are not published here."
asbis,C07FJC1V1BQ,active,False,False,5,True,214,2025-04-17T21:33:40.355549,2024-08-06T15:52:39,469,0,2025-11-18T10:59:54.032140,2025-12-18T10:59:54.032140,False,warned,,,
ntp,C07FM90KR4J,active,False,False,7,True,0,2025-11-18T11:31:19.792099,2024-08-06T00:32:06,469,0,,,False,,,,Discussions of NTP (Network Time Protocol) especially as it relates to macOS administration (SNTP).
qualys,C07G050UARH,active,False,False,96,True,0,2025-11-17T18:32:12.545479,2024-08-08T01:21:43,467,0,,,False,,,,
jamf-support,C07GASNEJ6B,active,False,False,94,True,4,2025-11-13T22:45:44.709449,2024-08-13T16:44:48,462,0,,,False,,,"For Jamf help, the best place to start is <#C04QVP86E|>",
moki-mdm,C07GTR6G3QT,active,False,False,7,True,0,2025-11-18T11:31:20.794999,2024-08-14T01:26:04,461,0,2025-11-18T11:02:37.805940,2025-12-18T11:02:37.805940,False,warned,,Learn about or ask questions about Moki MDM! <https://moki.com>,"Moki MDM is a multi platform management tool that allows you to manage a fleet of devices at scale in retail, and SMB environments."
jamf-support-1723563893,C07GTTT9RRS,active,False,False,4,True,252,2025-03-10T21:07:33.882119,2024-08-13T16:44:53,462,0,2025-11-18T11:01:44.138401,2025-12-18T11:01:44.138401,False,warned,,,
island-browser,C07H2EENLGK,active,False,False,47,True,112,2025-07-29T08:48:25.187989,2024-08-15T14:36:24,460,0,2025-11-18T11:01:35.998238,2025-12-18T11:01:35.998238,False,warned,,,
subaru,C07H37MJQR1,active,False,False,4,True,252,2025-03-10T21:07:38.471769,2024-08-15T16:48:19,460,0,2025-11-18T11:04:09.951975,2025-12-18T11:04:09.951975,False,warned,,,
xcode-simulators,C07H9LC4CGZ,active,False,False,15,True,0,2025-11-18T11:31:21.965489,2024-08-14T14:54:15,461,0,,,False,,,,
mosyle-ipad,C07HLTTAND7,active,False,False,43,True,225,2025-04-07T05:20:00.383059,2024-08-16T14:21:55,459,0,2025-11-18T11:02:39.596784,2025-12-18T11:02:39.596784,False,warned,,,
korean,C07J9NV4M5L,active,False,False,8,True,0,2025-11-18T11:31:22.575279,2024-08-26T08:54:48,449,0,2025-11-18T11:01:59.704962,2025-12-18T11:01:59.704962,False,warned,,,한국인 오시면 깨워주세요.. <@U07J95X0TAA>
servo,C07JMUG3LCS,active,False,False,5,True,214,2025-04-17T21:48:55.122829,2024-08-27T06:52:17,448,0,2025-11-18T11:03:53.752175,2025-12-18T11:03:53.752175,False,warned,,The Open Source Service Management System for Authorized Apple Service Providers,Welcome!
retro,C07JMUZ2Q82,active,False,False,6,True,214,2025-04-17T21:48:12.235879,2024-08-27T06:57:35,448,0,2025-11-18T11:03:36.011225,2025-12-18T11:03:36.011225,False,warned,,Everything was better back then,Come on in and reminisce about the good old days!
oktane24,C07JRN8KP6E,active,False,False,94,True,379,2024-11-04T15:56:28.564799,2024-08-27T18:35:17,447,0,2025-11-18T11:02:59.208123,2025-12-18T11:02:59.208123,False,warned,,,
compliancespotter,C07K4PNHKQF,active,False,False,8,True,15,2025-11-03T00:26:26.457709,2024-09-02T16:15:57,442,0,,,False,,,<https://www.agnosys.com/mcs-en/>,Discussion about the tool macOS Compliance Spotter by Agnosys
munki-promoter,C07KM2K9HT2,active,False,False,10,True,55,2025-09-24T11:12:14.787159,2024-08-28T18:30:22,446,0,,,False,,,Channel for discussion of munki-promoter. <https://github.com/jc0b/munki-promoter>,Channel for discussion of munki-promoter. <https://github.com/jc0b/munki-promoter>
czech-admins,C07L41053B8,active,False,False,13,True,54,2025-09-25T08:24:37.390399,2024-09-06T17:17:13,438,0,,,False,,,,:flag-cz: Pro adminy z Česka
launchpad-management,C07L5DRTM3J,active,False,False,6,True,222,2025-04-10T17:26:24.778099,2024-09-02T06:15:09,442,0,2025-11-18T11:02:02.599274,2025-12-18T11:02:02.599274,False,warned,,Discussion on managing Launchpad items.,Discussion on managing Launchpad items.
hamina,C07LASMQ53K,active,False,False,25,True,91,2025-08-19T16:40:24.071759,2024-09-04T19:17:09,439,0,,,False,,,,"A place to ask questions to other <http://Hamina.com|Hamina.com> users. Dan Jones is in here, so just @ him if you need help!

<http://Hamina.com/demo|Hamina.com/demo>"
samedaysupport,C07MAMKLZJ4,active,False,False,5,True,53,2025-09-25T20:58:41.579699,2024-09-09T21:55:38,434,0,,,False,,,,
help-windows-intune-admins,C07MR4SRP6H,active,False,False,93,True,1,2025-11-17T10:05:16.586009,2024-09-17T18:40:25,426,0,2025-11-18T11:01:21.794708,2025-12-18T11:01:21.794708,False,warned,,,For fellow Intune admins to bounce ideas off of and Help each other out
twocanoes-dfu-blaster,C07MRP4CYE9,active,False,False,281,True,0,2025-11-18T17:06:49.256519,2024-09-17T20:33:47,426,0,,,False,,,,"<https://twocanoes.com/products/mac/dfu-blaster/>
Builds - <https://bitbucket.org/twocanoes/dfu-blaster-public/downloads/>"
buffalo,C07N344JWPR,active,False,False,12,True,6,2025-11-12T15:05:03.230849,2024-09-22T21:34:17,421,0,,,False,,,"Organizing MacAdmin folk in Buffalo, NY and surrounding areas ",
microsoft-defender-office365,C07P0JN7MMM,active,False,False,49,True,126,2025-07-14T23:33:57.562059,2024-09-27T20:05:13,416,0,2025-11-18T11:02:31.513952,2025-12-18T11:02:31.513952,False,warned,,,questions and forum help around MDO
macoslaps-sequoia,C07PJNE7UGM,active,False,False,27,True,252,2025-03-10T21:08:20.201589,2024-09-30T10:21:24,414,0,2025-11-18T11:02:20.282166,2025-12-18T11:02:20.282166,False,warned,,,
microsoft-defender-cloudapps,C07PTRKP00H,active,False,False,37,True,354,2024-11-29T09:21:00.052349,2024-09-27T20:06:34,416,0,2025-11-18T11:02:30.617422,2025-12-18T11:02:30.617422,False,warned,,,"Microsoft Defender for Cloud Apps: protection for SaaS applications <http://security.microsoft.com|security.microsoft.com>
- this is a slack channel for discussion around defender for cloud..."
nudge-auto-updater,C07Q0BF6403,active,False,False,62,True,0,2025-11-18T12:21:58.175619,2024-10-02T09:36:26,412,0,,,False,,,Channel for discussion of nudge-auto-updater. <https://github.com/jc0b/nudge-auto-updater>,Channel for discussion of nudge-auto-updater. <https://github.com/jc0b/nudge-auto-updater>
jasper-app,C07Q24A9XEK,active,False,False,65,True,204,2025-04-28T00:35:28.988069,2024-10-04T20:09:51,409,0,2025-11-18T11:01:48.145982,2025-12-18T11:01:48.145982,False,warned,,Jasper was a companion app for Jamf Pro administrators and operators. Its code is available on GitHub: <https://github.com/brysontyrrell/Jasper>,Jasper is a companion app for Jamf Pro administrators and operators. Quickly search and view your device inventory across multiple Jamf Pro servers.
aviation,C07Q4N4M8DA,active,False,False,12,True,74,2025-09-05T16:27:34.790819,2024-10-02T15:34:17,412,0,,,False,,,,To connect and collaborate with Mobile Apple Admins in the Aviation Airline industry.
black-it-admins,C07QADNBL9F,active,False,False,9,True,76,2025-09-02T19:35:05.150669,2024-10-01T20:40:35,412,0,,,False,,,,For African-American IT Admins
neurodivergent-macadmins,C07QPQU8WQH,active,False,False,27,True,33,2025-10-15T21:25:24.815709,2024-10-03T22:44:31,410,0,,,False,,,,"The intention is provide safe space for those of us who are both Macadmins and somewhere on the ND spectrum. Vent, share, celebrate, question, challenge... Be your freaky, Apple-loving self!"
primo,C07RAQX8M8X,active,False,False,7,True,0,2025-11-18T11:31:28.612079,2024-10-14T13:08:55,400,0,,,False,,,"Any questions, comments &amp; feedback about Primo","Primo is a new ITOps platform combining device management (procurement, inventory and MDM) and SaaS management (provisioning, group management etc.) with the goal of centralising IT, giving you visibility, and keeping your IT in sync with your HR."
conductorone,C07RTDRRJVC,active,False,False,33,True,131,2025-07-09T18:37:42.818299,2024-10-15T20:04:18,398,0,2025-11-18T11:00:32.036905,2025-12-18T11:00:32.036905,False,warned,,Modern IGA - <https://www.conductorone.com/>,Modern IGA - <https://www.conductorone.com/>
reenroll,C07RWK4QETB,active,False,False,13,True,0,2025-11-18T11:31:29.378519,2024-10-11T17:40:34,402,0,,,False,,,,
vendor-announce,C07SDTVU2LA,active,False,False,71,True,4,2025-11-13T18:52:39.736179,2024-10-17T21:38:14,396,0,,,False,,,Did you make something and want the world to know about it? Tell us about it! Commercial activity is permitted in this channel.,Did you or your company make something and want the world to know about it? Tell us about it! Commercial activity is permitted in this channel.
blueskysocial,C07SPQ6L25U,active,False,False,16,True,40,2025-10-09T15:50:10.875799,2024-10-22T00:16:50,392,0,,,False,,,Not the bad place. ,Connect with other Apple admins on Bluesky.
jamfcloudorintune,C07TB69CPM2,active,False,False,6,True,82,2025-08-27T18:03:04.564949,2024-10-23T23:16:55,390,0,,,False,,,,Jamf vs Intune
alectrona-patch-rss-feed,C07TWNUCGGP,active,False,False,28,True,18,2025-10-30T18:02:36.364719,2024-10-31T13:52:08,383,0,,,False,,,"<https://patchdocs.alectrona.com/release-notes/rss.xml>
<https://software.alectrona.com/patch/software.xml>",
truu,C07U1R0JT4J,active,False,False,6,True,0,2025-11-18T11:31:31.652609,2024-10-29T22:04:29,384,0,2025-11-18T11:04:29.967773,2025-12-18T11:04:29.967773,False,warned,,"A place to discuss TruU, more specifically the Mac Authenticator and its Account Creation capabilities.",<https://docs.truu.ai/docs/ma-configuration-options>
action1,C07V7TL32HW,active,False,False,53,True,11,2025-11-07T16:30:52.870599,2024-11-01T21:38:28,381,0,,,False,,,,"Action1 users channel. Patch management, vulnerability management, software deployment, and more."
jamf-sync,C08021FSKHV,active,False,False,42,True,40,2025-10-09T11:48:28.970799,2024-11-12T11:34:02,371,0,,,False,,,,
goguardian,C080K75H69L,active,False,False,9,True,0,2025-11-18T11:31:32.728349,2024-11-13T20:03:54,369,0,,,False,,,,
privileges,C0818ED1D4M,active,False,False,535,True,0,2025-11-18T14:57:00.823239,2024-11-18T14:11:46,365,0,,,False,,,<https://github.com/SAP/macOS-enterprise-privileges>,"channel to discuss Privileges, the tool from SAP macOS Enterprise"
canberra-appleadmins,C081E6TJNM9,active,False,False,16,True,0,2025-11-18T11:35:07.303859,2024-11-18T23:45:50,364,0,2025-11-18T11:00:17.149662,2025-12-18T11:00:17.149662,False,warned,,,
windows-workspaceone,C081HMKH0FK,active,False,False,70,True,13,2025-11-05T07:03:49.176119,2024-11-16T00:57:16,367,0,,,False,,,,"Community knowledge sharing and product feedback for windows management!  <https://techzone.omnissa.com> | New support portal: <https://customerconnect.omnissa.com/dashboard>
Feature Requests:   <http://bit.ly/WS1FR>"
border0,C081S9JGQNL,active,False,False,12,True,0,2025-11-18T11:31:33.909219,2024-11-15T18:01:16,367,0,2025-11-18T11:00:11.326813,2025-12-18T11:00:11.326813,False,warned,,,<http://Border0.com|Border0.com> - Next-Gen ZTA with PAM
jobs-board-emea,C081XCAPA0Z,active,False,False,118,True,2,2025-11-15T21:19:08.195439,2024-11-19T17:03:47,364,0,,,False,,,"Post jobs in EMEA region (w/ pay, location [incl. remote/telecommute], relo assistance, etc.) or LinkedIn profiles if available for hire. Please keep questions or other chatter in threads :speech_balloon:  or in <#C060PU4T1|>. :thank_you:",
kubernetes,C0827SUAG1X,active,False,False,8,True,6,2025-11-12T01:18:33.323649,2024-11-21T09:49:30,362,0,,,False,,,,
middle-east,C082VPJQRUJ,active,False,False,11,True,151,2025-06-20T11:33:44.306229,2024-11-28T12:12:48,355,0,2025-11-18T11:02:33.864579,2025-12-18T11:02:33.864579,False,warned,,,
tracecat,C082WMEGMEF,active,False,False,6,True,252,2025-03-10T21:09:15.862909,2024-11-28T16:09:44,355,0,2025-11-18T11:04:28.222992,2025-12-18T11:04:28.222992,False,warned,,<https://docs.tracecat.com/introduction>,
backupta,C083VSY9WP8,active,False,False,17,True,32,2025-10-17T17:06:12.851319,2024-12-06T21:51:35,346,0,,,False,,,,Channel for customers of Backupta or folks that have questions about it.
security-research,C084F2B8PUK,active,False,False,40,True,191,2025-05-11T17:28:18.649549,2024-12-10T11:51:47,343,0,2025-11-18T11:03:51.414659,2025-12-18T11:03:51.414659,False,warned,,Everything <https://security.apple.com> ,"Presently examining malicious misuse of Apple’s Private Cloud Compute Virtual Research Environment (PCC VRE) to hijack Apple IDs and their associated data/devices into an Apple PCC VRE under the control of a resourced, sophisticated aggressor."
soccer,C08533076TG,active,False,False,13,True,11,2025-11-07T12:57:20.971489,2024-12-16T12:38:43,337,0,,,False,,,staying humble,"A place to talk about the beautiful game.
News, opinions, banter, hyperbole, you know the drill"
halopsa,C085RR6VCDQ,active,False,False,49,True,0,2025-11-18T10:38:25.204869,2024-12-19T00:04:37,334,0,,,False,,,,To discuss and share the use of HaloPSA in Apple focussed MSP and internally for ITSM.
sficons,C086HFUJKQX,active,False,False,23,True,217,2025-04-14T23:52:31.606289,2024-12-31T17:39:58,321,0,2025-11-18T11:03:54.656509,2025-12-18T11:03:54.656509,False,warned,,"Current: 1.3 | Easily make internal use icons (Self Service, etc) from SF Symbols | <https://github.com/aanklewicz/SFIcons>",
test-brightcove,C087LQ0FBM4,active,False,False,5,True,0,2025-11-18T11:31:36.710769,2025-01-08T16:22:42,314,0,2025-11-18T11:04:17.479761,2025-12-18T11:04:17.479761,False,warned,,,
jumpcloud-finland-user-group,C088FUSGSLR,active,False,False,6,True,0,2025-11-18T11:31:37.101249,2025-01-10T08:22:49,312,0,2025-11-18T11:01:54.331351,2025-12-18T11:01:54.331351,False,warned,,,
fetc,C088VF35WU9,active,False,False,5,True,0,2025-11-18T11:31:37.478589,2025-01-13T23:28:42,308,0,2025-11-18T11:00:59.955755,2025-12-18T11:00:59.955755,False,warned,,,For macadmins that are attending FETC (Future of Education Technology Conference) ‘25
planning-soft,C088Y36ED8U,active,False,False,4,True,252,2025-03-10T21:09:36.715849,2025-01-16T00:09:01,306,0,2025-11-18T11:03:14.405558,2025-12-18T11:03:14.405558,False,warned,,,
patchmypc,C089QG4F7T3,active,False,False,39,True,180,2025-05-22T17:10:07.219619,2025-01-20T00:19:46,302,0,2025-11-18T11:03:08.984710,2025-12-18T11:03:08.984710,False,warned,,,
selfserviceplus,C089SC6AJ10,active,False,False,81,True,6,2025-11-12T15:49:33.812389,2025-01-22T13:52:37,300,0,,,False,,,,
jamf-self-service-plus,C08AH77QBHB,active,False,False,863,True,0,2025-11-18T14:01:57.355829,2025-01-28T08:56:42,294,0,,,False,,,Current build: 2.13.0 <https://learn.jamf.com/en-US/bundle/self-service-plus-documentation/page/Self_Service_Plus_for_macOS_Release_Notes.html>,"Discussions about the new Jamf Self Service+ App
What is nice?
What can be better?"
plist,C08B1JSSV09,active,False,False,16,True,0,2025-11-18T11:31:39.040189,2025-01-28T17:37:37,293,0,,,False,,,,Discussion of plist-related topics
ploy,C08B99EPTKR,active,False,False,6,True,252,2025-03-10T21:09:48.564099,2025-02-04T14:32:16,287,0,2025-11-18T11:03:14.874386,2025-12-18T11:03:14.874386,False,warned,,,
docontrol,C08BFC4KU0H,active,False,False,13,True,20,2025-10-28T23:10:52.266459,2025-01-30T20:14:07,291,0,,,False,,,,Stay up to date on the latest trends in Google Workspace security and DLP.
linewize,C08BYFQ25NX,active,False,False,30,True,6,2025-11-12T14:08:46.593729,2025-02-05T19:31:48,285,0,,,False,,,<https://help.linewize.com/hc/en-gb/articles/14842082782876-Connect-for-macOS-Release-Notes>,
student-account-script,C08D6UZ745P,active,False,False,5,True,221,2025-04-10T17:36:14.324269,2025-02-11T19:23:10,279,0,2025-11-18T11:04:09.501040,2025-12-18T11:04:09.501040,False,warned,,,"Hello all, Im a music teacher who's been given budget for and purchased a new Mac suite (Mac Mini M4s, 24gb RAM).
Looking for help scripting user account creation without MDM, specifics in message below"
maf-exec,C08EN2MHQF5,active,True,False,7,True,1,2025-11-16T19:49:43.842389,2025-02-23T21:09:00,267,0,,,False,,,"Executive Committee of the Mac Admins Foundation | Current next meeting to be scheduled March 6-10, 2025",
drones,C08F09KFVEG,active,False,False,5,True,13,2025-11-05T13:37:28.946339,2025-02-25T12:48:49,266,0,,,False,,,,
managedapp,C08FHGWSY5D,active,False,False,114,True,19,2025-10-30T03:35:59.291859,2025-03-03T21:44:29,259,0,,,False,,,,"The ManagedApp.framework provides admin-provisioned config and secrets (passwords, certs, identities) directly to managed apps and extensions."
unthread,C08G76YKEA0,active,False,False,8,True,0,2025-11-18T11:31:41.707019,2025-03-04T18:15:52,258,0,2025-11-18T11:04:35.782633,2025-12-18T11:04:35.782633,False,warned,,Anything related to the AI ITSM platform <http://unthread.io|unthread.io>,
rocketman-command-center,C08GJ3CTS5B,active,False,False,85,True,27,2025-10-22T09:58:11.869569,2025-03-07T03:13:18,256,0,,,False,,,,
apple-enterprise,C08GV0HGJUF,active,False,False,115,True,10,2025-11-07T22:12:12.898889,2025-03-11T23:31:37,251,0,,,False,,,<https://www.apple.com/business/enterprise/resources/>,
mosyle-msp,C08GWPDEXU1,active,False,False,68,True,28,2025-10-20T20:32:00.590059,2025-03-07T00:09:27,256,0,,,False,,,"A place to discuss topics specific to the Mosyle MSP Fuse platform or using Mosyle as an MSP.

For general Mosyle questions/comments, try sticking with the <#C1YV1CJSJ|> channel so that all admins can benefit.",
zipperit,C08HDPPN495,active,False,False,2,True,34,2025-10-15T17:25:33.278339,2025-03-15T02:01:35,248,0,,,False,,,,<http://zipperit.io|zipperit.io>
raleigh-apple-admins,C08HJ9GN2UV,active,False,False,23,True,34,2025-10-15T17:17:24.468299,2025-03-13T13:27:10,250,0,,,False,,,Planning upcoming virtual and in person meet! Waiting on logistics from Jamf to get the ball rolling. Stay tuned!,"Welcome to Raleigh Apple Admins! A place to connect with other Mac Admins and IT professionals in the area to talk about pain points we’re experiencing, successes\failures, do some networking, and just cut loose for a bit.

Bring your friends!"
softwareupdate,C08HXN36CHW,active,False,False,48,True,34,2025-10-15T03:47:20.925899,2025-03-11T20:35:34,251,0,,,False,,,,
loon_guard_rss_feed,C08LADHS6NQ,active,False,False,1,True,221,2025-04-11T09:38:07.042609,2025-04-01T12:09:06,231,0,2025-11-18T11:02:09.283482,2025-12-18T11:02:09.283482,False,warned,,,
fluent-bit,C08LF5Q4HNK,active,False,False,2,True,221,2025-04-11T09:38:07.361669,2025-04-04T20:27:50,227,0,2025-11-18T11:01:01.747849,2025-12-18T11:01:01.747849,False,warned,,,
cincy-k12-area,C08MN33R65U,active,False,False,8,True,6,2025-11-11T20:16:15.773749,2025-04-11T20:32:28,220,0,,,False,,,,
watchguard,C08MQAY3SQG,active,False,False,3,True,221,2025-04-11T09:38:08.015299,2025-04-07T12:08:43,225,0,2025-11-18T11:04:44.974744,2025-12-18T11:04:44.974744,False,warned,,,Newest version 3/27-2025 : WatchGuard Mobile VPN with SSL Installer V713343
wisconsin,C08MWH6EDLN,active,False,False,10,True,20,2025-10-28T21:45:09.402869,2025-04-14T18:32:30,217,0,,,False,,,,
smplify,C08NGPCRGDV,active,False,False,4,True,0,2025-11-18T11:31:45.264429,2025-04-21T00:17:58,211,0,,,False,,,,"A very interesting offering, coming soon."
cle-k12-area,C08NHGYP8CQ,active,False,False,11,True,6,2025-11-11T20:16:50.802419,2025-04-11T20:28:19,220,0,,,False,,,,
loonsecio,C08NK986KE2,active,False,False,1,True,181,2025-05-20T19:51:21.625579,2025-04-18T20:14:28,213,0,2025-11-18T11:02:09.724113,2025-12-18T11:02:09.724113,False,warned,,,Slack Channel for the Apple and MDM integrations hosted by LoonSecIo ( <https://loonsecio.com> )
identity,C08P04MH4HW,active,False,False,7,True,0,2025-11-18T11:31:46.169599,2025-04-15T22:55:28,216,0,,,False,,,,A channel dedicated to everything Identity.
freegames-prime,C08PGD4GY1M,active,False,False,16,True,0,2025-11-18T11:31:46.523649,2025-04-28T04:19:26,204,0,,,False,,,"It's <#C881JT3V2|>, but if you have an Amazon Prime subscription.",Pulls the Amazon Prime games feed from this project: <https://github.com/eikowagenknecht/lootscraper>
basketball,C08PTNVQHJM,active,False,False,3,True,124,2025-07-16T19:38:36.977559,2025-04-24T03:52:27,208,0,2025-11-18T11:00:01.187095,2025-12-18T11:00:01.187095,False,warned,,,
tariff-preppers,C08Q3SDCX0T,active,False,False,20,True,0,2025-11-18T11:31:47.128619,2025-04-28T16:38:11,204,0,,,False,,,,"""coffeekomrade: The coming scarcity isn’t political. It’s going to affect everyone."""
exclaimer-signatures,C08Q8LZAZFZ,active,False,False,7,True,5,2025-11-13T16:42:43.535949,2025-05-02T14:00:32,200,0,,,False,,,,
apple-screenshots-for-admins,C08QUKH1EM6,active,False,False,96,True,41,2025-10-07T20:55:08.724869,2025-04-29T15:14:11,203,0,,,False,,,"Clean, full resolution screenshots for you to use. Check the bookmark tabs.",
new-emojis,C08QY8DUSCV,active,False,False,36,True,0,2025-11-18T10:00:46.454359,2025-05-05T21:11:57,196,0,,,False,,,,Automated alert when an emoji is added to the MacAdmins Slack instance.  (Note: deletions are not announced).
adobereader,C08R6A3MC82,active,False,False,4,True,6,2025-11-12T14:57:32.542309,2025-05-06T15:41:27,196,0,,,False,,,,
nextcloud,C08RQ6R9PFV,active,False,False,10,True,0,2025-11-18T11:31:48.492559,2025-05-09T12:26:15,193,0,,,False,,,,
cloud-autopkg-runner,C08RSLCDSQ5,active,False,False,15,True,0,2025-11-18T03:42:12.140119,2025-05-11T19:00:41,190,0,,,False,,,,
network-relay,C08S3F6V163,active,False,False,46,True,50,2025-09-29T08:18:06.578529,2025-05-15T11:36:24,187,0,,,False,,,,"Discussions on Network Relay, NERelay &amp; MASQUE technology on Apple platforms."
loonvd-rss,C08SPGU4CMT,active,False,False,5,True,0,2025-11-18T11:31:49.360139,2025-05-16T15:51:58,186,0,2025-11-18T11:02:10.183393,2025-12-18T11:02:10.183393,False,warned,,"You get a vulnerability, you get a vulnerability, everyone gets a vulnerability","A channel for Automated Alerts for Vulnerabilities on MacOS, excluding the Operating System ( <#C07EPPZ4TPV|>) Discussions in the <#C08NK986KE2|>"
munki-mscp-generator,C08T2UMQ760,active,False,False,4,True,113,2025-07-28T10:43:09.109819,2025-05-19T12:41:04,183,0,2025-11-18T11:02:41.335163,2025-12-18T11:02:41.335163,False,warned,,Channel for discussion of munki-mscp-generator: <https://github.com/jc0b/munki-mscp-generator>,Channel for discussion of munki-mscp-generator: <https://github.com/jc0b/munki-mscp-generator>
notloonsec,C08T9MSG2LU,active,False,False,2,True,0,2025-11-18T11:31:50.024629,2025-05-20T14:56:01,182,0,2025-11-18T11:02:52.246484,2025-12-18T11:02:52.246484,False,warned,,,
shared-signals-framework,C08TPPGPREX,active,False,False,8,True,69,2025-09-09T20:29:12.638229,2025-05-25T15:25:20,177,0,,,False,,,,
lucid,C08TU1XPF5J,active,False,False,5,True,0,2025-11-18T11:31:50.655799,2025-05-23T11:55:08,179,0,,,False,,,,
2ef5a227-7120-4365-906b-6028b68bcb41-old,C08UDEC1VV1,active,False,False,2,True,26,2025-10-22T19:24:04.290149,2025-05-29T20:43:02,172,0,,,False,,,,
macos-26-tahoe,C0908H0M91N,active,False,False,2596,True,0,2025-11-18T16:11:55.234979,2025-06-02T11:51:50,169,0,,,False,,,macOS Tahoe | Latest: 26.1 (25B78) | What's New <https://support.apple.com/122868> | Enterprise <https://support.apple.com/124963> | Security <https://support.apple.com/125634>,
amplifier-security,C09095UC74N,active,False,False,27,True,20,2025-10-28T22:32:27.397129,2025-06-07T21:44:29,163,0,,,False,,,How we can elevate employee experience + end user security!,<https://www.amplifiersecurity.com/integrations/jamf>
oktane25,C0912M1AGJE,active,False,False,106,True,47,2025-10-01T20:21:22.869399,2025-06-11T20:19:56,159,0,,,False,,,Everything :okra:,
ravenna,C0933CASW4S,active,False,False,25,True,12,2025-11-06T06:45:02.769269,2025-06-25T22:58:48,145,0,,,False,,,Place to discuss anything related to <https://ravenna.ai/>,Place to discuss anything related to <https://ravenna.ai/>
new-zealand-aotearoa,C093J7MGQAZ,active,False,False,28,True,47,2025-10-02T04:16:07.639569,2025-06-30T00:41:30,141,0,,,False,,,,:flag-nz:
inventory-test,C093KCL1732,active,False,False,1,True,142,2025-06-29T08:12:19.381919,2025-06-25T00:28:42,146,0,2025-11-18T11:01:32.938829,2025-12-18T11:01:32.938829,False,warned,,,
cis-benchmark,C093LKBL51A,active,False,False,28,True,50,2025-09-29T07:13:37.794649,2025-06-29T17:38:26,141,0,,,False,,,,
microsoft-purview,C0947MUQ4SH,active,False,False,18,True,0,2025-11-18T13:26:03.896709,2025-07-03T16:29:56,138,0,,,False,,,DLP baby,"<https://learn.microsoft.com/en-us/purview/>
discussion - questions - support for purview DLP from Microsoft"
psu-ramada,C09523SVBMZ,active,False,False,20,True,0,2025-11-18T11:31:53.695409,2025-07-10T15:12:34,131,0,,,False,,,,"Use to organize ride shares, brewery outings, water polo matches, etc."
acn-tech-summit-2025,C095SS9A077,active,False,False,88,True,38,2025-10-10T21:37:47.633269,2025-07-15T05:42:10,126,0,,,False,,,San Jose 12-14 July 2025,Relevant information for the summit in one place to not pollute the ACN channel too much
dungeons-and-admins,C0963BGD4BB,active,False,False,5,True,0,2025-11-18T11:31:54.345609,2025-07-14T14:43:17,127,0,,,False,,,,
ohiomacadmins,C096DEVMLSG,active,False,False,44,True,0,2025-11-18T17:07:25.028999,2025-07-17T22:37:45,123,0,,,False,,,Channel for the Ohio macAdmins meetup group.  Meeting cadence TBD,Channel for the Ohio meetup group.  Founded 07/17/25
macdevopsphl,C096DKGG7M3,active,False,False,5,True,104,2025-08-06T08:44:32.061629,2025-07-18T14:22:40,123,0,2025-11-18T11:02:16.914167,2025-12-18T11:02:16.914167,False,warned,,,
coloradomacadmins,C096GJH0WTX,active,False,False,22,True,5,2025-11-12T22:02:04.428329,2025-07-19T02:30:10,122,0,,,False,,,,
network-share-mounter,C096GLP2TJ8,active,False,False,13,True,0,2025-11-18T17:27:40.203709,2025-07-18T13:49:44,123,0,,,False,,,<https://gitlab.rrze.fau.de/faumac/networkShareMounter/>,"Channel for questions and announcements related to the Network Share Mounter (<https://gitlab.rrze.fau.de/faumac/networkShareMounter>)
+ RSS feed with releases and updates"
appsanywhere,C096L2X69UG,active,False,False,4,True,6,2025-11-12T15:01:40.557259,2025-07-15T18:00:40,125,0,,,False,,,,
goodnews,C096NLDM4TY,active,False,False,80,True,17,2025-11-01T16:15:07.003289,2025-07-21T15:57:04,120,0,,,False,,,Where good news is shared to brighten everybody's day (especially if you spend too much time in <#CPLNLJESK|>).,"Post your Good News here, or use the :goodnews: emoji for automated fun!"
mac-admins-latam,C096V1B5TJQ,active,False,False,37,True,0,2025-11-18T15:33:36.767549,2025-07-21T21:58:33,119,0,,,False,,,,"Jamf user group for users based in LATAM - Drop your flags:
:flag-do: :flag-mx: :flag-br: :flag-co::flag-ar::flag-ve::flag-cu:"
football,C0972G5MLU9,active,False,False,3,True,104,2025-08-06T08:44:33.935829,2025-07-21T05:57:51,120,0,2025-11-18T11:01:02.669316,2025-12-18T11:01:02.669316,False,warned,,,
mac-health-check,C0977DRT7UY,active,False,False,253,True,0,2025-11-18T17:04:54.867559,2025-07-19T01:51:17,122,0,,,False,,,Current: 2.6.0 • MDM-agnostic: 3.0.0b38,Mac Health Check provides a practical and user-friendly approach to surfacing Mac compliance information directly to end-users via Jamf Pro Self Service.
serval,C097SSW4E8Z,active,False,False,13,True,0,2025-11-18T11:31:57.158119,2025-07-24T23:10:41,116,0,,,False,,,,
cs50,C097Z79EZB3,active,False,False,8,True,85,2025-08-25T00:06:35.405529,2025-07-25T23:14:30,115,0,,,False,,,,
workshop,C0983R7JE9L,active,False,False,57,True,5,2025-11-12T17:56:08.885039,2025-07-30T17:50:30,110,0,,,False,,,<https://northpole.security>,Channel for discussion and support with North Pole Security's Workshop
1password-msp,C0995TCMW4D,active,False,False,44,True,73,2025-09-06T15:38:18.052219,2025-08-06T13:31:07,104,0,,,False,,,,For discussion about 1Password's MSP programs.
tomedo,C0997SWDWMC,active,False,False,6,True,76,2025-09-03T08:40:26.893579,2025-08-07T09:59:34,103,0,,,False,,,,"Dies ist der Versuch tomedo Partner an einem Ort zu verbinden um sich über relevante Themen auszutauschen.
Es ist lange überfällig einen Ort zu schaffen an dem wir uns frei und ungezwungen über unsere täglichen Herausforderungen unterhalten können."
reportmate,C099E0W22TH,active,False,False,2,True,99,2025-08-11T07:38:40.331759,2025-08-11T04:29:12,99,0,2025-11-18T11:03:33.995266,2025-12-18T11:03:33.995266,False,warned,,<https://github.com/reportmate>,"ReportMate is a modular cross-platform endpoint reporting system powered by osquery, with support for our favorite software deployment primates: Munki and Cimian."
arkansas,C099RHPDY9E,active,False,False,2,True,104,2025-08-06T14:41:24.687139,2025-08-05T22:16:05,104,0,2025-11-18T10:59:53.190864,2025-12-18T10:59:53.190864,False,warned,,Macadmins of Arkansas,
cimian,C099RPR8YNN,active,False,False,7,True,0,2025-11-17T21:41:43.720049,2025-08-11T04:28:51,99,0,,,False,,,<https://github.com/windowsadmins/cimian>,"Cimian is a DevOps Software Deployment System for Windows that can install MSI(X), EXE, NUPKG, and run PWSH scripts, think Munki but for Windows."
multiplier,C09A0S02G56,active,False,False,2,True,96,2025-08-14T05:00:45.513849,2025-08-07T05:46:26,103,0,2025-11-18T11:02:40.901527,2025-12-18T11:02:40.901527,False,warned,,,For any discussion related to Multiplier (IGA for Jira) - <https://multiplierhq.com>
linear,C09A79P2X9N,active,False,False,5,True,0,2025-11-18T11:31:59.730479,2025-08-07T23:46:51,102,0,,,False,,,,
plain,C09BDMJ97JA,active,False,False,2,True,84,2025-08-26T10:04:05.324269,2025-08-21T04:50:30,89,0,,,False,,,,Chatter about the <http://plain.com|plain.com> ticketing software
team-,C09CGGYUD34,active,False,False,2,True,81,2025-08-29T11:44:05.963379,2025-08-28T15:37:18,82,0,,,False,,,,
platformengineering,C09CR0D0FRD,active,False,False,5,True,6,2025-11-12T15:35:02.047549,2025-09-02T17:05:40,77,0,,,False,,,,
jsmmaker2,C09CZ5UJGBV,active,False,False,3,True,61,2025-09-18T17:14:52.040989,2025-09-02T13:03:50,77,0,,,False,,,,
provisionr,C09DAJLKCDV,active,False,False,2,True,68,2025-09-11T09:54:09.961789,2025-09-05T14:03:49,74,0,,,False,,,,
ireland,C09DF1Y1G8K,active,False,False,24,True,1,2025-11-16T23:34:44.234259,2025-09-04T16:19:13,75,0,,,False,,,,Let’s create a vibrant Mac Admins community in Ireland. :flag-ie:
assetbots,C09EC4C749W,active,False,False,10,True,0,2025-11-18T11:32:02.032519,2025-09-04T15:46:34,75,0,,,False,,,<https://assetbots.com>,
chicago,C09EDC6P9DL,active,False,False,64,True,0,2025-11-18T13:21:31.665349,2025-09-09T21:05:36,69,0,,,False,,,,This channel is for all MacAdmins located in Chicago and the surrounding suburbs.
galide,C09EEAJKTSP,active,False,False,6,True,68,2025-09-11T09:54:11.028519,2025-09-10T15:26:32,69,0,,,False,,,,
setyl-asset-management,C09G31G83V0,active,False,False,5,True,18,2025-10-31T11:42:16.258079,2025-09-19T09:56:12,60,0,,,False,,,,Stay up to date on Setyl news and get answers to your questions.
politics,C09G41M3Q5N,active,False,False,16,True,62,2025-09-17T00:45:16.134179,2025-09-15T19:21:30,63,0,,,False,,,,This is a placeholder channel for the private politics channel. Please DM a member if you want access.
blackbaud,C09GA4S9GDN,active,False,False,8,True,0,2025-11-18T11:32:04.342339,2025-09-16T15:46:44,63,0,,,False,,,,"For users of Blackbaud services such as MySchoolApp, Raisers Edge, Financial Edge, etc."
deletion-requests,C09GRPNJ9C6,active,True,False,3,True,1,2025-11-16T22:09:33.233729,2025-09-23T21:55:39,55,0,,,False,,,,
deletion-audit-log,C09GRUL0M5Y,active,True,False,18,True,0,2025-11-18T15:42:14.060319,2025-09-23T21:56:06,55,0,,,False,,,,
xolo,C09HN0LTDNY,active,False,False,9,True,26,2025-10-23T09:14:30.991579,2025-09-27T20:09:55,51,0,,,False,,,,"Pixar's system for automating Software Deployment &amp; Patch Management with Jamf Pro, the successor to 'd3'."
terraform-provider-jamfplatform,C09HP9V1K5H,active,False,False,120,True,5,2025-11-12T20:49:09.283369,2025-09-30T08:31:43,49,0,,,False,,,Raise issues and feature requests at <https://github.com/Jamf-Concepts/terraform-provider-jamfplatform/issues>,"Official Terraform Provider for Jamf Platform Microservices.

Released by Jamf Concepts and MIT licensed. Provided as-is with no warranty."
tequipy,C09JALLQDED,active,False,False,3,True,18,2025-10-31T11:11:34.954739,2025-09-30T14:14:55,49,0,,,False,,,,
cursor,C09K042SEM8,active,False,False,6,True,10,2025-11-08T02:49:23.270859,2025-10-06T17:24:24,43,0,,,False,,,,
macmule-test,C09L7N02BNF,active,False,False,2,True,26,2025-10-23T09:14:32.078239,2025-10-14T13:35:54,35,0,,,False,,,,
ddm-os-reminders,C09LVE2NVML,active,False,False,178,True,0,2025-11-18T14:53:16.269319,2025-10-16T16:31:45,33,0,,,False,,,Current: 1.3.0 • Pre-released: 1.4.0b4,"DDM OS Reminder evaluates the most recent `EnforcedInstallDate` entry in `/var/log/install.log`, then leverages a swiftdialog-enabled script and LaunchDaemon pair to dynamically deliver a more prominent end-user message"
2ef5a227-7120-4365-906b-6028b68bcb41,C09MUJWATU3,active,False,False,3,True,0,2025-11-18T11:32:06.414829,2025-10-22T19:24:20,26,0,,,False,,,,
hallowed-ground-mac,C09MXPLHUN5,active,False,False,15,True,0,2025-11-18T11:32:06.810999,2025-10-20T19:37:26,28,0,,,False,,,,"Mac Admins in the Hallowed Ground region of Pennsylvania, Maryland, and Virginia. 

LinkedIn: <https://www.linkedin.com/groups/15638021/>

Jamf Nation: <https://community.jamf.com/groups/hallowed-ground-mac-admins-pa-md-225>"
citation-governor-kappa,C09N0QFSZJN,active,False,False,25,True,26,2025-10-23T16:41:20.789359,2025-10-22T18:55:09,26,0,,,False,,,,You might remember be from MDM's like Kandji
southernil,C09N1TM0TFU,active,False,False,5,True,26,2025-10-23T17:11:43.476189,2025-10-22T21:27:18,26,0,,,False,,,,
imanage,C09ND00KY7K,active,False,False,4,True,2,2025-11-16T00:09:09.964419,2025-10-22T17:24:29,27,0,,,False,,,,Discussion for iManage Work and iManage Desktop on Apple platforms.
58073171261228149763922298261476,C09NVGYGEJK,active,False,False,3,True,0,2025-11-18T11:32:08.037369,2025-10-29T02:24:44,20,0,,,False,,,,
vanta,C09P8U3AUCT,active,False,False,4,True,0,2025-11-18T11:32:08.417019,2025-10-29T14:34:20,20,0,,,False,,,,
jamf-compliance-benchmarks,C09QTF2BV29,active,False,False,30,True,5,2025-11-12T20:32:00.877919,2025-11-05T09:14:23,13,0,,,False,,,Channel for the built-on Compliance capability available via Jamf Pro,"Compliance Benchmarks Guide: <https://learn.jamf.com/en-US/bundle/jamf-compliance-benchmarks-configuration-guide/page/Compliance_Benchmarks.html>
Release History: <https://learn.jamf.com/en-US/bundle/jamf-compliance-benchmarks-configuration-guide/page/C>"
jamfmcp,C09RR0UGF0W,active,False,False,3,True,6,2025-11-12T15:31:08.911839,2025-11-09T16:42:20,9,0,,,False,,,Repository and Project Docs can be found in Resources folder,MCP server for Jamf Pro integration providing computer health analysis
asm-abm-api,C09RX7J7YCU,active,False,False,5,True,0,2025-11-18T11:32:09.292429,2025-11-09T20:31:12,8,0,,,False,,,,
docker-community,C09S13FBMU7,active,False,False,1,True,0,2025-11-18T11:32:09.645809,2025-11-12T16:10:12,6,0,,,False,,,,
bakersfield-apple-admin,C09SFNNFGRK,active,False,False,3,True,0,2025-11-18T11:32:09.975769,2025-11-12T21:48:05,5,0,,,False,,,,
maf-automations,C09SP0TT9GS,active,True,False,21,True,0,2025-11-18T14:14:57.007309,2025-11-13T10:19:15,5,0,,,False,,,,Automated messaging from MAF Slack Automations | <https://github.com/macadminsdotorg/slack-ploughshare/>
twocanoes-passwordutility,C09TLHD410Q,active,False,False,3,True,0,2025-11-18T17:07:03.131809,2025-11-13T17:35:44,5,0,,,False,,,,
test-never-used-warning,C09TT3D4H5J,active,False,False,1,True,0,2025-11-18T14:07:23.717839,2025-11-18T13:33:26,0,0,,,False,,,,
test-dormant-warning,C09U2D6HLSV,active,False,False,1,True,0,2025-11-18T14:07:23.276379,2025-11-18T13:33:06,0,0,,,False,,,,
test-very-old-warning,C09UHQHBYKS,active,False,False,1,True,0,2025-11-18T14:07:24.331139,2025-11-18T13:30:42,0,0,,,False,,,,
full-disclosure,C055346U8,dormant,False,False,184,True,426,2024-09-18T14:55:34.034979,2015-06-02T21:16:02,3821,0,2025-11-18T11:01:07.862240,2025-12-18T11:01:07.862240,False,warned,,,"A public, vendor-neutral forum for detailed discussion of vulnerabilities and exploitation techniques, as well as tools, papers, news, and events of interest to the community. The relaxed atmosphere of this quirky list provides some comic relief and"
mobileiron,C055QPJD1,dormant,False,False,254,True,427,2024-09-17T03:04:30.462979,2015-06-02T21:05:57,3821,0,2025-11-18T11:02:36.480633,2025-12-18T11:02:36.480633,False,warned,,Managing macOS and iOS with MobileIron Core or Cloud. Discussions can happen with community. You can use <@U7DL440S1> for Qs to MobileIron specifically,For MobileIron MDM Users.
macadminsdk,C060W8T08,dormant,False,False,66,True,538,2024-05-28T18:04:27.130479,2015-06-05T18:35:35,3818,0,2025-11-18T11:02:14.271100,2025-12-18T11:02:14.271100,False,warned,,,Channel for Macadmins in Denmark.
netboot,C0619JKT5,dormant,False,False,409,True,434,2024-09-09T20:22:17.417279,2015-06-06T03:06:51,3818,0,2025-11-18T11:02:46.878484,2025-12-18T11:02:46.878484,False,warned,,,This channel is for Netboot discussion.
osx-server,C067LGP40,dormant,False,False,1401,True,422,2024-09-22T13:45:08.448099,2015-06-11T14:31:05,3813,0,2025-11-18T11:03:04.033842,2025-12-18T11:03:04.033842,False,warned,,:rip: <https://support.apple.com/en-us/HT208312> :rip:,Discussion about OS X's Server.app and the services included.
autodmg,C072SQP99,dormant,False,False,1294,True,430,2024-09-14T15:43:26.765149,2015-07-01T13:35:11,3793,0,2025-11-18T10:59:56.937227,2025-12-18T10:59:56.937227,False,warned,,"AutoDMG - <https://github.com/magervalp/autodmg>
AutoDMG Profiles - <https://github.com/MagerValp/AutoDMGUpdateProfiles>
AutoDMG Cache Builder - <https://github.com/facebook/IT-CPE/tree/master/legacy/autodmg_cache_builder>","Discussions about Per Olofsson's (MagerValp) tool AutoDMG
https://github.com/MagerValp/AutoDMG
https://github.com/MagerValp/AutoDMGUpdateProfiles"
macports,C07DGNS02,dormant,False,False,55,True,448,2024-08-27T10:11:45.298979,2015-07-09T20:24:08,3784,0,2025-11-18T11:02:21.670815,2025-12-18T11:02:21.670815,False,warned,,,
vagrant,C07RWH7PB,dormant,False,False,70,True,433,2024-09-10T21:12:50.314959,2015-07-19T02:33:00,3775,0,2025-11-18T11:04:39.217405,2025-12-18T11:04:39.217405,False,warned,,,
centrify,C0CDDNE13,dormant,False,False,196,True,471,2024-08-04T13:43:12.594189,2015-10-14T04:44:19,3688,0,2025-11-18T11:00:20.164287,2025-12-18T11:00:20.164287,False,warned,,,Discussion of Centrify products
ipadpro,C0CMP6UG2,dormant,False,False,170,True,452,2024-08-22T21:57:48.414969,2015-10-18T21:56:04,3683,0,2025-11-18T11:01:33.881342,2025-12-18T11:01:33.881342,False,warned,,,
apache,C0CPC6DR7,dormant,False,False,152,True,385,2024-10-28T20:48:19.761099,2015-10-19T18:40:05,3682,0,2025-11-18T10:59:47.115378,2025-12-18T10:59:47.115378,False,warned,,,
kaspersky,C0D786CJH,dormant,False,False,63,True,515,2024-06-20T23:34:48.500289,2015-10-26T17:41:00,3675,0,2025-11-18T11:01:56.507963,2025-12-18T11:01:56.507963,False,warned,,,channel for end users and admins of the antivirus software for mac
wiki-service,C0DTVHJ8P,dormant,False,False,39,True,448,2024-08-27T06:51:32.847559,2015-11-05T13:25:03,3666,0,2025-11-18T11:04:50.411744,2025-12-18T11:04:50.411744,False,warned,,,Discussing the Wiki service provided by Apple’s Server.app
church,C0E17G2UE,dormant,False,False,80,True,431,2024-09-13T16:23:10.843929,2015-11-06T15:15:52,3665,0,2025-11-18T11:00:23.368944,2025-12-18T11:00:23.368944,False,warned,,Work for a Church? Hope this can be a place for all things mac in a church environment,
cloud-storage,C0ECMPG3Z,dormant,False,False,196,True,497,2024-07-08T17:52:13.081999,2015-11-12T14:33:15,3659,0,2025-11-18T11:00:26.643871,2025-12-18T11:00:26.643871,False,warned,,,Discuss pros and cons of various enterprise cloud storage solutions. A place for admins to troubleshoot these services.
denmark,C0JBBQNJF,dormant,False,False,33,True,511,2024-06-25T09:25:59.030599,2016-01-13T12:41:07,3597,0,2025-11-18T11:00:40.854542,2025-12-18T11:00:40.854542,False,warned,,,netværk med kollegaer i Danmark.
freebsd,C0MTPBSUW,dormant,False,False,62,True,448,2024-08-27T06:39:50.879589,2016-02-18T09:13:05,3561,0,2025-11-18T11:01:05.641695,2025-12-18T11:01:05.641695,False,warned,,,FreeBSD servers with Mac clients
ape,C0N7KC8N5,dormant,False,False,33,True,503,2024-07-03T02:49:30.175459,2016-02-19T19:01:43,3559,0,2025-11-18T10:59:47.541697,2025-12-18T10:59:47.541697,False,warned,,,Because #munki is too busy and I am too lazy to read the scrollback
keyserver,C0T4RENEL,dormant,False,False,29,True,489,2024-07-16T23:11:28.506459,2016-03-16T15:42:37,3534,0,2025-11-18T11:01:57.815367,2025-12-18T11:01:57.815367,False,warned,,Send bug reports to Sassafras at <mailto:support@sassafras.com|support@sassafras.com>,Everything about Sassafras Keyserver
zuludesk,C0Y8CTLGJ,dormant,False,False,101,True,513,2024-06-22T17:04:11.708569,2016-04-05T21:52:27,3513,0,2025-11-18T11:05:00.624442,2025-12-18T11:05:00.624442,False,warned,,,
java,C10AM8XMJ,dormant,False,False,108,True,437,2024-09-06T23:13:38.791949,2016-04-13T15:31:21,3506,0,2025-11-18T11:01:48.588412,2025-12-18T11:01:48.588412,False,warned,,,
blue_jeans_vc,C14TD9YER,dormant,False,False,47,True,447,2024-08-28T15:13:40.213019,2016-04-29T15:17:11,3490,0,2025-11-18T11:00:08.191849,2025-12-18T11:00:08.191849,False,warned,,,Discuss bluejeans video conferencing software.
perl,C17F813U3,dormant,False,False,38,True,433,2024-09-10T17:38:29.270689,2016-05-10T09:50:48,3479,0,2025-11-18T11:03:12.110251,2025-12-18T11:03:12.110251,False,warned,,,Anything about Perl on macOS
connectwise,C1CQMJU2U,dormant,False,False,177,True,428,2024-09-16T08:07:36.212839,2016-05-30T21:56:23,3458,0,2025-11-18T11:00:33.926781,2025-12-18T11:00:33.926781,False,warned,,"Discussion about using ConnectWise, with a side focus on the Watchman Monitoring Integration until that’s released.",Finetuning of our connectwise integration before launch
osx,C1GRTGS01,dormant,False,False,140,True,538,2024-05-29T13:30:58.517599,2016-06-14T18:27:21,3443,0,2025-11-18T11:03:03.564896,2025-12-18T11:03:03.564896,False,warned,,,
mobiledevops,C1JN2EX53,dormant,False,False,49,True,485,2024-07-21T07:42:14.510399,2016-06-21T07:17:21,3437,0,2025-11-18T11:02:36.033099,2025-12-18T11:02:36.033099,False,warned,,,Talk about mobile dev ops
gatekeeper,C1MQ24DP0,dormant,False,False,174,True,426,2024-09-18T14:55:05.063909,2016-06-30T16:30:11,3428,0,2025-11-18T11:01:10.428606,2025-12-18T11:01:10.428606,False,warned,,,"Information regarding GateKeeper, the settings that allow or disallow non-Mac App Store apps to be installed on a mac."
datarecovery,C1N4J157B,dormant,False,False,170,True,448,2024-08-26T22:35:18.597079,2016-07-01T13:52:23,3427,0,2025-11-18T11:00:38.718432,2025-12-18T11:00:38.718432,False,warned,,,"A place to discuss best practices, tools and experience with recovering data."
itunes,C1PJY4PNU,dormant,False,False,46,True,433,2024-09-11T00:57:34.780459,2016-07-07T14:21:53,3421,0,2025-11-18T11:01:38.156417,2025-12-18T11:01:38.156417,False,warned,,,
veertu,C1QSRJW83,dormant,False,False,34,True,503,2024-07-03T02:49:38.945139,2016-07-12T13:57:35,3416,0,2025-11-18T11:04:40.104337,2025-12-18T11:04:40.104337,False,warned,,veertu has their own :slack:  <https://slack.veertu.com/>,
macosdev,C1S6X3P4H,dormant,False,False,67,True,482,2024-07-23T22:24:27.823059,2016-07-15T18:10:25,3412,0,2025-11-18T11:02:19.555483,2025-12-18T11:02:19.555483,False,warned,,,macOS Development
pulsesecure,C2F3SBL7Q,dormant,False,False,219,True,383,2024-10-30T16:35:43.957699,2016-09-23T09:48:04,3343,0,2025-11-18T11:03:28.175328,2025-12-18T11:03:28.175328,False,warned,,Pulse Secure 9.1R8.0 Build 3143: <https://www-prev.pulsesecure.net/download/techpubs/current/2100/pulse-client/pulse-secure-client-desktop/9.1rx/ps-pulse-9.1r8.0-releasenotes.pdf>,Discuss Pulse Secure VPN
nomad-dev,C2LTNLB6G,dormant,False,False,240,True,437,2024-09-06T23:14:19.832599,2016-10-07T22:45:16,3328,0,2025-11-18T11:02:49.632331,2025-12-18T11:02:49.632331,False,warned,,<https://github.com/jamf/NoMADLogin-AD>,NoMAD development discussion and code update feed.
jnucbottleshare,C2MLX25NC,dormant,False,False,73,True,460,2024-08-15T15:56:56.340239,2016-10-11T01:02:42,3325,0,2025-11-18T11:01:52.074078,2025-12-18T11:01:52.074078,False,warned,,<https://reg.jamf.com/flow/jamf/jnuc2022/home22/page/joinupscatalog/session/1662579542862001JJp6>,
macserver,C2TPGTBRV,dormant,False,False,114,True,439,2024-09-04T19:57:56.567009,2016-10-25T09:22:00,3311,0,2025-11-18T11:02:22.535665,2025-12-18T11:02:22.535665,False,warned,,,
splashbuddy,C2WAJA5RQ,dormant,False,False,832,True,426,2024-09-18T12:43:57.127419,2016-10-31T14:29:25,3305,0,2025-11-18T11:04:04.549187,2025-12-18T11:04:04.549187,False,warned,,<https://github.com/Shufflepuck/SplashBuddy> /// Documentation: <https://github.com/Shufflepuck/SplashBuddy/wiki> /// FAQ: <https://github.com/Shufflepuck/SplashBuddy/wiki/99---FAQ> /// Newsletter: <http://eepurl.com/cZZ50T>,Discuss how to use SplashBuddy (formerly CasperSplash) is configured in a step-by-step process
adapters,C2Y28ETJ6,dormant,False,False,177,True,460,2024-08-15T01:10:41.875879,2016-11-04T00:28:57,3301,0,2025-11-18T10:59:37.842100,2025-12-18T10:59:37.842100,False,warned,,,
theapplewatch,C3L5SM3M5,dormant,False,False,46,True,479,2024-07-26T19:33:54.055769,2016-12-28T20:20:09,3246,0,2025-11-18T11:04:23.815974,2025-12-18T11:04:23.815974,False,warned,,Apple Watch talk,Talk about the things related to the apple watch!
tea,C47TZEDDM,dormant,False,False,31,True,537,2024-05-29T21:26:52.760499,2017-02-17T21:59:26,3195,0,2025-11-18T11:04:14.544907,2025-12-18T11:04:14.544907,False,warned,,,"The original author of Homebrew is creating brew2. We, as IT administrators, will benefit if we can make sure that tea works better in IT than brew did. <https://tea.xyz/> Please read: <https://medium.com/teaxyz/tea-brew-478a9e736638>"
bettertouchtool,C4CNQN6QK,dormant,False,False,64,True,426,2024-09-18T14:48:55.767189,2017-03-02T17:11:03,3182,0,2025-11-18T11:00:05.540551,2025-12-18T11:00:05.540551,False,warned,,,Figure out just what to do with this beast.  <https://folivora.ai/>
barebones,C4N0BUV3M,dormant,False,False,33,True,448,2024-08-27T06:34:22.628179,2017-03-22T14:57:35,3163,0,2025-11-18T11:00:00.429465,2025-12-18T11:00:00.429465,False,warned,,,"BBEdit, Yojimbo, Text Wrangler Barebones products - questions and answer - technical - and how todos."
usb-c,C59LQFKED,dormant,False,False,87,True,487,2024-07-19T13:49:18.305389,2017-05-08T16:54:15,3115,0,2025-11-18T11:04:37.980245,2025-12-18T11:04:37.980245,False,warned,,<#C1PEM3JU9|> has more traffic,
hello-it,C5BGSAX7C,dormant,False,False,156,True,433,2024-09-11T12:32:17.134639,2017-05-10T17:38:39,3113,0,2025-11-18T11:01:20.981733,2025-12-18T11:01:20.981733,False,warned,,Hello IT: https://github.com/ygini/Hello-IT/  Moss: https://github.com/PaperFixie/moss/,This channel is to talk about implementations of Hello IT by ygini https://github.com/ygini/Hello-IT
highsierra,C5NDQSDB2,dormant,False,False,564,True,433,2024-09-10T17:07:30.707689,2017-06-06T03:52:13,3087,0,2025-11-18T11:01:24.527064,2025-12-18T11:01:24.527064,False,warned,,"macOS 10.13 High Sierra | Latest version 10.13.6 | Build 17G14042 | kext Team IDs, Vendors, Bundle IDs sheet: <https://docs.google.com/spreadsheets/d/1IWrbE8xiau4rU2mtXYji9vSPWDqb56luh0OhD5XS0AM/edit#gid=0>",Sharing of macOS High Sierra items and links of interest
applescriptobjc,C686CQ8V7,dormant,False,False,80,True,494,2024-07-11T20:51:56.369739,2017-07-14T02:27:45,3049,0,2025-11-18T10:59:51.466904,2025-12-18T10:59:51.466904,False,warned,,,
server,C6B2KSD3Q,dormant,False,False,72,True,509,2024-06-26T19:47:34.973959,2017-07-18T12:05:40,3045,0,2025-11-18T11:03:53.301253,2025-12-18T11:03:53.301253,False,warned,,,
jamboard,C6C1BJJ94,dormant,False,False,31,True,434,2024-09-09T20:59:50.326129,2017-07-20T02:42:18,3043,0,2025-11-18T11:01:38.998353,2025-12-18T11:01:38.998353,False,warned,,,Google jamboard users
spoke,C7BG5UB32,dormant,False,False,77,True,469,2024-08-06T16:06:45.639459,2017-10-02T20:47:29,2968,0,2025-11-18T11:04:05.005791,2025-12-18T11:04:05.005791,False,warned,,All things atSpoke,All things askSpoke
deepfreeze,C7DEN206A,dormant,False,False,84,True,432,2024-09-12T16:33:51.101539,2017-10-03T14:58:55,2968,0,2025-11-18T11:00:39.594037,2025-12-18T11:00:39.594037,False,warned,,,Faronics Deep Freeze for Mac
mysql,C7E4H241H,dormant,False,False,105,True,482,2024-07-24T10:47:20.178899,2017-10-05T22:35:37,2965,0,2025-11-18T11:02:45.103327,2025-12-18T11:02:45.103327,False,warned,,,discuss things MySQL and MySQL Enterprise
cocoadialog,C7JH7BZGE,dormant,False,False,84,True,531,2024-06-04T21:13:31.407579,2017-10-13T02:24:42,2958,0,2025-11-18T11:00:28.945435,2025-12-18T11:00:28.945435,False,warned,,This project is defunct.  Please see <#C01U5MXNGG6|> for a suitable (and superior) replacement.,Development discussion centering around <https://cocoadialog.com>.  NOTE: This project is defunct.  Please see <#C01U5MXNGG6|> for a suitable (and superior) replacement.
vfuse,C7M85BLHL,dormant,False,False,118,True,503,2024-07-03T02:49:36.317129,2017-10-18T20:03:27,2952,0,2025-11-18T11:04:40.978724,2025-12-18T11:04:40.978724,False,warned,,"<https://github.com/chilcote/vfuse>

Be sure to install the latest version if you are having any errors.",
ac2-automation,C7PEE7HTK,dormant,False,False,303,True,434,2024-09-09T19:12:46.495039,2017-10-25T21:23:29,2945,0,2025-11-18T10:59:36.542009,2025-12-18T10:59:36.542009,False,warned,,,Apple's Configurator 2 command line automation tools
aasp,C9A3EC35Y,dormant,False,False,135,True,384,2024-10-29T18:33:09.214049,2018-02-16T03:48:00,2832,0,2025-11-18T10:59:35.179747,2025-12-18T10:59:35.179747,False,warned,,,
customdep,C9AAPFRHA,dormant,False,False,120,True,437,2024-09-07T02:18:41.861439,2018-02-16T15:59:22,2832,0,2025-11-18T11:00:36.977102,2025-12-18T11:00:36.977102,False,warned,,,"Discuss your custom DEP journey, regardless of the MDM/toolset you use."
high-sierra-imaging,C9KKFKN4Q,dormant,False,False,63,True,493,2024-07-12T18:30:27.076879,2018-03-07T20:49:13,2812,0,2025-11-18T11:01:23.636268,2025-12-18T11:01:23.636268,False,warned,,,figuring out alt to Mono cloning with DeployStudio
south-africa,C9Z5G4PLP,dormant,False,False,32,True,475,2024-07-31T01:08:50.086129,2018-03-29T10:51:19,2791,0,2025-11-18T11:04:02.624617,2025-12-18T11:04:02.624617,False,warned,,,macadmins in SA
parallels_mac_mgmt,CA1GSLM0R,dormant,False,False,119,True,438,2024-09-06T10:29:37.382139,2018-04-05T22:00:56,2783,0,2025-11-18T11:03:06.785605,2025-12-18T11:03:06.785605,False,warned,,Mac management in SCCM <https://www.parallels.com/products/mac-management/>,Parallels add-on for SCCM for Mac management
every-day-carry,CAMCC0LP9,dormant,False,False,68,True,468,2024-08-07T13:46:48.317969,2018-05-08T18:44:16,2750,0,2025-11-18T11:00:56.449955,2025-12-18T11:00:56.449955,False,warned,,"What's in your EDC? Tools, Utilities, Software, Hardware, ETC! Share it all. Use the :jansport: emoji to send it here!","What's in your EDC? Tools, Utilities, Software, Hardware, ETC! Share it all."
kinobi-dev,CAY01EVK8,dormant,False,False,63,True,471,2024-08-03T16:53:55.815859,2018-05-28T03:35:03,2731,0,2025-11-18T11:01:58.655651,2025-12-18T11:01:58.655651,False,warned,,<https://github.com/mondada/kinobi>,Kinobi development discussion and code update feed
restor,CAYA6V6QM,dormant,False,False,46,True,461,2024-08-13T23:25:22.080969,2018-05-29T22:49:01,2729,0,2025-11-18T11:03:35.568517,2025-12-18T11:03:35.568517,False,warned,,<https://github.com/google/restor/blob/master/README.md>,<https://github.com/google/restor>
mojave,CB0547P08,dormant,False,False,1096,True,426,2024-09-18T12:43:44.560209,2018-06-04T02:02:09,2724,0,2025-11-18T11:02:36.870162,2025-12-18T11:02:36.870162,False,warned,,RIP macOS Mojave | Latest version: Security Update 2021-005 Mojave (18G9323).  EOL: no longer maintained by Apple.  :dolphin:,Discussion of *public* information regarding macOS 10.14 Mojave
cannabis,CB9CLFL67,dormant,False,False,30,True,448,2024-08-27T06:35:49.944499,2018-06-18T17:03:09,2709,0,2025-11-18T11:00:17.550198,2025-12-18T11:00:17.550198,False,warned,,Point of Sales,"This is NOT a channel to discuss the benefits of smoking weed.  I’m hoping this could start conversations about supporting this new vertical that has opened for many in a few states.  Discussions around software, PoS, support, etc."
cincinnati,CB9KBSHAL,dormant,False,False,22,True,460,2024-08-14T16:51:10.601419,2018-06-19T18:42:01,2708,0,2025-11-18T11:00:25.323433,2025-12-18T11:00:25.323433,False,warned,,"Cincinnati, Ohio based Mac Admins",The unofficial Cincinnati Mac Admin Channel
slacker-autopkg,CBF6D0B97,dormant,False,False,42,True,538,2024-05-29T11:34:44.260869,2018-06-28T16:21:54,2700,0,2025-11-18T11:03:58.994280,2025-12-18T11:03:58.994280,False,warned,,,Discussing the Slacker AutoPkg post-processor
upstateny,CBQMD9BNW,dormant,False,False,34,True,496,2024-07-10T16:08:11.248199,2018-07-14T20:12:14,2683,0,2025-11-18T11:04:37.134979,2025-12-18T11:04:37.134979,False,warned,,,"MacAdmins in NY outside of ""the city""."
itkit,CBR7S6TJ5,dormant,False,False,54,True,469,2024-08-06T16:16:36.593839,2018-07-17T10:18:18,2681,0,2025-11-18T11:01:37.743093,2025-12-18T11:01:37.743093,False,warned,,All things <http://itkit.io>,"Q&amp;A, advice, tips from folks on <http://people.itkit.io|people.itkit.io>"
sous-vide,CBXC1ET7W,dormant,False,False,25,True,448,2024-08-27T06:49:01.945249,2018-07-26T17:43:37,2671,0,2025-11-18T11:04:02.199451,2025-12-18T11:04:02.199451,False,warned,,Smoke and water.,if you enjoy the meats (or other water-bath cooked things)
gorilla,CCDDKMQ8K,dormant,False,False,185,True,403,2024-10-10T23:09:24.765779,2018-08-23T00:17:41,2644,0,2025-11-18T11:01:15.949262,2025-12-18T11:01:15.949262,False,warned,,<https://github.com/1dustindavis/gorilla>,<https://github.com/1dustindavis/gorilla>
kinobi,CDGPBH07L,dormant,False,False,112,True,471,2024-08-03T16:53:50.986479,2018-10-18T03:46:18,2588,0,2025-11-18T11:01:58.245454,2025-12-18T11:01:58.245454,False,warned,,<https://kinobi.io/>,<https://kinobi.io/>
vegetarian,CDJ8R4YDQ,dormant,False,False,23,True,499,2024-07-07T14:43:57.544079,2018-10-19T19:10:35,2586,0,2025-11-18T11:04:40.556058,2025-12-18T11:04:40.556058,False,warned,,,Veggies are delicious and you should eat them!
javascript,CDQ2WMPT7,dormant,False,False,104,True,433,2024-09-11T15:11:40.757419,2018-10-27T15:13:00,2579,0,2025-11-18T11:01:49.027511,2025-12-18T11:01:49.027511,False,warned,,:javascript: all the things,Automation using javascript in iOS and macOS
executivesupport,CDS4L4PSL,dormant,False,False,35,True,497,2024-07-08T19:30:26.128969,2018-10-31T17:27:57,2574,0,2025-11-18T11:00:56.919140,2025-12-18T11:00:56.919140,False,warned,,,Executive Support Best Practices
russian-speakers,CE43J0AQ7,dormant,False,False,27,True,389,2024-10-24T18:43:08.998489,2018-11-14T01:42:35,2561,0,2025-11-18T11:03:42.438236,2025-12-18T11:03:42.438236,False,warned,,,Channel for all Russian-speaking MacAdmins. No matter where you are :earth_americas::ru:
authchanger,CEG7G2NCC,dormant,False,False,78,True,499,2024-07-07T01:08:05.328099,2018-11-30T16:19:48,2545,0,2025-11-18T10:59:56.129378,2025-12-18T10:59:56.129378,False,warned,,,Discussion and help with the authchanger binary used in many NoMAD login tools
ad,CF48MJ3EW,dormant,False,False,95,True,427,2024-09-16T17:58:25.181269,2018-12-31T22:03:27,2513,0,2025-11-18T10:59:36.977821,2025-12-18T10:59:36.977821,False,warned,,,this is not the <#C0AEV1BLP|> channel.
edc,CGK6TAMML,dormant,False,False,39,True,430,2024-09-14T09:28:18.751889,2019-02-26T23:51:37,2456,0,2025-11-18T11:00:47.567453,2025-12-18T11:00:47.567453,False,warned,,,Every Day Carry - show off and share the goods you rely on every day (or just collect for fun!) This is a safe space for discussing the non-tech items carried by members of the community.
mail_servers,CGSF2GW4R,dormant,False,False,31,True,494,2024-07-12T14:58:29.364259,2019-03-08T15:26:03,2447,0,2025-11-18T11:02:22.982532,2025-12-18T11:02:22.982532,False,warned,,,Discuss server platforms providing email and other communications services to MacOS users.
applearcade,CHB55GE00,dormant,False,False,32,True,432,2024-09-12T08:40:23.937949,2019-03-28T14:48:20,2427,0,2025-11-18T10:59:50.140231,2025-12-18T10:59:50.140231,False,warned,,,Discussion Related to Apple Arcade
foxpass,CHGV8RFTL,dormant,False,False,51,True,489,2024-07-16T21:07:30.118039,2019-04-12T09:50:42,2412,0,2025-11-18T11:01:04.497176,2025-12-18T11:01:04.497176,False,warned,,,"Foxpass RADIUS, LDAP, and everything in between."
rsync,CHWFFD2AU,dormant,False,False,60,True,424,2024-09-19T20:06:16.296659,2019-04-15T15:31:14,2409,0,2025-11-18T11:03:40.606233,2025-12-18T11:03:40.606233,False,warned,,,rsync best practices &amp; knowledge sharing
endgame,CJ6BNCL6B,dormant,False,False,20,True,495,2024-07-11T14:54:32.548499,2019-04-23T22:41:32,2400,0,2025-11-18T11:00:51.861420,2025-12-18T11:00:51.861420,False,warned,,,Endgame endpoint protection
mrmacintoshblog,CJB6C4BDW,dormant,False,False,38,True,434,2024-09-10T00:31:14.327249,2019-05-01T05:53:08,2393,0,2025-11-18T11:02:40.473363,2025-12-18T11:02:40.473363,False,warned,,,
macos-12-monterey,CK38R7KPS,dormant,False,False,2114,True,425,2024-09-18T18:22:30.266079,2019-05-29T15:50:12,2365,0,2025-11-18T11:02:17.661503,2025-12-18T11:02:17.661503,False,warned,,macOS Monterey | Latest version: 12.7.6 (21H1320) | <https://support.apple.com/HT214118> | Breakdown: <https://docs.google.com/document/d/1tlIdShUoXqmpyhc-stIshUgZEtUL5bgOuI4zvvrIuDA>,
google-cloud-blog,CK4CDELGK,dormant,False,False,89,True,474,2024-08-01T00:31:41.158059,2019-06-11T17:19:29,2351,0,2025-11-18T11:01:15.576215,2025-12-18T11:01:15.576215,False,warned,,"Just updates from the Google Cloud Blog — feel free to discuss!

%noarchive",Just the Google Cloud Blog Feed :smile:
catalina,CK7SUEH9N,dormant,False,False,1776,True,426,2024-09-18T13:28:58.486079,2019-06-03T19:44:54,2359,0,2025-11-18T11:00:18.363054,2025-12-18T11:00:18.363054,False,warned,,macOS Catalina | Latest version: Security Update 2022-005 (19H2026) | Notes: <https://docs.google.com/document/d/12llwkGUGqmCAVs40TvigIFyEYVTASpqe5beCjxnEkYA/edit?usp=sharing>,Discussion on MacOS Catalina
eps-framework,CKLEKRZ51,dormant,False,False,38,True,448,2024-08-26T22:36:55.908699,2019-06-27T07:02:10,2336,0,2025-11-18T11:00:54.133684,2025-12-18T11:00:54.133684,False,warned,,Share ideas on EndpointSecurity Framework,Figuring out how to use Apple's new EndpointSecurity Framework
helpdeskless_it,CKN4XU1FA,dormant,False,False,105,True,429,2024-09-15T11:53:38.651599,2019-06-18T06:48:11,2345,0,2025-11-18T11:01:22.244835,2025-12-18T11:01:22.244835,False,warned,,,How to eliminate the 80% of our time spent on mundane task and focus on what matters
essentialmacosapps,CKV0DRKJB,dormant,False,False,140,True,427,2024-09-17T13:57:59.653489,2019-06-22T08:00:43,2341,0,2025-11-18T11:00:55.003412,2025-12-18T11:00:55.003412,False,warned,,,"I’m looking for the beste user experience in Enterprise Enviromemt. What are your “Essential macOS Apps” for a basic package. 

Atom Editor, The Unarchiver, iina Video Player, VLC, Color Slurp, Office 365, etc..."
appleexam,CL24ASRUM,dormant,False,False,79,True,433,2024-09-11T10:33:25.011259,2019-07-02T06:16:21,2331,0,2025-11-18T10:59:51.008946,2025-12-18T10:59:51.008946,False,warned,,,
incidentresponse,CL8UB94AZ,dormant,False,False,81,True,443,2024-08-31T20:47:20.546829,2019-07-09T15:38:39,2324,0,2025-11-18T11:01:29.720564,2025-12-18T11:01:29.720564,False,warned,,Note that <#C62CUHCMA|> also relates to this session (for today),
psu-2019-jamf-api,CL939T068,dormant,False,False,74,True,430,2024-09-13T22:13:21.273609,2019-07-10T01:12:23,2323,0,2025-11-18T11:03:19.411655,2025-12-18T11:03:19.411655,False,warned,,,<http://macadmins.psu.edu/2019/05/01/psumac19-401/>
battlestations,CLXJJ3X7T,dormant,False,False,57,True,448,2024-08-27T06:34:36.550849,2019-08-06T17:53:55,2295,0,2025-11-18T11:00:02.215074,2025-12-18T11:00:02.215074,False,warned,,Show us your desks and make everyone jealous,Post your Mac setup.
macdeploystick,CLYGKE325,dormant,False,False,74,True,532,2024-06-04T16:19:46.327189,2019-08-07T12:26:13,2295,0,2025-11-18T11:02:16.504597,2025-12-18T11:02:16.504597,False,warned,,,
uptycs,CME3J8527,dormant,False,False,25,True,440,2024-09-04T00:59:49.343139,2019-08-27T13:58:48,2275,0,2025-11-18T11:04:37.548082,2025-12-18T11:04:37.548082,False,warned,,,Discussion about the Uptycs product for osquery analytics and management
oktane20,CNH9NRM2A,dormant,False,False,28,True,510,2024-06-26T15:59:58.387799,2019-09-17T15:35:58,2254,0,2025-11-18T11:02:57.119777,2025-12-18T11:02:57.119777,False,warned,,Oktane 20 Live discussions,
gcp-training,CNY0QUBUN,dormant,False,False,44,True,474,2024-08-01T00:32:15.717489,2019-09-30T11:13:53,2241,0,2025-11-18T11:01:11.301672,2025-12-18T11:01:11.301672,False,warned,,,potentially setting up a training session. <https://cloud.google.com/products/>
addigy-class3,CPD83PUCB,dormant,False,False,51,True,524,2024-06-12T15:55:27.368879,2019-10-23T22:04:01,2217,0,2025-11-18T10:59:38.308986,2025-12-18T10:59:38.308986,False,warned,,,Class 23 Alumni
addigy-status,CPFCZPWV6,dormant,False,False,241,True,438,2024-09-06T00:04:21.496769,2019-10-16T14:27:03,2225,0,2025-11-18T10:59:38.738008,2025-12-18T10:59:38.738008,False,warned,,,
microsoft-roadmap-rss,CPQNBCH2T,dormant,False,False,115,True,433,2024-09-11T10:39:43.430599,2019-10-22T19:18:02,2218,0,2025-11-18T11:02:32.514246,2025-12-18T11:02:32.514246,False,warned,,<https://www.microsoft.com/en-us/microsoft-365/roadmap>,Tracking of the Microsoft Roadmap
macos_re-imaging,CS73NDP1T,dormant,False,False,75,True,427,2024-09-16T22:42:41.895259,2020-01-02T10:53:55,2147,0,2025-11-18T11:02:19.089986,2025-12-18T11:02:19.089986,False,warned,,,How to Re-image mac
phishing-attempts,CSEK0H2SK,dormant,False,False,80,True,468,2024-08-07T13:56:46.126429,2020-01-07T19:11:20,2141,0,2025-11-18T11:03:13.510105,2025-12-18T11:03:13.510105,False,warned,,,A place to put the content and style of phishing attempts you receive (redacted screenshots welcome) in an effort to strengthen the herd defense to them.
twocanoes-mds-speakers,CSY1U3W75,dormant,False,False,23,True,471,2024-08-04T13:18:46.214569,2020-01-29T16:33:23,2120,0,2025-11-18T11:04:31.716658,2025-12-18T11:04:31.716658,False,warned,,,Promoting the MDS Open Source project
security-ctf,CTTFM2XNU,dormant,False,False,60,True,460,2024-08-14T20:59:13.838019,2020-02-10T19:18:00,2107,0,2025-11-18T11:03:50.993864,2025-12-18T11:03:50.993864,False,warned,,<http://CTFTime.org|CTFTime.org> | MacAdmins | Invite Code: MacAdmins:1j1Ed9:NCF-8LplCx-lLHRpnEdlwt9vRQA,Home of the MacAdmins CTF Team
syncromsp,CUF1XSAS1,dormant,False,False,41,True,508,2024-06-27T17:45:01.079009,2020-02-24T23:02:41,2093,0,2025-11-18T11:04:12.727215,2025-12-18T11:04:12.727215,False,warned,,,
covid19commandcenter,CUU7JRVDJ,dormant,False,False,28,True,503,2024-07-03T02:35:00.938319,2020-03-04T02:14:13,2085,0,2025-11-18T11:00:34.790082,2025-12-18T11:00:34.790082,False,warned,,,
workfromhome,CV7150X8B,dormant,False,False,55,True,523,2024-06-12T18:38:27.607679,2020-03-17T01:10:07,2072,0,2025-11-18T11:04:52.617716,2025-12-18T11:04:52.617716,False,warned,,,Dedicated place to discuss our WFH setups as well as strategies to stay sane
animalcrossing,C010HCCFF5J,dormant,False,False,75,True,461,2024-08-13T20:19:08.156369,2020-03-22T21:48:44,2066,0,2025-11-18T10:59:44.463044,2025-12-18T10:59:44.463044,False,warned,,:bells: :tom-nook: :ac-turnip: Switch Friend Codes - <https://macadmins.slack.com/files/T04QVKUQG/F014NA32QGY?origin_team=T04QVKUQG>,:turnip: :chart_with_downwards_trend: :chart_with_upwards_trend: :tom-nook:
5g,C010TGBLW48,dormant,False,False,58,True,433,2024-09-11T08:25:10.318499,2020-03-26T06:07:09,2063,0,2025-11-18T10:59:34.367509,2025-12-18T10:59:34.367509,False,warned,,,Discussion of 5G-NR with Apple products and technologies
zoom-backgrounds,C01155E0RPZ,dormant,False,False,143,True,447,2024-08-27T19:11:23.884019,2020-03-31T02:30:20,2058,0,2025-11-18T11:04:59.240439,2025-12-18T11:04:59.240439,False,warned,,,Post your favorite images/movies that can be used as a virtual background in Zoom
adobe-devs,C013ENG1755,dormant,False,False,72,True,440,2024-09-03T17:15:19.279269,2020-05-18T22:29:48,2009,0,2025-11-18T10:59:39.675726,2025-12-18T10:59:39.675726,False,warned,,,"Plugin &amp; Extension Developers for Adobe Products (SDK, API, CEP, UXP, ExtendScript, .. )"
boardies,C015CRFLHB3,dormant,False,False,26,True,426,2024-09-18T14:48:53.317099,2020-06-08T10:28:41,1989,0,2025-11-18T11:00:09.969373,2025-12-18T11:00:09.969373,False,warned,,<https://boardies.software/>,Making dashboards easy
mentoring,C016W1PQ0KW,dormant,False,False,43,True,438,2024-09-06T01:45:47.084039,2020-07-07T21:39:22,1959,0,2025-11-18T11:02:28.854920,2025-12-18T11:02:28.854920,False,warned,,,Meet a mentor/mentee.
e-waste,C01BLS5996E,dormant,False,False,44,True,448,2024-08-27T06:36:56.379889,2020-09-29T15:45:42,1876,0,2025-11-18T11:00:46.701885,2025-12-18T11:00:46.701885,False,warned,,,Find reliable and reputable solutions for end-of-life IT including ethical recycling and secure data erasure
patchbot,C01BQRJSBAR,dormant,False,False,133,True,430,2024-09-13T22:15:47.554949,2020-10-02T00:40:16,1873,0,2025-11-18T11:03:08.529979,2025-12-18T11:03:08.529979,False,warned,,Channel about the AutoPkg patch management system. <https://github.com/Honestpuck/PatchBot>,A channel for the Jamf tool Patchbot. <https://github.com/Honestpuck/PatchBot>
jctl,C01C8KVV2UD,dormant,False,False,155,True,430,2024-09-13T22:14:49.339209,2020-10-10T00:03:03,1865,0,2025-11-18T11:01:49.485446,2025-12-18T11:01:49.485446,False,warned,,"<https://github.com/univ-of-utah-marriott-library-apple/jctl>
<https://github.com/univ-of-utah-marriott-library-apple/python-jamf>","Utility for maintaining &amp; automating Jamf Pro patch management via command-line
<https://github.com/univ-of-utah-marriott-library-apple/python-jamf>
<https://github.com/univ-of-utah-marriott-library-apple/jctl>"
bavarian_mac_admins,C01CH5XTWTH,dormant,False,False,43,True,527,2024-06-08T21:35:33.320329,2020-10-20T10:58:26,1855,0,2025-11-18T11:00:02.703433,2025-12-18T11:00:02.703433,False,warned,,,
logging,C01F1PE8HG9,dormant,False,False,56,True,384,2024-10-30T05:58:15.175669,2020-11-13T09:28:41,1831,0,2025-11-18T11:02:07.514141,2025-12-18T11:02:07.514141,False,warned,,,find out stuff about logging with macos
gam-video-series,C01F2UCM6T0,dormant,False,False,37,True,458,2024-08-16T21:42:24.730139,2020-11-21T21:45:25,1822,0,2025-11-18T11:01:09.139124,2025-12-18T11:01:09.139124,False,warned,,,
apple-xsan,C01GC49KLBG,dormant,False,False,34,True,441,2024-09-03T14:51:28.762679,2020-12-09T20:56:59,1804,0,2025-11-18T10:59:49.717827,2025-12-18T10:59:49.717827,False,warned,,,"Apple Xsan upgrades, troubleshooting etc."
user-experience-monitoring,C01JKMA7R2S,dormant,False,False,59,True,459,2024-08-16T12:34:36.808149,2021-01-14T23:04:55,1768,0,2025-11-18T11:04:38.783991,2025-12-18T11:04:38.783991,False,warned,,Discussions on Digital Employee Experience (DEX),"Place to discuss user experience (UX) monitoring applications (e.g. Aternity, Nexthink, and UberAgent)"
fixably,C01K3FB9NP2,dormant,False,False,22,True,446,2024-08-29T06:03:49.921319,2021-01-11T08:15:55,1772,0,2025-11-18T11:01:01.282309,2025-12-18T11:01:01.282309,False,warned,,,Repair service management &amp; automation SaaS (formerly SirWise from Voltio) <https://fixably.com/>
credentia,C01PBECEL9J,dormant,False,False,25,True,545,2024-05-22T08:56:49.318969,2021-02-24T07:22:03,1728,0,2025-11-18T11:00:35.212729,2025-12-18T11:00:35.212729,False,warned,,,
jamf_200_031221,C01QN4AB3JT,dormant,False,False,26,True,411,2024-10-02T17:58:59.352999,2021-03-12T14:52:51,1712,0,2025-11-18T11:01:46.753281,2025-12-18T11:01:46.753281,False,warned,,,Jamf 200 Class Week of March 8th 2021
return-to-work,C01QY7SKDGD,dormant,False,False,37,True,474,2024-07-31T19:35:42.585739,2021-03-12T06:25:59,1712,0,2025-11-18T11:03:36.892555,2025-12-18T11:03:36.892555,False,warned,,,for discussion regarding returning to work safely
culture-ai,C01RGLKRBSP,dormant,False,False,22,True,440,2024-09-03T18:25:13.431089,2021-03-16T22:10:32,1707,0,2025-11-18T11:00:36.508540,2025-12-18T11:00:36.508540,False,warned,,If you need official support: <mailto:success@culture.ai|success@culture.ai> | <https://www.culture.ai>,Official channel for CultureAI. If you need official support: <mailto:success@culture.ai|success@culture.ai> | <https://www.culture.ai>
kandji-status,C01TETY0NE7,dormant,False,False,363,True,427,2024-09-17T12:20:22.028979,2021-04-06T18:22:30,1686,0,2025-11-18T11:01:55.210503,2025-12-18T11:01:55.210503,False,warned,,,
okta-directories,C01TL8SQE8J,dormant,False,False,150,True,433,2024-09-11T15:44:06.518159,2021-04-07T21:11:37,1685,0,2025-11-18T11:02:55.748932,2025-12-18T11:02:55.748932,False,warned,,,
oktane21,C01U3EX8E48,dormant,False,False,48,True,510,2024-06-26T16:00:02.566809,2021-04-06T14:31:30,1687,0,2025-11-18T11:02:57.942197,2025-12-18T11:02:57.942197,False,warned,,,Oktane 2021
objective-see,C023QKNT29G,dormant,False,False,75,True,392,2024-10-22T09:19:50.696569,2021-06-02T03:44:53,1630,0,2025-11-18T11:02:53.540778,2025-12-18T11:02:53.540778,False,warned,,For discussing <https://objective-see.com/products.html>,Objective-See (<https://objective-see.com>)
jamf-unlock,C026VNK8YNP,dormant,False,False,102,True,430,2024-09-13T22:14:31.123849,2021-07-01T22:13:17,1600,0,2025-11-18T11:01:45.467981,2025-12-18T11:01:45.467981,False,warned,,,Documentation:<https://docs.jamf.com/jamf-connect/2.4.0/documentation/Configuring_and_Deploying_Jamf_Apps.html>
macos-monterey-beta,C02AV7Q6020,dormant,False,False,43,True,455,2024-08-20T17:04:27.914169,2021-08-10T00:31:23,1561,0,2025-11-18T11:02:18.623885,2025-12-18T11:02:18.623885,False,warned,,,The new MacOs Monterey
password-management,C02BC717ZCM,dormant,False,False,170,True,433,2024-09-11T15:16:15.486099,2021-08-17T14:54:40,1554,0,2025-11-18T11:03:08.109192,2025-12-18T11:03:08.109192,False,warned,,,"All password management tools, including 1Password, LastPass, KeePass, BitWarden, etc."
hello-app,C02BFE7BBS6,dormant,False,False,33,True,503,2024-07-03T02:34:29.619799,2021-08-17T15:35:35,1554,0,2025-11-18T11:01:20.538485,2025-12-18T11:01:20.538485,False,warned,,"No official support, discuss: <https://github.com/erikng/hello>","No official support, discuss: <https://github.com/erikng/hello>"
mitre-attack-macos,C02FV7JBM6V,dormant,False,False,37,True,429,2024-09-15T09:14:03.253249,2021-09-23T22:24:22,1516,0,2025-11-18T11:02:35.180479,2025-12-18T11:02:35.180479,False,warned,,,all things MITRE ATT&amp;CK on macOS
jamf-docker,C02GCAQ10UR,dormant,False,False,129,True,398,2024-10-15T22:07:07.656159,2021-09-28T23:33:44,1511,0,2025-11-18T11:01:40.791936,2025-12-18T11:01:40.791936,False,warned,,,Running Jamf Pro in a container. <https://github.com/magnusviri/dockerfiles/tree/main/jamfpro>
scriptorium,C02JJ35PZ51,dormant,False,False,59,True,405,2024-10-09T01:06:07.720689,2021-10-21T05:14:44,1489,0,2025-11-18T11:03:48.449402,2025-12-18T11:03:48.449402,False,warned,,,Channel for the tool `scriptorium` - <https://github.com/Honestpuck/scriptorium>
alfred-app,C02LW3QSLKV,dormant,False,False,97,True,437,2024-09-06T18:29:23.640559,2021-11-10T17:07:33,1469,0,2025-11-18T10:59:42.665609,2025-12-18T10:59:42.665609,False,warned,,,A place to discuss all things Alfred (<https://www.alfredapp.com/>)
jamf-third-party-new-updates,C02PVGBC0D6,dormant,False,False,78,True,430,2024-09-13T22:13:28.233519,2021-12-01T15:06:43,1448,0,2025-11-18T11:01:45.053065,2025-12-18T11:01:45.053065,False,warned,,,Mac managers used to post crowd-sourced recent third party updates to jamf nation then things changed -so post ones you see here instead!
juniper,C032KPTNTQX,dormant,False,False,40,True,388,2024-10-25T18:57:59.020269,2022-02-14T17:39:31,1372,0,2025-11-18T11:01:54.775818,2025-12-18T11:01:54.775818,False,warned,,,For all of your Juniper/Mist networking needs.
make-integromat,C03JWRSQK24,dormant,False,False,26,True,474,2024-08-01T12:39:32.337369,2022-06-03T16:07:17,1264,0,2025-11-18T11:02:23.402900,2025-12-18T11:02:23.402900,False,warned,,,A channel to share your automations
business-continuity-disaster-recovery,C03KHJVTTSM,dormant,False,False,34,True,496,2024-07-10T16:01:43.800919,2022-06-10T13:30:07,1257,0,2025-11-18T11:00:15.836903,2025-12-18T11:00:15.836903,False,warned,,,"A channel for the discussion and sharing of questions and advice specifically around the planning of business continuity, an organization's ability to maintain essential functions during and after a disaster"
apple-deployment-blocker,C03KMC0E5BM,dormant,False,False,82,True,430,2024-09-13T22:12:57.182099,2022-06-14T18:41:19,1252,0,2025-11-18T10:59:48.812714,2025-12-18T10:59:48.812714,False,warned,,,Major OS deployment-blocker
insync,C03U62B6WP2,dormant,False,False,28,True,437,2024-09-06T18:51:37.556639,2022-08-12T16:54:37,1194,0,2025-11-18T11:01:31.538109,2025-12-18T11:01:31.538109,False,warned,,Druva inSync Cloud Backup,Corporate Mac Backup using Druva inSync Cloud backup.
jnuc-threat-hunting,C044AJMERAM,dormant,False,False,30,True,386,2024-10-27T19:14:24.687439,2022-09-26T17:58:03,1148,0,2025-11-18T11:01:51.186453,2025-12-18T11:01:51.186453,False,warned,,,jnuc-threat-hunting
lumos,C045Q75APF0,dormant,False,False,56,True,389,2024-10-25T09:37:11.338459,2022-10-10T21:36:21,1134,0,2025-11-18T11:02:11.439521,2025-12-18T11:02:11.439521,False,warned,,,<http://Lumos.com|Lumos.com>
oktane22,C047FV9CHCZ,dormant,False,False,43,True,492,2024-07-14T03:22:40.628559,2022-10-18T23:14:44,1126,0,2025-11-18T11:02:58.359159,2025-12-18T11:02:58.359159,False,warned,,,
information-security,C04A0S79BFU,dormant,False,False,156,True,426,2024-09-18T00:10:15.967549,2022-11-08T17:05:26,1106,0,2025-11-18T11:01:30.604676,2025-12-18T11:01:30.604676,False,warned,,Every day is a risk day! You might be looking for <#C083RF51D|> or <#C27T1MF9C|>,Infosec and GRC here!
asahi-linux,C04RALN5UAW,dormant,False,False,30,True,514,2024-06-22T06:31:36.521049,2023-02-26T08:44:28,996,0,2025-11-18T10:59:53.611706,2025-12-18T10:59:53.611706,False,warned,,,
damon-app,C04RNDK4337,dormant,False,False,55,True,445,2024-08-30T03:29:32.073079,2023-02-28T23:11:01,993,0,2025-11-18T11:00:37.782882,2025-12-18T11:00:37.782882,False,warned,,,a channel for DAMoN the application
kandji-updates,C05B1UCEBPH,dormant,False,False,156,True,427,2024-09-17T11:39:36.545759,2023-06-07T20:51:00,894,0,2025-11-18T11:01:55.624476,2025-12-18T11:01:55.624476,False,warned,,,
bravas,C05HJ1X08ER,dormant,False,False,55,True,417,2024-09-27T15:00:19.596989,2023-07-18T18:39:38,853,0,2025-11-18T11:00:13.874985,2025-12-18T11:00:13.874985,False,warned,,,Community talk about Bravas MDM and IDP
oktane23,C05SHGQ1Q72,dormant,False,False,63,True,491,2024-07-14T21:35:48.193239,2023-09-11T17:47:40,798,0,2025-11-18T11:02:58.821890,2025-12-18T11:02:58.821890,False,warned,,,
microsoftsso,C05SYSQ0M08,dormant,False,False,47,True,430,2024-09-13T18:55:58.904959,2023-09-14T04:52:06,796,0,2025-11-18T11:02:33.411090,2025-12-18T11:02:33.411090,False,warned,,,
jamfaad,C05SYSQCCN4,dormant,False,False,25,True,430,2024-09-13T22:15:39.517419,2023-09-14T04:52:16,796,0,2025-11-18T11:01:47.170868,2025-12-18T11:01:47.170868,False,warned,,,
jamf11,C05SZQ8NZHT,dormant,False,False,24,True,430,2024-09-13T22:15:02.226279,2023-09-20T03:03:52,790,0,2025-11-18T11:01:45.888085,2025-12-18T11:01:45.888085,False,warned,,JAMF 11 :desktop_computer::iphone::watch:,
jamf-remoteassist,C066W5V1NPN,dormant,False,False,37,True,430,2024-09-13T22:13:46.845759,2023-11-21T23:38:18,727,0,2025-11-18T11:01:43.763250,2025-12-18T11:01:43.763250,False,warned,,,
learning,C06CPB5JNLF,dormant,False,False,38,True,448,2024-08-27T06:42:48.438109,2024-01-09T17:26:10,678,0,2025-11-18T11:02:03.467037,2025-12-18T11:02:03.467037,False,warned,,"Admins help other Admins learn

A place to discuss topics for career enrichment, educational resources, recommendations for books, classes, video lectures, discuss career related education advice",
microsoft-defender-identity,C07P8GL3X7G,dormant,False,False,43,True,411,2024-10-03T14:49:56.684819,2024-09-27T20:06:05,416,0,2025-11-18T11:02:31.073308,2025-12-18T11:02:31.073308,False,warned,,,
bsdpy,C07MWEATX,very_old,False,False,133,True,553,2024-05-14T08:11:35.091719,2015-07-16T01:11:07,3778,0,2025-11-18T11:00:14.916570,2025-12-18T11:00:14.916570,False,warned,,A platform-independent Apple NetBoot (BSDP) service that doesn't need macOS Server to run it. <https://github.com/bruienne/bsdpy>,
autonbi,C07NZL1QR,very_old,False,False,94,True,553,2024-05-14T11:33:36.665279,2015-07-16T17:24:24,3777,0,2025-11-18T10:59:57.778497,2025-12-18T10:59:57.778497,False,warned,,https://github.com/bruienne/autonbi,Discuss all things AutoNBI - https://bitbucket.org/bruienne/autonbi/
simian,C08PWBK7Z,very_old,False,False,64,True,553,2024-05-14T08:58:19.440949,2015-08-07T17:02:02,3755,0,2025-11-18T11:03:57.709378,2025-12-18T11:03:57.709378,False,warned,,,For OS X Administrators leveraging munki on Google’s AppEngine: Simian %noarchive
xero,C0A9BK3V1,very_old,False,False,23,True,657,2024-01-31T03:51:37.883729,2015-09-08T01:13:37,3724,0,2025-11-18T11:04:55.241617,2025-12-18T11:04:55.241617,False,warned,,,For the discussion of Xero accounting software and it’s eco-system.
macpatch,C0AAWH5BL,very_old,False,False,99,True,553,2024-05-14T08:26:29.929209,2015-09-08T20:40:15,3723,0,2025-11-18T11:02:21.218624,2025-12-18T11:02:21.218624,False,warned,,,Discuss the MacPatch open source patching and software distribution tool. https://macpatch.llnl.gov
landesk,C0P8Q6NJC,very_old,False,False,60,True,553,2024-05-14T08:24:45.047929,2016-02-26T18:38:42,3552,0,2025-11-18T11:02:01.156100,2025-12-18T11:02:01.156100,False,warned,,Please join us on our new channel <#C692ANW4D|>,"A place for Mac Admins who use LANDesk to ask questions, get advice or just generally blow off steam.  No Casper allowed, LoL"
residentialsupport,C169ZE422,very_old,False,False,43,True,553,2024-05-14T08:56:34.174669,2016-05-05T05:40:25,3484,0,2025-11-18T11:03:34.430227,2025-12-18T11:03:34.430227,False,warned,,,Am I alone in focusing on Mac support in the residential market?
sierra,C2EF29YMN,very_old,False,False,158,True,580,2024-04-17T13:11:26.236249,2016-09-22T00:50:58,3344,0,2025-11-18T11:03:56.385582,2025-12-18T11:03:56.385582,False,warned,,macOS Sierra | Latest version 10.12.6 | Build 16G2136,Discuss macOS Sierra
altiris,C2QU5K491,very_old,False,False,31,True,553,2024-05-14T08:05:49.238369,2016-10-18T20:02:34,3317,0,2025-11-18T10:59:43.567487,2025-12-18T10:59:43.567487,False,warned,,,Symantec Altiris Discussions
iowa,C2U3DDTJP,very_old,False,False,40,True,697,2023-12-22T13:01:36.210259,2016-10-25T21:40:42,3310,0,2025-11-18T11:01:33.419414,2025-12-18T11:01:33.419414,False,warned,,,"People, Technology, and Services in Iowa"
macbrained_yvr,C301BC7QX,very_old,False,False,40,True,697,2023-12-22T13:01:55.347099,2016-11-07T16:52:33,3297,0,2025-11-18T11:02:16.048699,2025-12-18T11:02:16.048699,False,warned,,"Join us for EP5, 2018 - Control and Consistency in the Changing Apple Landscape. <https://www.eventbrite.com/e/macbrained-yvr-q1-meetup-sponsored-by-filewave-tickets-44202452726?ref=estw>",Vancouver macOS/iOS Admin community | Macbrained chapter
promise,C5D6PGCSC,very_old,False,False,46,True,553,2024-05-14T08:55:48.632469,2017-05-15T23:24:22,3108,0,2025-11-18T11:03:17.610597,2025-12-18T11:03:17.610597,False,warned,,,Discuss all Promise Storage Products with macOS
ev,C6BF56W8M,very_old,False,False,28,True,553,2024-05-14T08:17:00.954939,2017-07-20T14:42:30,3043,0,2025-11-18T11:00:55.978879,2025-12-18T11:00:55.978879,False,warned,,,"To talk about Electric Vehicles of all types (cars, bikes, etc.)"
nomad-pkinit,C6LBHJSMB,very_old,False,False,97,True,550,2024-05-16T22:31:36.416099,2017-08-09T14:11:07,3023,0,2025-11-18T11:02:50.081304,2025-12-18T11:02:50.081304,False,warned,,,Discussion of NoMAD with PKINIT
sequr,C6Q2KUQMU,very_old,False,False,31,True,661,2024-01-26T18:39:00.436159,2017-08-16T06:45:00,3016,0,2025-11-18T11:03:52.757636,2025-12-18T11:03:52.757636,False,warned,,,sequr.io related convos
retrospect,C7HHGNBEW,very_old,False,False,44,True,571,2024-04-26T16:32:33.824749,2017-10-12T21:41:42,2958,0,2025-11-18T11:03:36.475479,2025-12-18T11:03:36.475479,False,warned,,,Discuss the Retrospect backup product.
samacadmins,C8845CY5C,very_old,False,False,25,True,697,2023-12-22T13:06:19.641549,2017-11-29T17:28:43,2910,0,2025-11-18T11:03:44.562783,2025-12-18T11:03:44.562783,False,warned,,,San Antonio mac admins channel
command-it,C8TN9PLUE,very_old,False,False,32,True,574,2024-04-23T13:44:38.186029,2018-01-15T10:40:52,2864,0,2025-11-18T11:00:30.720169,2025-12-18T11:00:30.720169,False,warned,,<https://www.command-it.fr>,L'endroit où l'on cause de la conférence Command-iT à Poitiers le 24 mars 2018 !
uofu-mariott-tools,C8VB8DTN2,very_old,False,False,25,True,697,2023-12-22T13:06:45.850869,2018-01-17T21:38:45,2861,0,2025-11-18T11:04:36.199281,2025-12-18T11:04:36.199281,False,warned,,,"University of Utah, Marriott Library tools support and discussion"
applesus,C8VT4FSHL,very_old,False,False,33,True,553,2024-05-14T08:06:51.376959,2018-01-18T18:06:30,2860,0,2025-11-18T10:59:51.921251,2025-12-18T10:59:51.921251,False,warned,,,
offset,C9URVSPH7,very_old,False,False,25,True,657,2024-01-30T21:02:38.837599,2018-03-23T22:43:25,2796,0,2025-11-18T11:02:54.819561,2025-12-18T11:02:54.819561,False,warned,,,Support and chat about Offset
cmdm,C9WS8HX3N,very_old,False,False,43,True,553,2024-05-14T08:13:47.312379,2018-03-27T17:01:18,2792,0,2025-11-18T11:00:28.504864,2025-12-18T11:00:28.504864,False,warned,,,Discuss the concept of Configuration-Mobile Device Management
oslo,CA6C4QJP2,very_old,False,False,38,True,697,2023-12-22T13:07:57.190679,2018-04-15T15:50:46,2774,0,2025-11-18T11:03:03.159269,2025-12-18T11:03:03.159269,False,warned,,Fredagspils: 25. Mai @ Røør,Møtes fra tid til en annen? Fredagspils lissom?
siri-shortcuts,CB7EQJY8G,very_old,False,False,47,True,553,2024-05-14T08:58:24.702269,2018-06-15T09:48:11,2713,0,2025-11-18T11:03:58.143397,2025-12-18T11:03:58.143397,False,warned,,,
netsus,CBAMZLX8T,very_old,False,False,72,True,571,2024-04-26T14:21:04.831719,2018-06-20T12:58:38,2708,0,2025-11-18T11:02:47.753782,2025-12-18T11:02:47.753782,False,warned,,<https://github.com/jamf/NetSUS>,
nagios,CE9DZRJF5,very_old,False,False,26,True,553,2024-05-14T08:29:12.647659,2018-11-21T20:51:10,2553,0,2025-11-18T11:02:46.032484,2025-12-18T11:02:46.032484,False,warned,,,Nagios Monitoring System Discussion
oktane2019,CH1SSMGQ5,very_old,False,False,28,True,587,2024-04-09T20:55:58.722619,2019-03-17T20:40:59,2437,0,2025-11-18T11:02:57.538745,2025-12-18T11:02:57.538745,False,warned,,,
apple-energy-group,CH3GQDGEM,very_old,False,False,33,True,553,2024-05-14T08:06:33.164159,2019-03-27T17:35:33,2427,0,2025-11-18T10:59:49.268070,2025-12-18T10:59:49.268070,False,warned,,,
fsmonitor,CHUGW5GJJ,very_old,False,False,27,True,553,2024-05-14T08:18:27.992509,2019-04-09T20:30:47,2414,0,2025-11-18T11:01:07.401877,2025-12-18T11:01:07.401877,False,warned,,FSMonitor: <https://fsmonitor.com>,FSMonitor discussion: <https://fsmonitor.com>
kextless,CK0FTUZB4,very_old,False,False,60,True,553,2024-05-14T08:24:26.403839,2019-06-07T00:02:13,2356,0,2025-11-18T11:01:56.962638,2025-12-18T11:01:56.962638,False,warned,,,Discuss tools that use kernel extensions
girls_who_code,CKMNLMMUG,very_old,False,False,34,True,601,2024-03-26T18:54:00.282269,2019-06-17T20:33:42,2345,0,2025-11-18T11:01:13.009567,2025-12-18T11:01:13.009567,False,warned,,,"Discussing GirlsWhoCode, App Camp For Girls, etc"
psu-hackershed-hw,CKN587QV7,very_old,False,False,47,True,697,2023-12-22T13:16:58.234039,2019-06-24T16:51:55,2339,0,2025-11-18T11:03:19.836044,2025-12-18T11:03:19.836044,False,warned,,,
okta-london,CKR9Q0CCC,very_old,False,False,50,True,571,2024-04-26T15:11:27.516319,2019-06-20T22:47:18,2342,0,2025-11-18T11:02:56.658639,2025-12-18T11:02:56.658639,False,warned,,:okta:,STOP PRESS: - London meetup scheduled for October 3rd… :slightly_smiling_face: - <https://regionalevents.okta.com/ukusergroup>
jnucbottleswap,CPB829Q1G,very_old,False,False,25,True,620,2024-03-07T21:51:05.413489,2019-10-23T14:57:51,2218,0,2025-11-18T11:01:52.568580,2025-12-18T11:01:52.568580,False,warned,,,"Since we have people coming from all over the world, we have an opportunity to trade beverages to take home.  This channel will help coordinate this."
imazing_profile_editor_dev,CRB562TV2,very_old,False,False,47,True,550,2024-05-17T14:49:58.704749,2019-12-05T17:32:11,2174,0,2025-11-18T11:01:28.007678,2025-12-18T11:01:28.007678,False,warned,,,Discussion around bugs &amp; feature requests for the iMazing Profile Editor macOS app by iMazing
addigy-user-summit-2020,CUA3Y71L2,very_old,False,False,34,True,553,2024-05-14T08:05:24.624159,2020-02-28T21:19:13,2089,0,2025-11-18T10:59:39.213999,2025-12-18T10:59:39.213999,False,warned,,<https://addigy.com/summit/> and <https://addigy.com/event/addigy-user-summit-2020/>,"March 25-27, 2020"
book-managing-filevault,C010PK0SYRX,very_old,False,False,29,True,553,2024-05-14T08:11:17.085829,2020-03-29T08:20:12,2060,0,2025-11-18T11:00:10.464937,2025-12-18T11:00:10.464937,False,warned,,<https://travellingtechguy.eu/book-managing-filevault-in-macos-catalina/>,Channel to discuss questions or remark regarding the book ‘Managing FileVault in macOS 10.15 Catalina’
conf-freezing-issue,C0116QRP75M,very_old,False,False,187,True,588,2024-04-09T14:02:26.252769,2020-03-31T16:53:01,2058,0,2025-11-18T11:00:33.000347,2025-12-18T11:00:33.000347,False,warned,,"10.15.4 &amp; 2020-002 Conference Software Freezing issue. File AppleCare cases if you have updated and still have issues. If you don't have AppleCare, please file Feedback. See pinned items",10.15.4 &amp; 2020-002 Conference Software Freezing issue.
swag-n-sticker-trading,C014PGTKR0U,very_old,False,False,37,True,553,2024-05-14T08:59:31.762369,2020-05-29T15:57:03,1999,0,2025-11-18T11:04:11.364951,2025-12-18T11:04:11.364951,False,warned,,,"Post what you've got and let's get tradin'! Recipient should be awesome and offer to pay for shipping, or send a SASE, or something."
videogamedeals,C01CUFPGF0A,very_old,False,False,21,True,634,2024-02-23T08:37:20.001769,2020-10-19T03:50:09,1856,0,2025-11-18T11:04:41.840562,2025-12-18T11:04:41.840562,False,warned,,,Post great gaming deals
